strategy_id,ts,mode,action,ticker,symbol,qty,price,usd,reference_price,slippage,order_id,status,reason,entry_date,rotation_id,venue,source,contract_entry_ts,contract_entry_timestamp_policy,primed_from_rebuild_date,primed_at,entry_price_basis,price_as_of_date,price_data_stale
trisight_500_late_failed_recovery_shadow,2026-07-13T15:50:00-04:00,PAPER,BUY,HTBK,HTBK,40.1888877725,13.45,540.540540541,13.45,0,PAPER,success,rebalance_entry,2026-07-13,ts500-lfr-2026-07-13,trisight_sim,ts500_rebalance_entry,2026-07-13T15:50:00-04:00,locked_session_preclose_1545_1555_america_new_york,,,,,
trisight_500_late_failed_recovery_shadow,2026-07-13T15:50:00-04:00,PAPER,BUY,GDEN,GDEN,18.933118758,28.55,540.540540541,28.55,0,PAPER,success,rebalance_entry,2026-07-13,ts500-lfr-2026-07-13,trisight_sim,ts500_rebalance_entry,2026-07-13T15:50:00-04:00,locked_session_preclose_1545_1555_america_new_york,,,,,
trisight_500_late_failed_recovery_shadow,2026-07-13T15:50:00-04:00,PAPER,BUY,APLS,APLS,13.1742759089,41.03,540.540540541,41.03,0,PAPER,success,rebalance_entry,2026-07-13,ts500-lfr-2026-07-13,trisight_sim,ts500_rebalance_entry,2026-07-13T15:50:00-04:00,locked_session_preclose_1545_1555_america_new_york,,,,,
trisight_500_late_failed_recovery_shadow,2026-07-13T15:50:00-04:00,PAPER,BUY,MESO,MESO,33.3873094837,16.19,540.540540541,16.19,0,PAPER,success,rebalance_entry,2026-07-13,ts500-lfr-2026-07-13,trisight_sim,ts500_rebalance_entry,2026-07-13T15:50:00-04:00,locked_session_preclose_1545_1555_america_new_york,,,,,
trisight_500_late_failed_recovery_shadow,2026-07-13T15:50:00-04:00,PAPER,BUY,CTLP,CTLP,48.2625482625,11.2,540.540540541,11.2,0,PAPER,success,rebalance_entry,2026-07-13,ts500-lfr-2026-07-13,trisight_sim,ts500_rebalance_entry,2026-07-13T15:50:00-04:00,locked_session_preclose_1545_1555_america_new_york,,,,,
trisight_500_late_failed_recovery_shadow,2026-07-13T15:50:00-04:00,PAPER,BUY,CNTA,CNTA,13.3466800133,40.5,540.540540541,40.5,0,PAPER,success,rebalance_entry,2026-07-13,ts500-lfr-2026-07-13,trisight_sim,ts500_rebalance_entry,2026-07-13T15:50:00-04:00,locked_session_preclose_1545_1555_america_new_york,,,,,
trisight_500_late_failed_recovery_shadow,2026-07-13T15:50:00-04:00,PAPER,BUY,AMWD,AMWD,11.2401859127,48.09,540.540540541,48.09,0,PAPER,success,rebalance_entry,2026-07-13,ts500-lfr-2026-07-13,trisight_sim,ts500_rebalance_entry,2026-07-13T15:50:00-04:00,locked_session_preclose_1545_1555_america_new_york,,,,,
trisight_500_late_failed_recovery_shadow,2026-07-13T15:50:00-04:00,PAPER,BUY,CUK,CUK,19.6774860044,27.47,540.540540541,27.47,0,PAPER,success,rebalance_entry,2026-07-13,ts500-lfr-2026-07-13,trisight_sim,ts500_rebalance_entry,2026-07-13T15:50:00-04:00,locked_session_preclose_1545_1555_america_new_york,,,,,
trisight_500_late_failed_recovery_shadow,2026-07-13T15:50:00-04:00,PAPER,BUY,LEVI,LEVI,21.9731927049,24.6,540.540540541,24.6,0,PAPER,success,rebalance_entry,2026-07-13,ts500-lfr-2026-07-13,trisight_sim,ts500_rebalance_entry,2026-07-13T15:50:00-04:00,locked_session_preclose_1545_1555_america_new_york,,,,,
trisight_500_late_failed_recovery_shadow,2026-07-13T15:50:00-04:00,PAPER,BUY,ACLX,ACLX,4.69749318276,115.07,540.540540541,115.07,0,PAPER,success,rebalance_entry,2026-07-13,ts500-lfr-2026-07-13,trisight_sim,ts500_rebalance_entry,2026-07-13T15:50:00-04:00,locked_session_preclose_1545_1555_america_new_york,,,,,
trisight_500_late_failed_recovery_shadow,2026-07-13T15:50:00-04:00,PAPER,BUY,PRA,PRA,21.6216216216,25,540.540540541,25,0,PAPER,success,rebalance_entry,2026-07-13,ts500-lfr-2026-07-13,trisight_sim,ts500_rebalance_entry,2026-07-13T15:50:00-04:00,locked_session_preclose_1545_1555_america_new_york,,,,,
trisight_500_late_failed_recovery_shadow,2026-07-13T15:50:00-04:00,PAPER,BUY,BZH,BZH,16.9767757707,31.84,540.540540541,31.84,0,PAPER,success,rebalance_entry,2026-07-13,ts500-lfr-2026-07-13,trisight_sim,ts500_rebalance_entry,2026-07-13T15:50:00-04:00,locked_session_preclose_1545_1555_america_new_york,,,,,
trisight_500_late_failed_recovery_shadow,2026-07-13T15:50:00-04:00,PAPER,BUY,KFRC,KFRC,9.76674569592,55.345,540.540540541,55.345,0,PAPER,success,rebalance_entry,2026-07-13,ts500-lfr-2026-07-13,trisight_sim,ts500_rebalance_entry,2026-07-13T15:50:00-04:00,locked_session_preclose_1545_1555_america_new_york,,,,,
trisight_500_late_failed_recovery_shadow,2026-07-13T15:50:00-04:00,PAPER,BUY,CWAN,CWAN,22.0089796637,24.56,540.540540541,24.56,0,PAPER,success,rebalance_entry,2026-07-13,ts500-lfr-2026-07-13,trisight_sim,ts500_rebalance_entry,2026-07-13T15:50:00-04:00,locked_session_preclose_1545_1555_america_new_york,,,,,
trisight_500_late_failed_recovery_shadow,2026-07-13T15:50:00-04:00,PAPER,BUY,QGEN,QGEN,13.0047044518,41.565,540.540540541,41.565,0,PAPER,success,rebalance_entry,2026-07-13,ts500-lfr-2026-07-13,trisight_sim,ts500_rebalance_entry,2026-07-13T15:50:00-04:00,locked_session_preclose_1545_1555_america_new_york,,,,,
trisight_500_late_failed_recovery_shadow,2026-07-13T15:50:00-04:00,PAPER,BUY,CTRA,CTRA,16.6013679527,32.56,540.540540541,32.56,0,PAPER,success,rebalance_entry,2026-07-13,ts500-lfr-2026-07-13,trisight_sim,ts500_rebalance_entry,2026-07-13T15:50:00-04:00,locked_session_preclose_1545_1555_america_new_york,,,,,
trisight_500_late_failed_recovery_shadow,2026-07-13T15:50:00-04:00,PAPER,BUY,VRE,VRE,28.4644834408,18.99,540.540540541,18.99,0,PAPER,success,rebalance_entry,2026-07-13,ts500-lfr-2026-07-13,trisight_sim,ts500_rebalance_entry,2026-07-13T15:50:00-04:00,locked_session_preclose_1545_1555_america_new_york,,,,,
trisight_500_late_failed_recovery_shadow,2026-07-13T15:50:00-04:00,PAPER,BUY,HELE,HELE,19.0465306744,28.38,540.540540541,28.38,0,PAPER,success,rebalance_entry,2026-07-13,ts500-lfr-2026-07-13,trisight_sim,ts500_rebalance_entry,2026-07-13T15:50:00-04:00,locked_session_preclose_1545_1555_america_new_york,,,,,
trisight_500_late_failed_recovery_shadow,2026-07-13T15:50:00-04:00,PAPER,BUY,META,META,0.821072160132,658.335,540.540540541,658.335,0,PAPER,success,rebalance_entry,2026-07-13,ts500-lfr-2026-07-13,trisight_sim,ts500_rebalance_entry,2026-07-13T15:50:00-04:00,locked_session_preclose_1545_1555_america_new_york,,,,,
trisight_500_late_failed_recovery_shadow,2026-07-13T15:50:00-04:00,PAPER,BUY,KC,KC,51.4066134608,10.515,540.540540541,10.515,0,PAPER,success,rebalance_entry,2026-07-13,ts500-lfr-2026-07-13,trisight_sim,ts500_rebalance_entry,2026-07-13T15:50:00-04:00,locked_session_preclose_1545_1555_america_new_york,,,,,
trisight_500_late_failed_recovery_shadow,2026-07-13T15:50:00-04:00,PAPER,BUY,VSCO,VSCO,9.9547060873,54.3,540.540540541,54.3,0,PAPER,success,rebalance_entry,2026-07-13,ts500-lfr-2026-07-13,trisight_sim,ts500_rebalance_entry,2026-07-13T15:50:00-04:00,locked_session_preclose_1545_1555_america_new_york,,,,,
trisight_500_late_failed_recovery_shadow,2026-07-13T15:50:00-04:00,PAPER,BUY,SE,SE,4.7064914283,114.85,540.540540541,114.85,0,PAPER,success,rebalance_entry,2026-07-13,ts500-lfr-2026-07-13,trisight_sim,ts500_rebalance_entry,2026-07-13T15:50:00-04:00,locked_session_preclose_1545_1555_america_new_york,,,,,
trisight_500_late_failed_recovery_shadow,2026-07-13T15:50:00-04:00,PAPER,BUY,RYAAY,RYAAY,8.50307598774,63.57,540.540540541,63.57,0,PAPER,success,rebalance_entry,2026-07-13,ts500-lfr-2026-07-13,trisight_sim,ts500_rebalance_entry,2026-07-13T15:50:00-04:00,locked_session_preclose_1545_1555_america_new_york,,,,,
trisight_500_late_failed_recovery_shadow,2026-07-13T15:50:00-04:00,PAPER,BUY,SMPL,SMPL,40.4899281304,13.35,540.540540541,13.35,0,PAPER,success,rebalance_entry,2026-07-13,ts500-lfr-2026-07-13,trisight_sim,ts500_rebalance_entry,2026-07-13T15:50:00-04:00,locked_session_preclose_1545_1555_america_new_york,,,,,
trisight_500_late_failed_recovery_shadow,2026-07-13T15:50:00-04:00,PAPER,BUY,CSGS,CSGS,6.6989780709,80.69,540.540540541,80.69,0,PAPER,success,rebalance_entry,2026-07-13,ts500-lfr-2026-07-13,trisight_sim,ts500_rebalance_entry,2026-07-13T15:50:00-04:00,locked_session_preclose_1545_1555_america_new_york,,,,,
trisight_500_late_failed_recovery_shadow,2026-07-13T15:50:00-04:00,PAPER,BUY,GMAB,GMAB,18.7297484595,28.86,540.540540541,28.86,0,PAPER,success,rebalance_entry,2026-07-13,ts500-lfr-2026-07-13,trisight_sim,ts500_rebalance_entry,2026-07-13T15:50:00-04:00,locked_session_preclose_1545_1555_america_new_york,,,,,
trisight_500_late_failed_recovery_shadow,2026-07-13T15:50:00-04:00,PAPER,BUY,BBIO,BBIO,6.52905593116,82.79,540.540540541,82.79,0,PAPER,success,rebalance_entry,2026-07-13,ts500-lfr-2026-07-13,trisight_sim,ts500_rebalance_entry,2026-07-13T15:50:00-04:00,locked_session_preclose_1545_1555_america_new_york,,,,,
trisight_500_late_failed_recovery_shadow,2026-07-13T15:50:00-04:00,PAPER,BUY,BRZE,BRZE,20.8662629045,25.905,540.540540541,25.905,0,PAPER,success,rebalance_entry,2026-07-13,ts500-lfr-2026-07-13,trisight_sim,ts500_rebalance_entry,2026-07-13T15:50:00-04:00,locked_session_preclose_1545_1555_america_new_york,,,,,
trisight_500_late_failed_recovery_shadow,2026-07-13T15:50:00-04:00,PAPER,BUY,SILA,SILA,17.8043656305,30.36,540.540540541,30.36,0,PAPER,success,rebalance_entry,2026-07-13,ts500-lfr-2026-07-13,trisight_sim,ts500_rebalance_entry,2026-07-13T15:50:00-04:00,locked_session_preclose_1545_1555_america_new_york,,,,,
trisight_500_late_failed_recovery_shadow,2026-07-13T15:50:00-04:00,PAPER,BUY,SCVL,SCVL,31.0120792049,17.43,540.540540541,17.43,0,PAPER,success,rebalance_entry,2026-07-13,ts500-lfr-2026-07-13,trisight_sim,ts500_rebalance_entry,2026-07-13T15:50:00-04:00,locked_session_preclose_1545_1555_america_new_york,,,,,
trisight_500_late_failed_recovery_shadow,2026-07-13T15:50:00-04:00,PAPER,BUY,CINF,CINF,2.96975820971,182.015,540.540540541,182.015,0,PAPER,success,rebalance_entry,2026-07-13,ts500-lfr-2026-07-13,trisight_sim,ts500_rebalance_entry,2026-07-13T15:50:00-04:00,locked_session_preclose_1545_1555_america_new_york,,,,,
trisight_500_late_failed_recovery_shadow,2026-07-13T15:50:00-04:00,PAPER,BUY,NU,NU,39.4123616872,13.715,540.540540541,13.715,0,PAPER,success,rebalance_entry,2026-07-13,ts500-lfr-2026-07-13,trisight_sim,ts500_rebalance_entry,2026-07-13T15:50:00-04:00,locked_session_preclose_1545_1555_america_new_york,,,,,
trisight_500_late_failed_recovery_shadow,2026-07-13T15:50:00-04:00,PAPER,BUY,LC,LC,28.1384976856,19.21,540.540540541,19.21,0,PAPER,success,rebalance_entry,2026-07-13,ts500-lfr-2026-07-13,trisight_sim,ts500_rebalance_entry,2026-07-13T15:50:00-04:00,locked_session_preclose_1545_1555_america_new_york,,,,,
trisight_500_late_failed_recovery_shadow,2026-07-13T15:50:00-04:00,PAPER,BUY,FIG,FIG,24.2633142207,22.2781,540.540540541,22.2781,0,PAPER,success,rebalance_entry,2026-07-13,ts500-lfr-2026-07-13,trisight_sim,ts500_rebalance_entry,2026-07-13T15:50:00-04:00,locked_session_preclose_1545_1555_america_new_york,,,,,
trisight_500_late_failed_recovery_shadow,2026-07-13T15:50:00-04:00,PAPER,BUY,PARR,PARR,7.70483694254,70.156,540.540540541,70.156,0,PAPER,success,rebalance_entry,2026-07-13,ts500-lfr-2026-07-13,trisight_sim,ts500_rebalance_entry,2026-07-13T15:50:00-04:00,locked_session_preclose_1545_1555_america_new_york,,,,,
trisight_500_late_failed_recovery_shadow,2026-07-13T15:50:00-04:00,PAPER,BUY,GSHD,GSHD,9.92910618186,54.44,540.540540541,54.44,0,PAPER,success,rebalance_entry,2026-07-13,ts500-lfr-2026-07-13,trisight_sim,ts500_rebalance_entry,2026-07-13T15:50:00-04:00,locked_session_preclose_1545_1555_america_new_york,,,,,
trisight_500_late_failed_recovery_shadow,2026-07-13T15:50:00-04:00,PAPER,BUY,REZI,REZI,15.9310504138,33.93,540.540540541,33.93,0,PAPER,success,rebalance_entry,2026-07-13,ts500-lfr-2026-07-13,trisight_sim,ts500_rebalance_entry,2026-07-13T15:50:00-04:00,locked_session_preclose_1545_1555_america_new_york,,,,,
trisight_500_late_failed_recovery_shadow,2026-07-13T15:50:00-04:00,PAPER,BUY,SEM,SEM,32.7401902205,16.51,540.540540541,16.51,0,PAPER,success,rebalance_entry,2026-07-13,ts500-lfr-2026-07-13,trisight_sim,ts500_rebalance_entry,2026-07-13T15:50:00-04:00,locked_session_preclose_1545_1555_america_new_york,,,,,
trisight_500_late_failed_recovery_shadow,2026-07-13T15:50:00-04:00,PAPER,BUY,ASGN,ASGN,27.6774470323,19.53,540.540540541,19.53,0,PAPER,success,rebalance_entry,2026-07-13,ts500-lfr-2026-07-13,trisight_sim,ts500_rebalance_entry,2026-07-13T15:50:00-04:00,locked_session_preclose_1545_1555_america_new_york,,,,,
trisight_500_late_failed_recovery_shadow,2026-07-13T15:50:00-04:00,PAPER,BUY,FFIC,FFIC,34.9412114118,15.47,540.540540541,15.47,0,PAPER,success,rebalance_entry,2026-07-13,ts500-lfr-2026-07-13,trisight_sim,ts500_rebalance_entry,2026-07-13T15:50:00-04:00,locked_session_preclose_1545_1555_america_new_york,,,,,
trisight_500_late_failed_recovery_shadow,2026-07-13T15:50:00-04:00,PAPER,BUY,EAT,EAT,2.87751152803,187.85,540.540540541,187.85,0,PAPER,success,rebalance_entry,2026-07-13,ts500-lfr-2026-07-13,trisight_sim,ts500_rebalance_entry,2026-07-13T15:50:00-04:00,locked_session_preclose_1545_1555_america_new_york,,,,,
trisight_500_late_failed_recovery_shadow,2026-07-13T15:50:00-04:00,PAPER,BUY,CLMT,CLMT,13.330222948,40.55,540.540540541,40.55,0,PAPER,success,rebalance_entry,2026-07-13,ts500-lfr-2026-07-13,trisight_sim,ts500_rebalance_entry,2026-07-13T15:50:00-04:00,locked_session_preclose_1545_1555_america_new_york,,,,,
trisight_500_late_failed_recovery_shadow,2026-07-13T15:50:00-04:00,PAPER,BUY,VOD,VOD,35.2603092329,15.33,540.540540541,15.33,0,PAPER,success,rebalance_entry,2026-07-13,ts500-lfr-2026-07-13,trisight_sim,ts500_rebalance_entry,2026-07-13T15:50:00-04:00,locked_session_preclose_1545_1555_america_new_york,,,,,
trisight_500_late_failed_recovery_shadow,2026-07-13T15:50:00-04:00,PAPER,BUY,DINO,DINO,6.67993747579,80.92,540.540540541,80.92,0,PAPER,success,rebalance_entry,2026-07-13,ts500-lfr-2026-07-13,trisight_sim,ts500_rebalance_entry,2026-07-13T15:50:00-04:00,locked_session_preclose_1545_1555_america_new_york,,,,,
trisight_500_late_failed_recovery_shadow,2026-07-13T15:50:00-04:00,PAPER,BUY,NIQ,NIQ,46.6385280881,11.59,540.540540541,11.59,0,PAPER,success,rebalance_entry,2026-07-13,ts500-lfr-2026-07-13,trisight_sim,ts500_rebalance_entry,2026-07-13T15:50:00-04:00,locked_session_preclose_1545_1555_america_new_york,,,,,
trisight_500_late_failed_recovery_shadow,2026-07-13T15:50:00-04:00,PAPER,BUY,MTN,MTN,3.56275072858,151.72,540.540540541,151.72,0,PAPER,success,rebalance_entry,2026-07-13,ts500-lfr-2026-07-13,trisight_sim,ts500_rebalance_entry,2026-07-13T15:50:00-04:00,locked_session_preclose_1545_1555_america_new_york,,,,,
trisight_500_late_failed_recovery_shadow,2026-07-13T15:50:00-04:00,PAPER,BUY,SLNO,SLNO,10.1969541698,53.01,540.540540541,53.01,0,PAPER,success,rebalance_entry,2026-07-13,ts500-lfr-2026-07-13,trisight_sim,ts500_rebalance_entry,2026-07-13T15:50:00-04:00,locked_session_preclose_1545_1555_america_new_york,,,,,
trisight_500_late_failed_recovery_shadow,2026-07-13T15:50:00-04:00,PAPER,BUY,PBF,PBF,9.50987845757,56.8399,540.540540541,56.8399,0,PAPER,success,rebalance_entry,2026-07-13,ts500-lfr-2026-07-13,trisight_sim,ts500_rebalance_entry,2026-07-13T15:50:00-04:00,locked_session_preclose_1545_1555_america_new_york,,,,,
trisight_500_late_failed_recovery_shadow,2026-07-13T15:50:00-04:00,PAPER,BUY,MAN,MAN,13.503385974,40.03,540.540540541,40.03,0,PAPER,success,rebalance_entry,2026-07-13,ts500-lfr-2026-07-13,trisight_sim,ts500_rebalance_entry,2026-07-13T15:50:00-04:00,locked_session_preclose_1545_1555_america_new_york,,,,,
trisight_500_late_failed_recovery_shadow,2026-07-13T15:50:00-04:00,PAPER,BUY,ZLAB,ZLAB,27.027027027,20,540.540540541,20,0,PAPER,success,rebalance_entry,2026-07-13,ts500-lfr-2026-07-13,trisight_sim,ts500_rebalance_entry,2026-07-13T15:50:00-04:00,locked_session_preclose_1545_1555_america_new_york,,,,,
trisight_500_late_failed_recovery_shadow,2026-07-13T15:50:00-04:00,PAPER,BUY,PBR,PBR,10.1139590334,17.815,180.18018018,17.815,0,PAPER,success,rebalance_entry,2026-07-13,ts500-lfr-2026-07-13,trisight_sim,ts500_rebalance_entry,2026-07-13T15:50:00-04:00,locked_session_preclose_1545_1555_america_new_york,,,,,
trisight_500_late_failed_recovery_shadow,2026-07-13T15:50:00-04:00,PAPER,BUY,XRAY,XRAY,14.2773518368,12.62,180.18018018,12.62,0,PAPER,success,rebalance_entry,2026-07-13,ts500-lfr-2026-07-13,trisight_sim,ts500_rebalance_entry,2026-07-13T15:50:00-04:00,locked_session_preclose_1545_1555_america_new_york,,,,,
trisight_500_late_failed_recovery_shadow,2026-07-13T15:50:00-04:00,PAPER,BUY,MASI,MASI,1.00127913409,179.95,180.18018018,179.95,0,PAPER,success,rebalance_entry,2026-07-13,ts500-lfr-2026-07-13,trisight_sim,ts500_rebalance_entry,2026-07-13T15:50:00-04:00,locked_session_preclose_1545_1555_america_new_york,,,,,
trisight_500_late_failed_recovery_shadow,2026-07-13T15:50:00-04:00,PAPER,BUY,RIVN,RIVN,10.3940109709,17.335,180.18018018,17.335,0,PAPER,success,rebalance_entry,2026-07-13,ts500-lfr-2026-07-13,trisight_sim,ts500_rebalance_entry,2026-07-13T15:50:00-04:00,locked_session_preclose_1545_1555_america_new_york,,,,,
trisight_500_late_failed_recovery_shadow,2026-07-13T15:50:00-04:00,PAPER,BUY,XP,XP,10.92001092,16.5,180.18018018,16.5,0,PAPER,success,rebalance_entry,2026-07-13,ts500-lfr-2026-07-13,trisight_sim,ts500_rebalance_entry,2026-07-13T15:50:00-04:00,locked_session_preclose_1545_1555_america_new_york,,,,,
trisight_500_late_failed_recovery_shadow,2026-07-13T15:50:00-04:00,PAPER,BUY,ZETA,ZETA,8.0816407347,22.295,180.18018018,22.295,0,PAPER,success,rebalance_entry,2026-07-13,ts500-lfr-2026-07-13,trisight_sim,ts500_rebalance_entry,2026-07-13T15:50:00-04:00,locked_session_preclose_1545_1555_america_new_york,,,,,
trisight_500_late_failed_recovery_shadow,2026-07-13T15:50:00-04:00,PAPER,BUY,TOST,TOST,5.98207769523,30.12,180.18018018,30.12,0,PAPER,success,rebalance_entry,2026-07-13,ts500-lfr-2026-07-13,trisight_sim,ts500_rebalance_entry,2026-07-13T15:50:00-04:00,locked_session_preclose_1545_1555_america_new_york,,,,,
trisight_500_late_failed_recovery_shadow,2026-07-13T15:50:00-04:00,PAPER,BUY,PATH,PATH,15.1475561312,11.895,180.18018018,11.895,0,PAPER,success,rebalance_entry,2026-07-13,ts500-lfr-2026-07-13,trisight_sim,ts500_rebalance_entry,2026-07-13T15:50:00-04:00,locked_session_preclose_1545_1555_america_new_york,,,,,
trisight_500_late_failed_recovery_shadow,2026-07-13T15:50:00-04:00,PAPER,BUY,MPC,MPC,0.609953216588,295.4,180.18018018,295.4,0,PAPER,success,rebalance_entry,2026-07-13,ts500-lfr-2026-07-13,trisight_sim,ts500_rebalance_entry,2026-07-13T15:50:00-04:00,locked_session_preclose_1545_1555_america_new_york,,,,,
trisight_500_late_failed_recovery_shadow,2026-07-13T15:50:00-04:00,PAPER,BUY,SN,SN,1.17726350983,153.05,180.18018018,153.05,0,PAPER,success,rebalance_entry,2026-07-13,ts500-lfr-2026-07-13,trisight_sim,ts500_rebalance_entry,2026-07-13T15:50:00-04:00,locked_session_preclose_1545_1555_america_new_york,,,,,
trisight_500_late_failed_recovery_shadow,2026-07-13T15:50:00-04:00,PAPER,BUY,EDU,EDU,3.66667033334,49.14,180.18018018,49.14,0,PAPER,success,rebalance_entry,2026-07-13,ts500-lfr-2026-07-13,trisight_sim,ts500_rebalance_entry,2026-07-13T15:50:00-04:00,locked_session_preclose_1545_1555_america_new_york,,,,,
trisight_500_late_failed_recovery_shadow,2026-07-13T15:50:00-04:00,PAPER,BUY,HRB,HRB,4.39142530295,41.03,180.18018018,41.03,0,PAPER,success,rebalance_entry,2026-07-13,ts500-lfr-2026-07-13,trisight_sim,ts500_rebalance_entry,2026-07-13T15:50:00-04:00,locked_session_preclose_1545_1555_america_new_york,,,,,
trisight_500_late_failed_recovery_shadow,2026-07-13T15:50:00-04:00,PAPER,BUY,CBZ,CBZ,4.55575676815,39.55,180.18018018,39.55,0,PAPER,success,rebalance_entry,2026-07-13,ts500-lfr-2026-07-13,trisight_sim,ts500_rebalance_entry,2026-07-13T15:50:00-04:00,locked_session_preclose_1545_1555_america_new_york,,,,,
trisight_500_late_failed_recovery_shadow,2026-07-13T15:50:00-04:00,PAPER,BUY,OMDA,OMDA,7.54523367589,23.88,180.18018018,23.88,0,PAPER,success,rebalance_entry,2026-07-13,ts500-lfr-2026-07-13,trisight_sim,ts500_rebalance_entry,2026-07-13T15:50:00-04:00,locked_session_preclose_1545_1555_america_new_york,,,,,
trisight_500_late_failed_recovery_shadow,2026-07-13T15:50:00-04:00,PAPER,BUY,BWLP,BWLP,8.92865114867,20.18,180.18018018,20.18,0,PAPER,success,rebalance_entry,2026-07-13,ts500-lfr-2026-07-13,trisight_sim,ts500_rebalance_entry,2026-07-13T15:50:00-04:00,locked_session_preclose_1545_1555_america_new_york,,,,,
trisight_500_late_failed_recovery_shadow,2026-07-13T15:50:00-04:00,PAPER,BUY,FA,FA,8.75085867801,20.59,180.18018018,20.59,0,PAPER,success,rebalance_entry,2026-07-13,ts500-lfr-2026-07-13,trisight_sim,ts500_rebalance_entry,2026-07-13T15:50:00-04:00,locked_session_preclose_1545_1555_america_new_york,,,,,
trisight_500_late_failed_recovery_shadow,2026-07-13T15:50:00-04:00,PAPER,BUY,EPAC,EPAC,5.15906027717,34.925,180.18018018,34.925,0,PAPER,success,rebalance_entry,2026-07-13,ts500-lfr-2026-07-13,trisight_sim,ts500_rebalance_entry,2026-07-13T15:50:00-04:00,locked_session_preclose_1545_1555_america_new_york,,,,,
trisight_500_late_failed_recovery_shadow,2026-07-13T15:50:00-04:00,PAPER,BUY,ENOV,ENOV,6.77496447378,26.595,180.18018018,26.595,0,PAPER,success,rebalance_entry,2026-07-13,ts500-lfr-2026-07-13,trisight_sim,ts500_rebalance_entry,2026-07-13T15:50:00-04:00,locked_session_preclose_1545_1555_america_new_york,,,,,
trisight_500_late_failed_recovery_shadow,2026-07-13T15:50:00-04:00,PAPER,BUY,WDAY,WDAY,1.25789011575,143.24,180.18018018,143.24,0,PAPER,success,rebalance_entry,2026-07-13,ts500-lfr-2026-07-13,trisight_sim,ts500_rebalance_entry,2026-07-13T15:50:00-04:00,locked_session_preclose_1545_1555_america_new_york,,,,,
trisight_500_late_failed_recovery_shadow,2026-07-13T15:50:00-04:00,PAPER,BUY,BABA,BABA,1.59451486885,113,180.18018018,113,0,PAPER,success,rebalance_entry,2026-07-13,ts500-lfr-2026-07-13,trisight_sim,ts500_rebalance_entry,2026-07-13T15:50:00-04:00,locked_session_preclose_1545_1555_america_new_york,,,,,
trisight_500_late_failed_recovery_shadow,2026-07-13T15:50:00-04:00,PAPER,BUY,RNG,RNG,4.25203965027,42.375,180.18018018,42.375,0,PAPER,success,rebalance_entry,2026-07-13,ts500-lfr-2026-07-13,trisight_sim,ts500_rebalance_entry,2026-07-13T15:50:00-04:00,locked_session_preclose_1545_1555_america_new_york,,,,,
trisight_500_late_failed_recovery_shadow,2026-07-13T15:50:00-04:00,PAPER,BUY,PHAT,PHAT,16.1741633914,11.14,180.18018018,11.14,0,PAPER,success,rebalance_entry,2026-07-13,ts500-lfr-2026-07-13,trisight_sim,ts500_rebalance_entry,2026-07-13T15:50:00-04:00,locked_session_preclose_1545_1555_america_new_york,,,,,
trisight_500_late_failed_recovery_shadow,2026-07-13T15:50:00-04:00,PAPER,BUY,TRI,TRI,1.94663116011,92.56,180.18018018,92.56,0,PAPER,success,rebalance_entry,2026-07-13,ts500-lfr-2026-07-13,trisight_sim,ts500_rebalance_entry,2026-07-13T15:50:00-04:00,locked_session_preclose_1545_1555_america_new_york,,,,,
trisight_500_late_failed_recovery_shadow,2026-07-13T15:50:00-04:00,PAPER,BUY,DLO,DLO,11.9522507582,15.075,180.18018018,15.075,0,PAPER,success,rebalance_entry,2026-07-13,ts500-lfr-2026-07-13,trisight_sim,ts500_rebalance_entry,2026-07-13T15:50:00-04:00,locked_session_preclose_1545_1555_america_new_york,,,,,
trisight_500_late_failed_recovery_shadow,2026-07-13T15:50:00-04:00,PAPER,BUY,SIBN,SIBN,10.0434883044,17.94,180.18018018,17.94,0,PAPER,success,rebalance_entry,2026-07-13,ts500-lfr-2026-07-13,trisight_sim,ts500_rebalance_entry,2026-07-13T15:50:00-04:00,locked_session_preclose_1545_1555_america_new_york,,,,,
trisight_500_late_failed_recovery_shadow,2026-07-13T15:50:00-04:00,PAPER,BUY,RSI,RSI,5.30722180207,33.95,180.18018018,33.95,0,PAPER,success,rebalance_entry,2026-07-13,ts500-lfr-2026-07-13,trisight_sim,ts500_rebalance_entry,2026-07-13T15:50:00-04:00,locked_session_preclose_1545_1555_america_new_york,,,,,
trisight_500_late_failed_recovery_shadow,2026-07-13T15:50:00-04:00,PAPER,BUY,CAKE,CAKE,2.17735662765,82.7518,180.18018018,82.7518,0,PAPER,success,rebalance_entry,2026-07-13,ts500-lfr-2026-07-13,trisight_sim,ts500_rebalance_entry,2026-07-13T15:50:00-04:00,locked_session_preclose_1545_1555_america_new_york,,,,,
trisight_500_late_failed_recovery_shadow,2026-07-13T15:50:00-04:00,PAPER,BUY,NET,NET,0.656992452799,274.25,180.18018018,274.25,0,PAPER,success,rebalance_entry,2026-07-13,ts500-lfr-2026-07-13,trisight_sim,ts500_rebalance_entry,2026-07-13T15:50:00-04:00,locked_session_preclose_1545_1555_america_new_york,,,,,
trisight_500_late_failed_recovery_shadow,2026-07-13T15:50:00-04:00,PAPER,BUY,TPH,TPH,3.83770351821,46.95,180.18018018,46.95,0,PAPER,success,rebalance_entry,2026-07-13,ts500-lfr-2026-07-13,trisight_sim,ts500_rebalance_entry,2026-07-13T15:50:00-04:00,locked_session_preclose_1545_1555_america_new_york,,,,,
trisight_500_late_failed_recovery_shadow,2026-07-13T15:50:00-04:00,PAPER,BUY,CMG,CMG,4.95886005725,36.335,180.18018018,36.335,0,PAPER,success,rebalance_entry,2026-07-13,ts500-lfr-2026-07-13,trisight_sim,ts500_rebalance_entry,2026-07-13T15:50:00-04:00,locked_session_preclose_1545_1555_america_new_york,,,,,
trisight_500_late_failed_recovery_shadow,2026-07-13T15:50:00-04:00,PAPER,BUY,GNK,GNK,7.03966322251,25.595,180.18018018,25.595,0,PAPER,success,rebalance_entry,2026-07-13,ts500-lfr-2026-07-13,trisight_sim,ts500_rebalance_entry,2026-07-13T15:50:00-04:00,locked_session_preclose_1545_1555_america_new_york,,,,,
trisight_500_late_failed_recovery_shadow,2026-07-13T15:50:00-04:00,PAPER,BUY,VLO,VLO,0.618516975662,291.31,180.18018018,291.31,0,PAPER,success,rebalance_entry,2026-07-13,ts500-lfr-2026-07-13,trisight_sim,ts500_rebalance_entry,2026-07-13T15:50:00-04:00,locked_session_preclose_1545_1555_america_new_york,,,,,
trisight_500_late_failed_recovery_shadow,2026-07-13T15:50:00-04:00,PAPER,BUY,SBH,SBH,11.7381224873,15.35,180.18018018,15.35,0,PAPER,success,rebalance_entry,2026-07-13,ts500-lfr-2026-07-13,trisight_sim,ts500_rebalance_entry,2026-07-13T15:50:00-04:00,locked_session_preclose_1545_1555_america_new_york,,,,,
trisight_500_late_failed_recovery_shadow,2026-07-13T15:50:00-04:00,PAPER,BUY,QDEL,QDEL,9.81373530393,18.36,180.18018018,18.36,0,PAPER,success,rebalance_entry,2026-07-13,ts500-lfr-2026-07-13,trisight_sim,ts500_rebalance_entry,2026-07-13T15:50:00-04:00,locked_session_preclose_1545_1555_america_new_york,,,,,
trisight_500_late_failed_recovery_shadow,2026-07-13T15:50:00-04:00,PAPER,BUY,IONS,IONS,3.17190705361,56.805,180.18018018,56.805,0,PAPER,success,rebalance_entry,2026-07-13,ts500-lfr-2026-07-13,trisight_sim,ts500_rebalance_entry,2026-07-13T15:50:00-04:00,locked_session_preclose_1545_1555_america_new_york,,,,,
trisight_500_late_failed_recovery_shadow,2026-07-13T15:50:00-04:00,PAPER,BUY,WKC,WKC,5.01057230757,35.96,180.18018018,35.96,0,PAPER,success,rebalance_entry,2026-07-13,ts500-lfr-2026-07-13,trisight_sim,ts500_rebalance_entry,2026-07-13T15:50:00-04:00,locked_session_preclose_1545_1555_america_new_york,,,,,
trisight_500_late_failed_recovery_shadow,2026-07-13T15:50:00-04:00,PAPER,BUY,JXN,JXN,1.51654052841,118.81,180.18018018,118.81,0,PAPER,success,rebalance_entry,2026-07-13,ts500-lfr-2026-07-13,trisight_sim,ts500_rebalance_entry,2026-07-13T15:50:00-04:00,locked_session_preclose_1545_1555_america_new_york,,,,,
trisight_500_late_failed_recovery_shadow,2026-07-13T15:50:00-04:00,PAPER,BUY,LNC,LNC,4.43684265403,40.61,180.18018018,40.61,0,PAPER,success,rebalance_entry,2026-07-13,ts500-lfr-2026-07-13,trisight_sim,ts500_rebalance_entry,2026-07-13T15:50:00-04:00,locked_session_preclose_1545_1555_america_new_york,,,,,
trisight_500_late_failed_recovery_shadow,2026-07-13T15:50:00-04:00,PAPER,BUY,PCTY,PCTY,1.47664464989,122.02,180.18018018,122.02,0,PAPER,success,rebalance_entry,2026-07-13,ts500-lfr-2026-07-13,trisight_sim,ts500_rebalance_entry,2026-07-13T15:50:00-04:00,locked_session_preclose_1545_1555_america_new_york,,,,,
trisight_500_late_failed_recovery_shadow,2026-07-13T15:50:00-04:00,PAPER,BUY,GPRE,GPRE,10.2901302216,17.51,180.18018018,17.51,0,PAPER,success,rebalance_entry,2026-07-13,ts500-lfr-2026-07-13,trisight_sim,ts500_rebalance_entry,2026-07-13T15:50:00-04:00,locked_session_preclose_1545_1555_america_new_york,,,,,
trisight_500_late_failed_recovery_shadow,2026-07-13T15:50:00-04:00,PAPER,BUY,OII,OII,4.1732525809,43.175,180.18018018,43.175,0,PAPER,success,rebalance_entry,2026-07-13,ts500-lfr-2026-07-13,trisight_sim,ts500_rebalance_entry,2026-07-13T15:50:00-04:00,locked_session_preclose_1545_1555_america_new_york,,,,,
trisight_500_late_failed_recovery_shadow,2026-07-13T15:50:00-04:00,PAPER,BUY,BJRI,BJRI,2.86136541496,62.97,180.18018018,62.97,0,PAPER,success,rebalance_entry,2026-07-13,ts500-lfr-2026-07-13,trisight_sim,ts500_rebalance_entry,2026-07-13T15:50:00-04:00,locked_session_preclose_1545_1555_america_new_york,,,,,
trisight_500_late_failed_recovery_shadow,2026-07-13T15:50:00-04:00,PAPER,BUY,PAY,PAY,6.25299948569,28.815,180.18018018,28.815,0,PAPER,success,rebalance_entry,2026-07-13,ts500-lfr-2026-07-13,trisight_sim,ts500_rebalance_entry,2026-07-13T15:50:00-04:00,locked_session_preclose_1545_1555_america_new_york,,,,,
trisight_500_late_failed_recovery_shadow,2026-07-13T15:50:00-04:00,PAPER,BUY,DK,DK,3.11649537629,57.815,180.18018018,57.815,0,PAPER,success,rebalance_entry,2026-07-13,ts500-lfr-2026-07-13,trisight_sim,ts500_rebalance_entry,2026-07-13T15:50:00-04:00,locked_session_preclose_1545_1555_america_new_york,,,,,
trisight_500_late_failed_recovery_shadow,2026-07-13T15:50:00-04:00,PAPER,BUY,UPBD,UPBD,8.42751076614,21.38,180.18018018,21.38,0,PAPER,success,rebalance_entry,2026-07-13,ts500-lfr-2026-07-13,trisight_sim,ts500_rebalance_entry,2026-07-13T15:50:00-04:00,locked_session_preclose_1545_1555_america_new_york,,,,,
trisight_500_late_failed_recovery_shadow,2026-07-13T15:50:00-04:00,PAPER,BUY,NSP,NSP,3.77934305569,47.675,180.18018018,47.675,0,PAPER,success,rebalance_entry,2026-07-13,ts500-lfr-2026-07-13,trisight_sim,ts500_rebalance_entry,2026-07-13T15:50:00-04:00,locked_session_preclose_1545_1555_america_new_york,,,,,
trisight_500_late_failed_recovery_shadow,2026-07-13T15:50:00-04:00,PAPER,BUY,MAMA,MAMA,9.4682175607,19.03,180.18018018,19.03,0,PAPER,success,rebalance_entry,2026-07-13,ts500-lfr-2026-07-13,trisight_sim,ts500_rebalance_entry,2026-07-13T15:50:00-04:00,locked_session_preclose_1545_1555_america_new_york,,,,,
trisight_500_late_failed_recovery_shadow,2026-07-13T15:50:00-04:00,PAPER,BUY,TFIN,TFIN,2.29953647094,78.355,180.18018018,78.355,0,PAPER,success,rebalance_entry,2026-07-13,ts500-lfr-2026-07-13,trisight_sim,ts500_rebalance_entry,2026-07-13T15:50:00-04:00,locked_session_preclose_1545_1555_america_new_york,,,,,
trisight_500_late_failed_recovery_shadow,2026-07-13T15:50:00-04:00,PAPER,BUY,SGHC,SGHC,11.7918966087,15.28,180.18018018,15.28,0,PAPER,success,rebalance_entry,2026-07-13,ts500-lfr-2026-07-13,trisight_sim,ts500_rebalance_entry,2026-07-13T15:50:00-04:00,locked_session_preclose_1545_1555_america_new_york,,,,,
trisight_500_late_failed_recovery_shadow,2026-07-13T15:50:00-04:00,PAPER,BUY,FLUT,FLUT,1.55555711111,115.83,180.18018018,115.83,0,PAPER,success,rebalance_entry,2026-07-13,ts500-lfr-2026-07-13,trisight_sim,ts500_rebalance_entry,2026-07-13T15:50:00-04:00,locked_session_preclose_1545_1555_america_new_york,,,,,
trisight_500_late_failed_recovery_shadow,2026-07-13T15:50:00-04:00,PAPER,BUY,FIVN,FIVN,7.01226620666,25.695,180.18018018,25.695,0,PAPER,success,rebalance_entry,2026-07-13,ts500-lfr-2026-07-13,trisight_sim,ts500_rebalance_entry,2026-07-13T15:50:00-04:00,locked_session_preclose_1545_1555_america_new_york,,,,,
trisight_500_late_failed_recovery_shadow,2026-07-13T15:50:00-04:00,PAPER,BUY,EXPD,EXPD,1.01848499339,176.91,180.18018018,176.91,0,PAPER,success,rebalance_entry,2026-07-13,ts500-lfr-2026-07-13,trisight_sim,ts500_rebalance_entry,2026-07-13T15:50:00-04:00,locked_session_preclose_1545_1555_america_new_york,,,,,
trisight_500_late_failed_recovery_shadow,2026-07-13T15:50:00-04:00,PAPER,BUY,JHG,JHG,3.46833840578,51.95,180.18018018,51.95,0,PAPER,success,rebalance_entry,2026-07-13,ts500-lfr-2026-07-13,trisight_sim,ts500_rebalance_entry,2026-07-13T15:50:00-04:00,locked_session_preclose_1545_1555_america_new_york,,,,,
trisight_500_late_failed_recovery_shadow,2026-07-13T15:50:00-04:00,PAPER,BUY,CF,CF,1.49353597629,120.64,180.18018018,120.64,0,PAPER,success,rebalance_entry,2026-07-13,ts500-lfr-2026-07-13,trisight_sim,ts500_rebalance_entry,2026-07-13T15:50:00-04:00,locked_session_preclose_1545_1555_america_new_york,,,,,
trisight_500_late_failed_recovery_shadow,2026-07-13T15:50:00-04:00,PAPER,BUY,SHG,SHG,2.44594013684,73.665,180.18018018,73.665,0,PAPER,success,rebalance_entry,2026-07-13,ts500-lfr-2026-07-13,trisight_sim,ts500_rebalance_entry,2026-07-13T15:50:00-04:00,locked_session_preclose_1545_1555_america_new_york,,,,,
trisight_500_late_failed_recovery_shadow,2026-07-13T15:50:00-04:00,PAPER,BUY,IAC,IAC,4.26562926563,42.24,180.18018018,42.24,0,PAPER,success,rebalance_entry,2026-07-13,ts500-lfr-2026-07-13,trisight_sim,ts500_rebalance_entry,2026-07-13T15:50:00-04:00,locked_session_preclose_1545_1555_america_new_york,,,,,
trisight_500_late_failed_recovery_shadow,2026-07-13T15:50:00-04:00,PAPER,BUY,TD,TD,1.49676175594,120.38,180.18018018,120.38,0,PAPER,success,rebalance_entry,2026-07-13,ts500-lfr-2026-07-13,trisight_sim,ts500_rebalance_entry,2026-07-13T15:50:00-04:00,locked_session_preclose_1545_1555_america_new_york,,,,,
trisight_500_late_failed_recovery_shadow,2026-07-13T15:50:00-04:00,PAPER,BUY,ANET,ANET,0.960346339304,187.62,180.18018018,187.62,0,PAPER,success,rebalance_entry,2026-07-13,ts500-lfr-2026-07-13,trisight_sim,ts500_rebalance_entry,2026-07-13T15:50:00-04:00,locked_session_preclose_1545_1555_america_new_york,,,,,
trisight_500_late_failed_recovery_shadow,2026-07-13T15:50:00-04:00,PAPER,BUY,PNR,PNR,2.32760858003,77.41,180.18018018,77.41,0,PAPER,success,rebalance_entry,2026-07-13,ts500-lfr-2026-07-13,trisight_sim,ts500_rebalance_entry,2026-07-13T15:50:00-04:00,locked_session_preclose_1545_1555_america_new_york,,,,,
trisight_500_late_failed_recovery_shadow,2026-07-13T15:50:00-04:00,PAPER,BUY,RHI,RHI,5.35135670271,33.67,180.18018018,33.67,0,PAPER,success,rebalance_entry,2026-07-13,ts500-lfr-2026-07-13,trisight_sim,ts500_rebalance_entry,2026-07-13T15:50:00-04:00,locked_session_preclose_1545_1555_america_new_york,,,,,
trisight_500_late_failed_recovery_shadow,2026-07-13T15:50:00-04:00,PAPER,BUY,DXC,DXC,18.6136549773,9.68,180.18018018,9.68,0,PAPER,success,rebalance_entry,2026-07-13,ts500-lfr-2026-07-13,trisight_sim,ts500_rebalance_entry,2026-07-13T15:50:00-04:00,locked_session_preclose_1545_1555_america_new_york,,,,,
trisight_500_late_failed_recovery_shadow,2026-07-13T15:50:00-04:00,PAPER,BUY,PSTG,PSTG,2.65752478142,67.8,180.18018018,67.8,0,PAPER,success,rebalance_entry,2026-07-13,ts500-lfr-2026-07-13,trisight_sim,ts500_rebalance_entry,2026-07-13T15:50:00-04:00,locked_session_preclose_1545_1555_america_new_york,,,,,
trisight_500_late_failed_recovery_shadow,2026-07-13T15:50:00-04:00,PAPER,BUY,MEOH,MEOH,3.54127712618,50.88,180.18018018,50.88,0,PAPER,success,rebalance_entry,2026-07-13,ts500-lfr-2026-07-13,trisight_sim,ts500_rebalance_entry,2026-07-13T15:50:00-04:00,locked_session_preclose_1545_1555_america_new_york,,,,,
trisight_500_late_failed_recovery_shadow,2026-07-13T15:50:00-04:00,PAPER,BUY,SUN,SUN,2.58471066103,69.71,180.18018018,69.71,0,PAPER,success,rebalance_entry,2026-07-13,ts500-lfr-2026-07-13,trisight_sim,ts500_rebalance_entry,2026-07-13T15:50:00-04:00,locked_session_preclose_1545_1555_america_new_york,,,,,
trisight_500_late_failed_recovery_shadow,2026-07-13T15:50:00-04:00,PAPER,BUY,PGC,PGC,3.88906065573,46.33,180.18018018,46.33,0,PAPER,success,rebalance_entry,2026-07-13,ts500-lfr-2026-07-13,trisight_sim,ts500_rebalance_entry,2026-07-13T15:50:00-04:00,locked_session_preclose_1545_1555_america_new_york,,,,,
trisight_500_late_failed_recovery_shadow,2026-07-13T15:50:00-04:00,PAPER,BUY,JKHY,JKHY,1.18174185204,152.47,180.18018018,152.47,0,PAPER,success,rebalance_entry,2026-07-13,ts500-lfr-2026-07-13,trisight_sim,ts500_rebalance_entry,2026-07-13T15:50:00-04:00,locked_session_preclose_1545_1555_america_new_york,,,,,
trisight_500_late_failed_recovery_shadow,2026-07-13T15:50:00-04:00,PAPER,BUY,ICFI,ICFI,2.29528891949,78.5,180.18018018,78.5,0,PAPER,success,rebalance_entry,2026-07-13,ts500-lfr-2026-07-13,trisight_sim,ts500_rebalance_entry,2026-07-13T15:50:00-04:00,locked_session_preclose_1545_1555_america_new_york,,,,,
trisight_500_late_failed_recovery_shadow,2026-07-13T15:50:00-04:00,PAPER,BUY,MOH,MOH,0.749127640862,240.52,180.18018018,240.52,0,PAPER,success,rebalance_entry,2026-07-13,ts500-lfr-2026-07-13,trisight_sim,ts500_rebalance_entry,2026-07-13T15:50:00-04:00,locked_session_preclose_1545_1555_america_new_york,,,,,
trisight_500_late_failed_recovery_shadow,2026-07-13T15:50:00-04:00,PAPER,BUY,UPWK,UPWK,19.7457731704,9.125,180.18018018,9.125,0,PAPER,success,rebalance_entry,2026-07-13,ts500-lfr-2026-07-13,trisight_sim,ts500_rebalance_entry,2026-07-13T15:50:00-04:00,locked_session_preclose_1545_1555_america_new_york,,,,,
trisight_500_late_failed_recovery_shadow,2026-07-13T15:50:00-04:00,PAPER,BUY,PSX,PSX,0.924380156886,194.92,180.18018018,194.92,0,PAPER,success,rebalance_entry,2026-07-13,ts500-lfr-2026-07-13,trisight_sim,ts500_rebalance_entry,2026-07-13T15:50:00-04:00,locked_session_preclose_1545_1555_america_new_york,,,,,
trisight_500_late_failed_recovery_shadow,2026-07-13T15:50:00-04:00,PAPER,BUY,HUBS,HUBS,0.843698165294,213.56,180.18018018,213.56,0,PAPER,success,rebalance_entry,2026-07-13,ts500-lfr-2026-07-13,trisight_sim,ts500_rebalance_entry,2026-07-13T15:50:00-04:00,locked_session_preclose_1545_1555_america_new_york,,,,,
trisight_500_late_failed_recovery_shadow,2026-07-13T15:50:00-04:00,PAPER,BUY,WIX,WIX,3.51364720779,51.2801,180.18018018,51.2801,0,PAPER,success,rebalance_entry,2026-07-13,ts500-lfr-2026-07-13,trisight_sim,ts500_rebalance_entry,2026-07-13T15:50:00-04:00,locked_session_preclose_1545_1555_america_new_york,,,,,
trisight_500_late_failed_recovery_shadow,2026-07-13T15:50:00-04:00,PAPER,BUY,BBNX,BBNX,10.5000105,17.16,180.18018018,17.16,0,PAPER,success,rebalance_entry,2026-07-13,ts500-lfr-2026-07-13,trisight_sim,ts500_rebalance_entry,2026-07-13T15:50:00-04:00,locked_session_preclose_1545_1555_america_new_york,,,,,
trisight_500_late_failed_recovery_shadow,2026-07-13T15:50:00-04:00,PAPER,BUY,GTLB,GTLB,5.41895278737,33.25,180.18018018,33.25,0,PAPER,success,rebalance_entry,2026-07-13,ts500-lfr-2026-07-13,trisight_sim,ts500_rebalance_entry,2026-07-13T15:50:00-04:00,locked_session_preclose_1545_1555_america_new_york,,,,,
trisight_500_late_failed_recovery_shadow,2026-07-13T15:50:00-04:00,PAPER,BUY,PLUS,PLUS,1.98987921563,90.5483,180.18018018,90.5483,0,PAPER,success,rebalance_entry,2026-07-13,ts500-lfr-2026-07-13,trisight_sim,ts500_rebalance_entry,2026-07-13T15:50:00-04:00,locked_session_preclose_1545_1555_america_new_york,,,,,
trisight_500_late_failed_recovery_shadow,2026-07-13T15:50:00-04:00,PAPER,BUY,PHVS,PHVS,5.21958807011,34.52,180.18018018,34.52,0,PAPER,success,rebalance_entry,2026-07-13,ts500-lfr-2026-07-13,trisight_sim,ts500_rebalance_entry,2026-07-13T15:50:00-04:00,locked_session_preclose_1545_1555_america_new_york,,,,,
trisight_500_late_failed_recovery_shadow,2026-07-13T15:50:00-04:00,PAPER,BUY,FDS,FDS,0.702758220602,256.39,180.18018018,256.39,0,PAPER,success,rebalance_entry,2026-07-13,ts500-lfr-2026-07-13,trisight_sim,ts500_rebalance_entry,2026-07-13T15:50:00-04:00,locked_session_preclose_1545_1555_america_new_york,,,,,
trisight_500_late_failed_recovery_shadow,2026-07-13T15:50:00-04:00,PAPER,BUY,WEX,WEX,1.13128762592,159.27,180.18018018,159.27,0,PAPER,success,rebalance_entry,2026-07-13,ts500-lfr-2026-07-13,trisight_sim,ts500_rebalance_entry,2026-07-13T15:50:00-04:00,locked_session_preclose_1545_1555_america_new_york,,,,,
trisight_500_late_failed_recovery_shadow,2026-07-13T15:50:00-04:00,PAPER,BUY,TNET,TNET,3.13111791086,57.545,180.18018018,57.545,0,PAPER,success,rebalance_entry,2026-07-13,ts500-lfr-2026-07-13,trisight_sim,ts500_rebalance_entry,2026-07-13T15:50:00-04:00,locked_session_preclose_1545_1555_america_new_york,,,,,
trisight_500_late_failed_recovery_shadow,2026-07-13T15:50:00-04:00,PAPER,BUY,GSL,GSL,4.40430653093,40.91,180.18018018,40.91,0,PAPER,success,rebalance_entry,2026-07-13,ts500-lfr-2026-07-13,trisight_sim,ts500_rebalance_entry,2026-07-13T15:50:00-04:00,locked_session_preclose_1545_1555_america_new_york,,,,,
trisight_500_late_failed_recovery_shadow,2026-07-13T15:50:00-04:00,PAPER,BUY,HG,HG,5.13992811811,35.055,180.18018018,35.055,0,PAPER,success,rebalance_entry,2026-07-13,ts500-lfr-2026-07-13,trisight_sim,ts500_rebalance_entry,2026-07-13T15:50:00-04:00,locked_session_preclose_1545_1555_america_new_york,,,,,
trisight_500_late_failed_recovery_shadow,2026-07-13T15:50:00-04:00,PAPER,BUY,NICE,NICE,1.74762541397,103.1,180.18018018,103.1,0,PAPER,success,rebalance_entry,2026-07-13,ts500-lfr-2026-07-13,trisight_sim,ts500_rebalance_entry,2026-07-13T15:50:00-04:00,locked_session_preclose_1545_1555_america_new_york,,,,,
trisight_500_late_failed_recovery_shadow,2026-07-13T15:50:00-04:00,PAPER,BUY,FTI,FTI,2.44743521027,73.62,180.18018018,73.62,0,PAPER,success,rebalance_entry,2026-07-13,ts500-lfr-2026-07-13,trisight_sim,ts500_rebalance_entry,2026-07-13T15:50:00-04:00,locked_session_preclose_1545_1555_america_new_york,,,,,
trisight_500_late_failed_recovery_shadow,2026-07-13T15:50:00-04:00,PAPER,BUY,PTGX,PTGX,1.41595426468,127.25,180.18018018,127.25,0,PAPER,success,rebalance_entry,2026-07-13,ts500-lfr-2026-07-13,trisight_sim,ts500_rebalance_entry,2026-07-13T15:50:00-04:00,locked_session_preclose_1545_1555_america_new_york,,,,,
trisight_500_late_failed_recovery_shadow,2026-07-13T15:50:00-04:00,PAPER,BUY,VOYA,VOYA,1.8285906549,98.535,180.18018018,98.535,0,PAPER,success,rebalance_entry,2026-07-13,ts500-lfr-2026-07-13,trisight_sim,ts500_rebalance_entry,2026-07-13T15:50:00-04:00,locked_session_preclose_1545_1555_america_new_york,,,,,
trisight_500_late_failed_recovery_shadow,2026-07-13T15:50:00-04:00,PAPER,BUY,XENE,XENE,2.6919684784,66.9325,180.18018018,66.9325,0,PAPER,success,rebalance_entry,2026-07-13,ts500-lfr-2026-07-13,trisight_sim,ts500_rebalance_entry,2026-07-13T15:50:00-04:00,locked_session_preclose_1545_1555_america_new_york,,,,,
trisight_500_late_failed_recovery_shadow,2026-07-13T15:50:00-04:00,PAPER,BUY,EQNR,EQNR,5.08265670466,35.45,180.18018018,35.45,0,PAPER,success,rebalance_entry,2026-07-13,ts500-lfr-2026-07-13,trisight_sim,ts500_rebalance_entry,2026-07-13T15:50:00-04:00,locked_session_preclose_1545_1555_america_new_york,,,,,
trisight_500_late_failed_recovery_shadow,2026-07-13T15:50:00-04:00,PAPER,BUY,BRBR,BRBR,14.3569864685,12.55,180.18018018,12.55,0,PAPER,success,rebalance_entry,2026-07-13,ts500-lfr-2026-07-13,trisight_sim,ts500_rebalance_entry,2026-07-13T15:50:00-04:00,locked_session_preclose_1545_1555_america_new_york,,,,,
trisight_500_late_failed_recovery_shadow,2026-07-13T15:50:00-04:00,PAPER,BUY,APPN,APPN,6.94603624442,25.94,180.18018018,25.94,0,PAPER,success,rebalance_entry,2026-07-13,ts500-lfr-2026-07-13,trisight_sim,ts500_rebalance_entry,2026-07-13T15:50:00-04:00,locked_session_preclose_1545_1555_america_new_york,,,,,
trisight_500_late_failed_recovery_shadow,2026-07-13T15:50:00-04:00,PAPER,BUY,CVI,CVI,5.51431308891,32.675,180.18018018,32.675,0,PAPER,success,rebalance_entry,2026-07-13,ts500-lfr-2026-07-13,trisight_sim,ts500_rebalance_entry,2026-07-13T15:50:00-04:00,locked_session_preclose_1545_1555_america_new_york,,,,,
trisight_500_late_failed_recovery_shadow,2026-07-13T15:50:00-04:00,PAPER,BUY,ALNY,ALNY,0.638868844379,282.03,180.18018018,282.03,0,PAPER,success,rebalance_entry,2026-07-13,ts500-lfr-2026-07-13,trisight_sim,ts500_rebalance_entry,2026-07-13T15:50:00-04:00,locked_session_preclose_1545_1555_america_new_york,,,,,
trisight_500_late_failed_recovery_shadow,2026-07-13T15:50:00-04:00,PAPER,BUY,INTA,INTA,6.29780427054,28.61,180.18018018,28.61,0,PAPER,success,rebalance_entry,2026-07-13,ts500-lfr-2026-07-13,trisight_sim,ts500_rebalance_entry,2026-07-13T15:50:00-04:00,locked_session_preclose_1545_1555_america_new_york,,,,,
trisight_500_late_failed_recovery_shadow,2026-07-13T15:50:00-04:00,PAPER,BUY,YELP,YELP,6.85356333892,26.29,180.18018018,26.29,0,PAPER,success,rebalance_entry,2026-07-13,ts500-lfr-2026-07-13,trisight_sim,ts500_rebalance_entry,2026-07-13T15:50:00-04:00,locked_session_preclose_1545_1555_america_new_york,,,,,
trisight_500_late_failed_recovery_shadow,2026-07-13T15:50:00-04:00,PAPER,BUY,QNST,QNST,10.4938951765,17.17,180.18018018,17.17,0,PAPER,success,rebalance_entry,2026-07-13,ts500-lfr-2026-07-13,trisight_sim,ts500_rebalance_entry,2026-07-13T15:50:00-04:00,locked_session_preclose_1545_1555_america_new_york,,,,,
trisight_500_late_failed_recovery_shadow,2026-07-13T15:50:00-04:00,PAPER,BUY,CWST,CWST,1.84176817111,97.83,180.18018018,97.83,0,PAPER,success,rebalance_entry,2026-07-13,ts500-lfr-2026-07-13,trisight_sim,ts500_rebalance_entry,2026-07-13T15:50:00-04:00,locked_session_preclose_1545_1555_america_new_york,,,,,
trisight_500_late_failed_recovery_shadow,2026-07-13T15:50:00-04:00,PAPER,BUY,DLTR,DLTR,1.4264918073,126.31,180.18018018,126.31,0,PAPER,success,rebalance_entry,2026-07-13,ts500-lfr-2026-07-13,trisight_sim,ts500_rebalance_entry,2026-07-13T15:50:00-04:00,locked_session_preclose_1545_1555_america_new_york,,,,,
trisight_500_late_failed_recovery_shadow,2026-07-13T15:50:00-04:00,PAPER,BUY,EEFT,EEFT,2.30188668387,78.275,180.18018018,78.275,0,PAPER,success,rebalance_entry,2026-07-13,ts500-lfr-2026-07-13,trisight_sim,ts500_rebalance_entry,2026-07-13T15:50:00-04:00,locked_session_preclose_1545_1555_america_new_york,,,,,
trisight_500_late_failed_recovery_shadow,2026-07-13T15:50:00-04:00,PAPER,BUY,HRTG,HRTG,6.3916346286,28.19,180.18018018,28.19,0,PAPER,success,rebalance_entry,2026-07-13,ts500-lfr-2026-07-13,trisight_sim,ts500_rebalance_entry,2026-07-13T15:50:00-04:00,locked_session_preclose_1545_1555_america_new_york,,,,,
trisight_500_late_failed_recovery_shadow,2026-07-13T15:50:00-04:00,PAPER,BUY,IPAR,IPAR,1.50841507057,119.45,180.18018018,119.45,0,PAPER,success,rebalance_entry,2026-07-13,ts500-lfr-2026-07-13,trisight_sim,ts500_rebalance_entry,2026-07-13T15:50:00-04:00,locked_session_preclose_1545_1555_america_new_york,,,,,
trisight_500_late_failed_recovery_shadow,2026-07-13T15:50:00-04:00,PAPER,BUY,OFIX,OFIX,15.2243498251,11.835,180.18018018,11.835,0,PAPER,success,rebalance_entry,2026-07-13,ts500-lfr-2026-07-13,trisight_sim,ts500_rebalance_entry,2026-07-13T15:50:00-04:00,locked_session_preclose_1545_1555_america_new_york,,,,,
trisight_500_late_failed_recovery_shadow,2026-07-13T15:50:00-04:00,PAPER,BUY,TRIP,TRIP,12.6309274574,14.265,180.18018018,14.265,0,PAPER,success,rebalance_entry,2026-07-13,ts500-lfr-2026-07-13,trisight_sim,ts500_rebalance_entry,2026-07-13T15:50:00-04:00,locked_session_preclose_1545_1555_america_new_york,,,,,
trisight_500_late_failed_recovery_shadow,2026-07-13T15:50:00-04:00,PAPER,BUY,BILL,BILL,4.28388445507,42.06,180.18018018,42.06,0,PAPER,success,rebalance_entry,2026-07-13,ts500-lfr-2026-07-13,trisight_sim,ts500_rebalance_entry,2026-07-13T15:50:00-04:00,locked_session_preclose_1545_1555_america_new_york,,,,,
trisight_500_late_failed_recovery_shadow,2026-07-13T15:50:00-04:00,PAPER,BUY,OMC,OMC,2.16849416512,83.09,180.18018018,83.09,0,PAPER,success,rebalance_entry,2026-07-13,ts500-lfr-2026-07-13,trisight_sim,ts500_rebalance_entry,2026-07-13T15:50:00-04:00,locked_session_preclose_1545_1555_america_new_york,,,,,
trisight_500_late_failed_recovery_shadow,2026-07-13T15:50:00-04:00,PAPER,BUY,INSP,INSP,3.47335287094,51.875,180.18018018,51.875,0,PAPER,success,rebalance_entry,2026-07-13,ts500-lfr-2026-07-13,trisight_sim,ts500_rebalance_entry,2026-07-13T15:50:00-04:00,locked_session_preclose_1545_1555_america_new_york,,,,,
trisight_500_late_failed_recovery_shadow,2026-07-13T15:50:00-04:00,PAPER,BUY,DVA,DVA,0.762489918454,236.305,180.18018018,236.305,0,PAPER,success,rebalance_entry,2026-07-13,ts500-lfr-2026-07-13,trisight_sim,ts500_rebalance_entry,2026-07-13T15:50:00-04:00,locked_session_preclose_1545_1555_america_new_york,,,,,
trisight_500_late_failed_recovery_shadow,2026-07-13T15:50:00-04:00,PAPER,BUY,BBY,BBY,2.18450528219,82.481,180.18018018,82.481,0,PAPER,success,rebalance_entry,2026-07-13,ts500-lfr-2026-07-13,trisight_sim,ts500_rebalance_entry,2026-07-13T15:50:00-04:00,locked_session_preclose_1545_1555_america_new_york,,,,,
trisight_500_late_failed_recovery_shadow,2026-07-13T15:50:00-04:00,PAPER,BUY,TIGO,TIGO,1.84743340695,97.53,180.18018018,97.53,0,PAPER,success,rebalance_entry,2026-07-13,ts500-lfr-2026-07-13,trisight_sim,ts500_rebalance_entry,2026-07-13T15:50:00-04:00,locked_session_preclose_1545_1555_america_new_york,,,,,
trisight_500_late_failed_recovery_shadow,2026-07-13T15:50:00-04:00,PAPER,BUY,RGA,RGA,0.76705057548,234.9,180.18018018,234.9,0,PAPER,success,rebalance_entry,2026-07-13,ts500-lfr-2026-07-13,trisight_sim,ts500_rebalance_entry,2026-07-13T15:50:00-04:00,locked_session_preclose_1545_1555_america_new_york,,,,,
trisight_500_late_failed_recovery_shadow,2026-07-13T15:50:00-04:00,PAPER,BUY,EVTC,EVTC,6.04426621112,29.8101,180.18018018,29.8101,0,PAPER,success,rebalance_entry,2026-07-13,ts500-lfr-2026-07-13,trisight_sim,ts500_rebalance_entry,2026-07-13T15:50:00-04:00,locked_session_preclose_1545_1555_america_new_york,,,,,
trisight_500_late_failed_recovery_shadow,2026-07-13T15:50:00-04:00,PAPER,BUY,BLKB,BLKB,5.89450168251,30.5675,180.18018018,30.5675,0,PAPER,success,rebalance_entry,2026-07-13,ts500-lfr-2026-07-13,trisight_sim,ts500_rebalance_entry,2026-07-13T15:50:00-04:00,locked_session_preclose_1545_1555_america_new_york,,,,,
trisight_500_late_failed_recovery_shadow,2026-07-13T15:50:00-04:00,PAPER,BUY,WK,WK,3.3385247393,53.97,180.18018018,53.97,0,PAPER,success,rebalance_entry,2026-07-13,ts500-lfr-2026-07-13,trisight_sim,ts500_rebalance_entry,2026-07-13T15:50:00-04:00,locked_session_preclose_1545_1555_america_new_york,,,,,
trisight_500_late_failed_recovery_shadow,2026-07-13T15:50:00-04:00,PAPER,BUY,AMN,AMN,5.31504956284,33.9,180.18018018,33.9,0,PAPER,success,rebalance_entry,2026-07-13,ts500-lfr-2026-07-13,trisight_sim,ts500_rebalance_entry,2026-07-13T15:50:00-04:00,locked_session_preclose_1545_1555_america_new_york,,,,,
trisight_500_late_failed_recovery_shadow,2026-07-13T15:50:00-04:00,PAPER,BUY,CHRW,CHRW,0.91041473488,197.91,180.18018018,197.91,0,PAPER,success,rebalance_entry,2026-07-13,ts500-lfr-2026-07-13,trisight_sim,ts500_rebalance_entry,2026-07-13T15:50:00-04:00,locked_session_preclose_1545_1555_america_new_york,,,,,
trisight_500_late_failed_recovery_shadow,2026-07-13T15:50:00-04:00,PAPER,BUY,RVLV,RVLV,7.37838575676,24.42,180.18018018,24.42,0,PAPER,success,rebalance_entry,2026-07-13,ts500-lfr-2026-07-13,trisight_sim,ts500_rebalance_entry,2026-07-13T15:50:00-04:00,locked_session_preclose_1545_1555_america_new_york,,,,,
trisight_500_late_failed_recovery_shadow,2026-07-13T15:50:00-04:00,PAPER,BUY,LB,LB,2.25888773497,79.765,180.18018018,79.765,0,PAPER,success,rebalance_entry,2026-07-13,ts500-lfr-2026-07-13,trisight_sim,ts500_rebalance_entry,2026-07-13T15:50:00-04:00,locked_session_preclose_1545_1555_america_new_york,,,,,
trisight_500_late_failed_recovery_shadow,2026-07-13T15:50:00-04:00,PAPER,BUY,CDW,CDW,1.25868096528,143.15,180.18018018,143.15,0,PAPER,success,rebalance_entry,2026-07-13,ts500-lfr-2026-07-13,trisight_sim,ts500_rebalance_entry,2026-07-13T15:50:00-04:00,locked_session_preclose_1545_1555_america_new_york,,,,,
trisight_500_late_failed_recovery_shadow,2026-07-13T15:50:00-04:00,PAPER,BUY,GWRE,GWRE,1.29309731721,139.34,180.18018018,139.34,0,PAPER,success,rebalance_entry,2026-07-13,ts500-lfr-2026-07-13,trisight_sim,ts500_rebalance_entry,2026-07-13T15:50:00-04:00,locked_session_preclose_1545_1555_america_new_york,,,,,
trisight_500_late_failed_recovery_shadow,2026-07-13T15:50:00-04:00,PAPER,BUY,BBSI,BBSI,4.70014817217,38.335,180.18018018,38.335,0,PAPER,success,rebalance_entry,2026-07-13,ts500-lfr-2026-07-13,trisight_sim,ts500_rebalance_entry,2026-07-13T15:50:00-04:00,locked_session_preclose_1545_1555_america_new_york,,,,,
trisight_500_late_failed_recovery_shadow,2026-07-13T15:50:00-04:00,PAPER,BUY,BOX,BOX,6.18538208651,29.13,180.18018018,29.13,0,PAPER,success,rebalance_entry,2026-07-13,ts500-lfr-2026-07-13,trisight_sim,ts500_rebalance_entry,2026-07-13T15:50:00-04:00,locked_session_preclose_1545_1555_america_new_york,,,,,
trisight_500_late_failed_recovery_shadow,2026-07-13T15:50:00-04:00,PAPER,BUY,MKC,MKC,3.35969010218,53.63,180.18018018,53.63,0,PAPER,success,rebalance_entry,2026-07-13,ts500-lfr-2026-07-13,trisight_sim,ts500_rebalance_entry,2026-07-13T15:50:00-04:00,locked_session_preclose_1545_1555_america_new_york,,,,,
trisight_500_late_failed_recovery_shadow,2026-07-13T15:50:00-04:00,PAPER,BUY,AZTA,AZTA,6.92601115434,26.015,180.18018018,26.015,0,PAPER,success,rebalance_entry,2026-07-13,ts500-lfr-2026-07-13,trisight_sim,ts500_rebalance_entry,2026-07-13T15:50:00-04:00,locked_session_preclose_1545_1555_america_new_york,,,,,
trisight_500_late_failed_recovery_shadow,2026-07-13T15:50:00-04:00,PAPER,BUY,LPLA,LPLA,0.564845857802,318.99,180.18018018,318.99,0,PAPER,success,rebalance_entry,2026-07-13,ts500-lfr-2026-07-13,trisight_sim,ts500_rebalance_entry,2026-07-13T15:50:00-04:00,locked_session_preclose_1545_1555_america_new_york,,,,,
trisight_500_late_failed_recovery_shadow,2026-07-13T15:50:00-04:00,PAPER,BUY,MELI,MELI,0.096328826541,1870.47,180.18018018,1870.47,0,PAPER,success,rebalance_entry,2026-07-13,ts500-lfr-2026-07-13,trisight_sim,ts500_rebalance_entry,2026-07-13T15:50:00-04:00,locked_session_preclose_1545_1555_america_new_york,,,,,
trisight_500_late_failed_recovery_shadow,2026-07-13T15:50:00-04:00,PAPER,BUY,FWONK,FWONK,1.79748783101,100.24,180.18018018,100.24,0,PAPER,success,rebalance_entry,2026-07-13,ts500-lfr-2026-07-13,trisight_sim,ts500_rebalance_entry,2026-07-13T15:50:00-04:00,locked_session_preclose_1545_1555_america_new_york,,,,,
trisight_500_late_failed_recovery_shadow,2026-07-13T15:50:00-04:00,PAPER,BUY,HTGC,HTGC,11.2611908788,16.0001,180.18018018,16.0001,0,PAPER,success,rebalance_entry,2026-07-13,ts500-lfr-2026-07-13,trisight_sim,ts500_rebalance_entry,2026-07-13T15:50:00-04:00,locked_session_preclose_1545_1555_america_new_york,,,,,
trisight_500_late_failed_recovery_shadow,2026-07-13T15:50:00-04:00,PAPER,BUY,FDUS,FDUS,8.97307185622,20.0801,180.18018018,20.0801,0,PAPER,success,rebalance_entry,2026-07-13,ts500-lfr-2026-07-13,trisight_sim,ts500_rebalance_entry,2026-07-13T15:50:00-04:00,locked_session_preclose_1545_1555_america_new_york,,,,,
trisight_500_late_failed_recovery_shadow,2026-07-13T15:50:00-04:00,PAPER,BUY,VEEV,VEEV,0.920484202305,195.745,180.18018018,195.745,0,PAPER,success,rebalance_entry,2026-07-13,ts500-lfr-2026-07-13,trisight_sim,ts500_rebalance_entry,2026-07-13T15:50:00-04:00,locked_session_preclose_1545_1555_america_new_york,,,,,
trisight_500_late_failed_recovery_shadow,2026-07-13T15:50:00-04:00,PAPER,BUY,FVRR,FVRR,15.8819021754,11.345,180.18018018,11.345,0,PAPER,success,rebalance_entry,2026-07-13,ts500-lfr-2026-07-13,trisight_sim,ts500_rebalance_entry,2026-07-13T15:50:00-04:00,locked_session_preclose_1545_1555_america_new_york,,,,,
trisight_500_late_failed_recovery_shadow,2026-07-13T15:50:00-04:00,PAPER,BUY,ETSY,ETSY,2.23160986104,80.74,180.18018018,80.74,0,PAPER,success,rebalance_entry,2026-07-13,ts500-lfr-2026-07-13,trisight_sim,ts500_rebalance_entry,2026-07-13T15:50:00-04:00,locked_session_preclose_1545_1555_america_new_york,,,,,
trisight_500_late_failed_recovery_shadow,2026-07-13T15:50:00-04:00,PAPER,BUY,DRVN,DRVN,11.5167900403,15.645,180.18018018,15.645,0,PAPER,success,rebalance_entry,2026-07-13,ts500-lfr-2026-07-13,trisight_sim,ts500_rebalance_entry,2026-07-13T15:50:00-04:00,locked_session_preclose_1545_1555_america_new_york,,,,,
trisight_500_late_failed_recovery_shadow,2026-07-13T15:50:00-04:00,PAPER,BUY,KMPR,KMPR,6.04948161387,29.7844,180.18018018,29.7844,0,PAPER,success,rebalance_entry,2026-07-13,ts500-lfr-2026-07-13,trisight_sim,ts500_rebalance_entry,2026-07-13T15:50:00-04:00,locked_session_preclose_1545_1555_america_new_york,,,,,
trisight_500_late_failed_recovery_shadow,2026-07-13T15:50:00-04:00,PAPER,BUY,CRTO,CRTO,7.86126440577,22.92,180.18018018,22.92,0,PAPER,success,rebalance_entry,2026-07-13,ts500-lfr-2026-07-13,trisight_sim,ts500_rebalance_entry,2026-07-13T15:50:00-04:00,locked_session_preclose_1545_1555_america_new_york,,,,,
trisight_500_late_failed_recovery_shadow,2026-07-13T15:50:00-04:00,PAPER,BUY,PNTG,PNTG,4.40861708295,40.87,180.18018018,40.87,0,PAPER,success,rebalance_entry,2026-07-13,ts500-lfr-2026-07-13,trisight_sim,ts500_rebalance_entry,2026-07-13T15:50:00-04:00,locked_session_preclose_1545_1555_america_new_york,,,,,
trisight_500_late_failed_recovery_shadow,2026-07-13T15:50:00-04:00,PAPER,BUY,MANH,MANH,1.14552851535,157.29,180.18018018,157.29,0,PAPER,success,rebalance_entry,2026-07-13,ts500-lfr-2026-07-13,trisight_sim,ts500_rebalance_entry,2026-07-13T15:50:00-04:00,locked_session_preclose_1545_1555_america_new_york,,,,,
trisight_500_late_failed_recovery_shadow,2026-07-13T15:50:00-04:00,PAPER,BUY,PGNY,PGNY,5.70280677893,31.595,180.18018018,31.595,0,PAPER,success,rebalance_entry,2026-07-13,ts500-lfr-2026-07-13,trisight_sim,ts500_rebalance_entry,2026-07-13T15:50:00-04:00,locked_session_preclose_1545_1555_america_new_york,,,,,
trisight_500_late_failed_recovery_shadow,2026-07-13T15:50:00-04:00,PAPER,BUY,GPN,GPN,2.33061932713,77.31,180.18018018,77.31,0,PAPER,success,rebalance_entry,2026-07-13,ts500-lfr-2026-07-13,trisight_sim,ts500_rebalance_entry,2026-07-13T15:50:00-04:00,locked_session_preclose_1545_1555_america_new_york,,,,,
trisight_500_late_failed_recovery_shadow,2026-07-13T15:50:00-04:00,PAPER,BUY,PAYX,PAYX,1.63770387366,110.02,180.18018018,110.02,0,PAPER,success,rebalance_entry,2026-07-13,ts500-lfr-2026-07-13,trisight_sim,ts500_rebalance_entry,2026-07-13T15:50:00-04:00,locked_session_preclose_1545_1555_america_new_york,,,,,
trisight_500_late_failed_recovery_shadow,2026-07-13T15:50:00-04:00,PAPER,BUY,GPC,GPC,1.42660475202,126.3,180.18018018,126.3,0,PAPER,success,rebalance_entry,2026-07-13,ts500-lfr-2026-07-13,trisight_sim,ts500_rebalance_entry,2026-07-13T15:50:00-04:00,locked_session_preclose_1545_1555_america_new_york,,,,,
trisight_500_late_failed_recovery_shadow,2026-07-13T15:50:00-04:00,PAPER,BUY,DV,DV,15.1539260034,11.89,180.18018018,11.89,0,PAPER,success,rebalance_entry,2026-07-13,ts500-lfr-2026-07-13,trisight_sim,ts500_rebalance_entry,2026-07-13T15:50:00-04:00,locked_session_preclose_1545_1555_america_new_york,,,,,
trisight_500_late_failed_recovery_shadow,2026-07-13T15:50:00-04:00,PAPER,BUY,MUSA,MUSA,0.298979806156,602.65,180.18018018,602.65,0,PAPER,success,rebalance_entry,2026-07-13,ts500-lfr-2026-07-13,trisight_sim,ts500_rebalance_entry,2026-07-13T15:50:00-04:00,locked_session_preclose_1545_1555_america_new_york,,,,,
trisight_500_late_failed_recovery_shadow,2026-07-13T15:50:00-04:00,PAPER,BUY,NVST,NVST,6.90742496378,26.085,180.18018018,26.085,0,PAPER,success,rebalance_entry,2026-07-13,ts500-lfr-2026-07-13,trisight_sim,ts500_rebalance_entry,2026-07-13T15:50:00-04:00,locked_session_preclose_1545_1555_america_new_york,,,,,
trisight_500_late_failed_recovery_shadow,2026-07-13T15:50:00-04:00,PAPER,BUY,VREX,VREX,16.2617491137,11.08,180.18018018,11.08,0,PAPER,success,rebalance_entry,2026-07-13,ts500-lfr-2026-07-13,trisight_sim,ts500_rebalance_entry,2026-07-13T15:50:00-04:00,locked_session_preclose_1545_1555_america_new_york,,,,,
trisight_500_late_failed_recovery_shadow,2026-07-13T15:50:00-04:00,PAPER,BUY,TRUP,TRUP,6.71062123576,26.85,180.18018018,26.85,0,PAPER,success,rebalance_entry,2026-07-13,ts500-lfr-2026-07-13,trisight_sim,ts500_rebalance_entry,2026-07-13T15:50:00-04:00,locked_session_preclose_1545_1555_america_new_york,,,,,
trisight_500_late_failed_recovery_shadow,2026-07-13T15:50:00-04:00,PAPER,BUY,NTNX,NTNX,3.26531678471,55.18,180.18018018,55.18,0,PAPER,success,rebalance_entry,2026-07-13,ts500-lfr-2026-07-13,trisight_sim,ts500_rebalance_entry,2026-07-13T15:50:00-04:00,locked_session_preclose_1545_1555_america_new_york,,,,,
trisight_500_late_failed_recovery_shadow,2026-07-13T15:50:00-04:00,PAPER,BUY,BLD,BLD,0.508222661496,354.53,180.18018018,354.53,0,PAPER,success,rebalance_entry,2026-07-13,ts500-lfr-2026-07-13,trisight_sim,ts500_rebalance_entry,2026-07-13T15:50:00-04:00,locked_session_preclose_1545_1555_america_new_york,,,,,
trisight_500_late_failed_recovery_shadow,2026-07-13T15:50:00-04:00,PAPER,BUY,IFS,IFS,2.98806268956,60.3,180.18018018,60.3,0,PAPER,success,rebalance_entry,2026-07-13,ts500-lfr-2026-07-13,trisight_sim,ts500_rebalance_entry,2026-07-13T15:50:00-04:00,locked_session_preclose_1545_1555_america_new_york,,,,,
trisight_500_late_failed_recovery_shadow,2026-07-13T15:50:00-04:00,PAPER,BUY,AMP,AMP,0.35265140074,510.93,180.18018018,510.93,0,PAPER,success,rebalance_entry,2026-07-13,ts500-lfr-2026-07-13,trisight_sim,ts500_rebalance_entry,2026-07-13T15:50:00-04:00,locked_session_preclose_1545_1555_america_new_york,,,,,
trisight_500_late_failed_recovery_shadow,2026-07-13T15:50:00-04:00,PAPER,BUY,BWIN,BWIN,6.58794077441,27.35,180.18018018,27.35,0,PAPER,success,rebalance_entry,2026-07-13,ts500-lfr-2026-07-13,trisight_sim,ts500_rebalance_entry,2026-07-13T15:50:00-04:00,locked_session_preclose_1545_1555_america_new_york,,,,,
trisight_500_late_failed_recovery_shadow,2026-07-13T15:50:00-04:00,PAPER,BUY,AGIO,AGIO,4.47652621566,40.25,180.18018018,40.25,0,PAPER,success,rebalance_entry,2026-07-13,ts500-lfr-2026-07-13,trisight_sim,ts500_rebalance_entry,2026-07-13T15:50:00-04:00,locked_session_preclose_1545_1555_america_new_york,,,,,
trisight_500_late_failed_recovery_shadow,2026-07-13T15:50:00-04:00,PAPER,BUY,YUMC,YUMC,4.07555259399,44.21,180.18018018,44.21,0,PAPER,success,rebalance_entry,2026-07-13,ts500-lfr-2026-07-13,trisight_sim,ts500_rebalance_entry,2026-07-13T15:50:00-04:00,locked_session_preclose_1545_1555_america_new_york,,,,,
trisight_500_late_failed_recovery_shadow,2026-07-13T15:50:00-04:00,PAPER,BUY,FOUR,FOUR,3.5308677284,51.03,180.18018018,51.03,0,PAPER,success,rebalance_entry,2026-07-13,ts500-lfr-2026-07-13,trisight_sim,ts500_rebalance_entry,2026-07-13T15:50:00-04:00,locked_session_preclose_1545_1555_america_new_york,,,,,
trisight_500_late_failed_recovery_shadow,2026-07-13T15:50:00-04:00,PAPER,BUY,FBIN,FBIN,3.56863101961,50.49,180.18018018,50.49,0,PAPER,success,rebalance_entry,2026-07-13,ts500-lfr-2026-07-13,trisight_sim,ts500_rebalance_entry,2026-07-13T15:50:00-04:00,locked_session_preclose_1545_1555_america_new_york,,,,,
trisight_500_late_failed_recovery_shadow,2026-07-13T15:50:00-04:00,PAPER,BUY,BMO,BMO,1.00805740282,178.74,180.18018018,178.74,0,PAPER,success,rebalance_entry,2026-07-13,ts500-lfr-2026-07-13,trisight_sim,ts500_rebalance_entry,2026-07-13T15:50:00-04:00,locked_session_preclose_1545_1555_america_new_york,,,,,
trisight_500_late_failed_recovery_shadow,2026-07-13T15:50:00-04:00,PAPER,BUY,PAA,PAA,7.693432117,23.42,180.18018018,23.42,0,PAPER,success,rebalance_entry,2026-07-13,ts500-lfr-2026-07-13,trisight_sim,ts500_rebalance_entry,2026-07-13T15:50:00-04:00,locked_session_preclose_1545_1555_america_new_york,,,,,
trisight_500_late_failed_recovery_shadow,2026-07-13T15:50:00-04:00,PAPER,BUY,MNDY,MNDY,2.11107416731,85.35,180.18018018,85.35,0,PAPER,success,rebalance_entry,2026-07-13,ts500-lfr-2026-07-13,trisight_sim,ts500_rebalance_entry,2026-07-13T15:50:00-04:00,locked_session_preclose_1545_1555_america_new_york,,,,,
trisight_500_late_failed_recovery_shadow,2026-07-13T15:50:00-04:00,PAPER,BUY,APEI,APEI,3.06168530468,58.85,180.18018018,58.85,0,PAPER,success,rebalance_entry,2026-07-13,ts500-lfr-2026-07-13,trisight_sim,ts500_rebalance_entry,2026-07-13T15:50:00-04:00,locked_session_preclose_1545_1555_america_new_york,,,,,
trisight_500_late_failed_recovery_shadow,2026-07-13T15:50:00-04:00,PAPER,BUY,JACK,JACK,11.7228484177,15.37,180.18018018,15.37,0,PAPER,success,rebalance_entry,2026-07-13,ts500-lfr-2026-07-13,trisight_sim,ts500_rebalance_entry,2026-07-13T15:50:00-04:00,locked_session_preclose_1545_1555_america_new_york,,,,,
trisight_500_late_failed_recovery_shadow,2026-07-13T15:50:00-04:00,PAPER,BUY,TXG,TXG,4.14207310759,43.5,180.18018018,43.5,0,PAPER,success,rebalance_entry,2026-07-13,ts500-lfr-2026-07-13,trisight_sim,ts500_rebalance_entry,2026-07-13T15:50:00-04:00,locked_session_preclose_1545_1555_america_new_york,,,,,
trisight_500_late_failed_recovery_shadow,2026-07-13T15:50:00-04:00,PAPER,BUY,PSO,PSO,10.355182769,17.4,180.18018018,17.4,0,PAPER,success,rebalance_entry,2026-07-13,ts500-lfr-2026-07-13,trisight_sim,ts500_rebalance_entry,2026-07-13T15:50:00-04:00,locked_session_preclose_1545_1555_america_new_york,,,,,
trisight_500_late_failed_recovery_shadow,2026-07-13T15:50:00-04:00,PAPER,BUY,INMD,INMD,11.8228464685,15.24,180.18018018,15.24,0,PAPER,success,rebalance_entry,2026-07-13,ts500-lfr-2026-07-13,trisight_sim,ts500_rebalance_entry,2026-07-13T15:50:00-04:00,locked_session_preclose_1545_1555_america_new_york,,,,,
trisight_500_late_failed_recovery_shadow,2026-07-13T15:50:00-04:00,PAPER,BUY,CAH,CAH,0.765486363243,235.38,180.18018018,235.38,0,PAPER,success,rebalance_entry,2026-07-13,ts500-lfr-2026-07-13,trisight_sim,ts500_rebalance_entry,2026-07-13T15:50:00-04:00,locked_session_preclose_1545_1555_america_new_york,,,,,
trisight_500_late_failed_recovery_shadow,2026-07-13T15:50:00-04:00,PAPER,BUY,NPCE,NPCE,10.4000104,17.325,180.18018018,17.325,0,PAPER,success,rebalance_entry,2026-07-13,ts500-lfr-2026-07-13,trisight_sim,ts500_rebalance_entry,2026-07-13T15:50:00-04:00,locked_session_preclose_1545_1555_america_new_york,,,,,
trisight_500_late_failed_recovery_shadow,2026-07-13T15:50:00-04:00,PAPER,BUY,CXT,CXT,3.54615587837,50.81,180.18018018,50.81,0,PAPER,success,rebalance_entry,2026-07-13,ts500-lfr-2026-07-13,trisight_sim,ts500_rebalance_entry,2026-07-13T15:50:00-04:00,locked_session_preclose_1545_1555_america_new_york,,,,,
trisight_500_late_failed_recovery_shadow,2026-07-13T15:50:00-04:00,PAPER,BUY,CNA,CNA,3.46900616442,51.94,180.18018018,51.94,0,PAPER,success,rebalance_entry,2026-07-13,ts500-lfr-2026-07-13,trisight_sim,ts500_rebalance_entry,2026-07-13T15:50:00-04:00,locked_session_preclose_1545_1555_america_new_york,,,,,
trisight_500_late_failed_recovery_shadow,2026-07-13T15:50:00-04:00,PAPER,BUY,ACIW,ACIW,3.16661125097,56.9,180.18018018,56.9,0,PAPER,success,rebalance_entry,2026-07-13,ts500-lfr-2026-07-13,trisight_sim,ts500_rebalance_entry,2026-07-13T15:50:00-04:00,locked_session_preclose_1545_1555_america_new_york,,,,,
trisight_500_late_failed_recovery_shadow,2026-07-13T15:50:00-04:00,PAPER,BUY,OMCL,OMCL,3.91016016016,46.08,180.18018018,46.08,0,PAPER,success,rebalance_entry,2026-07-13,ts500-lfr-2026-07-13,trisight_sim,ts500_rebalance_entry,2026-07-13T15:50:00-04:00,locked_session_preclose_1545_1555_america_new_york,,,,,
trisight_500_late_failed_recovery_shadow,2026-07-13T15:50:00-04:00,PAPER,BUY,U,U,5.92503058797,30.41,180.18018018,30.41,0,PAPER,success,rebalance_entry,2026-07-13,ts500-lfr-2026-07-13,trisight_sim,ts500_rebalance_entry,2026-07-13T15:50:00-04:00,locked_session_preclose_1545_1555_america_new_york,,,,,
trisight_500_late_failed_recovery_shadow,2026-07-13T15:50:00-04:00,PAPER,BUY,ADM,ADM,2.20836107587,81.59,180.18018018,81.59,0,PAPER,success,rebalance_entry,2026-07-13,ts500-lfr-2026-07-13,trisight_sim,ts500_rebalance_entry,2026-07-13T15:50:00-04:00,locked_session_preclose_1545_1555_america_new_york,,,,,
trisight_500_late_failed_recovery_shadow,2026-07-13T15:50:00-04:00,PAPER,BUY,HUM,HUM,0.444628594787,405.2375,180.18018018,405.2375,0,PAPER,success,rebalance_entry,2026-07-13,ts500-lfr-2026-07-13,trisight_sim,ts500_rebalance_entry,2026-07-13T15:50:00-04:00,locked_session_preclose_1545_1555_america_new_york,,,,,
trisight_500_late_failed_recovery_shadow,2026-07-13T15:50:00-04:00,PAPER,BUY,ADP,ADP,0.729503948258,246.99,180.18018018,246.99,0,PAPER,success,rebalance_entry,2026-07-13,ts500-lfr-2026-07-13,trisight_sim,ts500_rebalance_entry,2026-07-13T15:50:00-04:00,locked_session_preclose_1545_1555_america_new_york,,,,,
trisight_500_late_failed_recovery_shadow,2026-07-13T15:50:00-04:00,PAPER,BUY,CALM,CALM,2.07139369064,86.985,180.18018018,86.985,0,PAPER,success,rebalance_entry,2026-07-13,ts500-lfr-2026-07-13,trisight_sim,ts500_rebalance_entry,2026-07-13T15:50:00-04:00,locked_session_preclose_1545_1555_america_new_york,,,,,
trisight_500_late_failed_recovery_shadow,2026-07-13T15:50:00-04:00,PAPER,BUY,BAND,BAND,2.41318127878,74.665,180.18018018,74.665,0,PAPER,success,rebalance_entry,2026-07-13,ts500-lfr-2026-07-13,trisight_sim,ts500_rebalance_entry,2026-07-13T15:50:00-04:00,locked_session_preclose_1545_1555_america_new_york,,,,,
trisight_500_late_failed_recovery_shadow,2026-07-13T15:50:00-04:00,PAPER,BUY,UL,UL,2.93405276307,61.41,180.18018018,61.41,0,PAPER,success,rebalance_entry,2026-07-13,ts500-lfr-2026-07-13,trisight_sim,ts500_rebalance_entry,2026-07-13T15:50:00-04:00,locked_session_preclose_1545_1555_america_new_york,,,,,
trisight_500_late_failed_recovery_shadow,2026-07-13T15:50:00-04:00,PAPER,BUY,ASTH,ASTH,3.76237586511,47.89,180.18018018,47.89,0,PAPER,success,rebalance_entry,2026-07-13,ts500-lfr-2026-07-13,trisight_sim,ts500_rebalance_entry,2026-07-13T15:50:00-04:00,locked_session_preclose_1545_1555_america_new_york,,,,,
trisight_500_late_failed_recovery_shadow,2026-07-13T15:50:00-04:00,PAPER,BUY,WYFI,WYFI,4.69341443553,38.39,180.18018018,38.39,0,PAPER,success,rebalance_entry,2026-07-13,ts500-lfr-2026-07-13,trisight_sim,ts500_rebalance_entry,2026-07-13T15:50:00-04:00,locked_session_preclose_1545_1555_america_new_york,,,,,
trisight_500_late_failed_recovery_shadow,2026-07-13T15:50:00-04:00,PAPER,BUY,JD,JD,6.22061730296,28.965,180.18018018,28.965,0,PAPER,success,rebalance_entry,2026-07-13,ts500-lfr-2026-07-13,trisight_sim,ts500_rebalance_entry,2026-07-13T15:50:00-04:00,locked_session_preclose_1545_1555_america_new_york,,,,,
trisight_500_late_failed_recovery_shadow,2026-07-13T15:50:00-04:00,PAPER,BUY,FCN,FCN,1.1256336614,160.07,180.18018018,160.07,0,PAPER,success,rebalance_entry,2026-07-13,ts500-lfr-2026-07-13,trisight_sim,ts500_rebalance_entry,2026-07-13T15:50:00-04:00,locked_session_preclose_1545_1555_america_new_york,,,,,
trisight_500_late_failed_recovery_shadow,2026-07-13T15:50:00-04:00,PAPER,BUY,ALL,ALL,0.711893244489,253.1,180.18018018,253.1,0,PAPER,success,rebalance_entry,2026-07-13,ts500-lfr-2026-07-13,trisight_sim,ts500_rebalance_entry,2026-07-13T15:50:00-04:00,locked_session_preclose_1545_1555_america_new_york,,,,,
trisight_500_late_failed_recovery_shadow,2026-07-13T15:50:00-04:00,PAPER,BUY,HIPO,HIPO,6.14111043559,29.34,180.18018018,29.34,0,PAPER,success,rebalance_entry,2026-07-13,ts500-lfr-2026-07-13,trisight_sim,ts500_rebalance_entry,2026-07-13T15:50:00-04:00,locked_session_preclose_1545_1555_america_new_york,,,,,
trisight_500_late_failed_recovery_shadow,2026-07-13T15:50:00-04:00,PAPER,BUY,RAPP,RAPP,4.4588017862,40.41,180.18018018,40.41,0,PAPER,success,rebalance_entry,2026-07-13,ts500-lfr-2026-07-13,trisight_sim,ts500_rebalance_entry,2026-07-13T15:50:00-04:00,locked_session_preclose_1545_1555_america_new_york,,,,,
trisight_500_late_failed_recovery_shadow,2026-07-13T15:50:00-04:00,PAPER,BUY,SAH,SAH,1.94034223756,92.86,180.18018018,92.86,0,PAPER,success,rebalance_entry,2026-07-13,ts500-lfr-2026-07-13,trisight_sim,ts500_rebalance_entry,2026-07-13T15:50:00-04:00,locked_session_preclose_1545_1555_america_new_york,,,,,
trisight_500_late_failed_recovery_shadow,2026-07-13T15:50:00-04:00,PAPER,BUY,TTAN,TTAN,2.27199016683,79.305,180.18018018,79.305,0,PAPER,success,rebalance_entry,2026-07-13,ts500-lfr-2026-07-13,trisight_sim,ts500_rebalance_entry,2026-07-13T15:50:00-04:00,locked_session_preclose_1545_1555_america_new_york,,,,,
trisight_500_late_failed_recovery_shadow,2026-07-13T15:50:00-04:00,PAPER,BUY,XMTR,XMTR,1.88887912968,95.39,180.18018018,95.39,0,PAPER,success,rebalance_entry,2026-07-13,ts500-lfr-2026-07-13,trisight_sim,ts500_rebalance_entry,2026-07-13T15:50:00-04:00,locked_session_preclose_1545_1555_america_new_york,,,,,
trisight_500_late_failed_recovery_shadow,2026-07-13T15:50:00-04:00,PAPER,BUY,NGNE,NGNE,4.730380157,38.09,180.18018018,38.09,0,PAPER,success,rebalance_entry,2026-07-13,ts500-lfr-2026-07-13,trisight_sim,ts500_rebalance_entry,2026-07-13T15:50:00-04:00,locked_session_preclose_1545_1555_america_new_york,,,,,
trisight_500_late_failed_recovery_shadow,2026-07-13T15:50:00-04:00,PAPER,BUY,NTR,NTR,2.66027137428,67.73,180.18018018,67.73,0,PAPER,success,rebalance_entry,2026-07-13,ts500-lfr-2026-07-13,trisight_sim,ts500_rebalance_entry,2026-07-13T15:50:00-04:00,locked_session_preclose_1545_1555_america_new_york,,,,,
trisight_500_late_failed_recovery_shadow,2026-07-13T15:50:00-04:00,PAPER,BUY,FDP,FDP,6.16633060165,29.22,180.18018018,29.22,0,PAPER,success,rebalance_entry,2026-07-13,ts500-lfr-2026-07-13,trisight_sim,ts500_rebalance_entry,2026-07-13T15:50:00-04:00,locked_session_preclose_1545_1555_america_new_york,,,,,
trisight_500_late_failed_recovery_shadow,2026-07-13T15:50:00-04:00,PAPER,BUY,PRKS,PRKS,3.77973946256,47.67,180.18018018,47.67,0,PAPER,success,rebalance_entry,2026-07-13,ts500-lfr-2026-07-13,trisight_sim,ts500_rebalance_entry,2026-07-13T15:50:00-04:00,locked_session_preclose_1545_1555_america_new_york,,,,,
trisight_500_late_failed_recovery_shadow,2026-07-13T15:50:00-04:00,PAPER,BUY,APPF,APPF,1.01776586652,177.035,180.18018018,177.035,0,PAPER,success,rebalance_entry,2026-07-13,ts500-lfr-2026-07-13,trisight_sim,ts500_rebalance_entry,2026-07-13T15:50:00-04:00,locked_session_preclose_1545_1555_america_new_york,,,,,
trisight_500_late_failed_recovery_shadow,2026-07-13T15:50:00-04:00,PAPER,BUY,ADUS,ADUS,1.65060626768,109.16,180.18018018,109.16,0,PAPER,success,rebalance_entry,2026-07-13,ts500-lfr-2026-07-13,trisight_sim,ts500_rebalance_entry,2026-07-13T15:50:00-04:00,locked_session_preclose_1545_1555_america_new_york,,,,,
trisight_500_late_failed_recovery_shadow,2026-07-13T15:50:00-04:00,PAPER,BUY,SPSC,SPSC,2.91035664966,61.91,180.18018018,61.91,0,PAPER,success,rebalance_entry,2026-07-13,ts500-lfr-2026-07-13,trisight_sim,ts500_rebalance_entry,2026-07-13T15:50:00-04:00,locked_session_preclose_1545_1555_america_new_york,,,,,
trisight_500_late_failed_recovery_shadow,2026-07-13T15:50:00-04:00,PAPER,BUY,DAR,DAR,2.91624472251,61.785,180.18018018,61.785,0,PAPER,success,rebalance_entry,2026-07-13,ts500-lfr-2026-07-13,trisight_sim,ts500_rebalance_entry,2026-07-13T15:50:00-04:00,locked_session_preclose_1545_1555_america_new_york,,,,,
trisight_500_late_failed_recovery_shadow,2026-07-13T15:50:00-04:00,PAPER,BUY,TBBK,TBBK,2.70805110363,66.535,180.18018018,66.535,0,PAPER,success,rebalance_entry,2026-07-13,ts500-lfr-2026-07-13,trisight_sim,ts500_rebalance_entry,2026-07-13T15:50:00-04:00,locked_session_preclose_1545_1555_america_new_york,,,,,
trisight_500_late_failed_recovery_shadow,2026-07-13T15:50:00-04:00,PAPER,BUY,ACHC,ACHC,5.7354824186,31.415,180.18018018,31.415,0,PAPER,success,rebalance_entry,2026-07-13,ts500-lfr-2026-07-13,trisight_sim,ts500_rebalance_entry,2026-07-13T15:50:00-04:00,locked_session_preclose_1545_1555_america_new_york,,,,,
trisight_500_late_failed_recovery_shadow,2026-07-13T15:50:00-04:00,PAPER,BUY,CBRL,CBRL,3.54197326873,50.87,180.18018018,50.87,0,PAPER,success,rebalance_entry,2026-07-13,ts500-lfr-2026-07-13,trisight_sim,ts500_rebalance_entry,2026-07-13T15:50:00-04:00,locked_session_preclose_1545_1555_america_new_york,,,,,
trisight_500_late_failed_recovery_shadow,2026-07-13T15:50:00-04:00,PAPER,BUY,GRAL,GRAL,2.4972997946,72.15,180.18018018,72.15,0,PAPER,success,rebalance_entry,2026-07-13,ts500-lfr-2026-07-13,trisight_sim,ts500_rebalance_entry,2026-07-13T15:50:00-04:00,locked_session_preclose_1545_1555_america_new_york,,,,,
trisight_500_late_failed_recovery_shadow,2026-07-13T15:50:00-04:00,PAPER,BUY,CRM,CRM,1.06751299097,168.785,180.18018018,168.785,0,PAPER,success,rebalance_entry,2026-07-13,ts500-lfr-2026-07-13,trisight_sim,ts500_rebalance_entry,2026-07-13T15:50:00-04:00,locked_session_preclose_1545_1555_america_new_york,,,,,
trisight_500_late_failed_recovery_shadow,2026-07-13T15:50:00-04:00,PAPER,BUY,WMG,WMG,6.11817250187,29.45,180.18018018,29.45,0,PAPER,success,rebalance_entry,2026-07-13,ts500-lfr-2026-07-13,trisight_sim,ts500_rebalance_entry,2026-07-13T15:50:00-04:00,locked_session_preclose_1545_1555_america_new_york,,,,,
trisight_500_late_failed_recovery_shadow,2026-07-13T15:50:00-04:00,PAPER,BUY,ATRC,ATRC,5.16423560276,34.89,180.18018018,34.89,0,PAPER,success,rebalance_entry,2026-07-13,ts500-lfr-2026-07-13,trisight_sim,ts500_rebalance_entry,2026-07-13T15:50:00-04:00,locked_session_preclose_1545_1555_america_new_york,,,,,
trisight_500_late_failed_recovery_shadow,2026-07-13T15:50:00-04:00,PAPER,BUY,FIS,FIS,4.25254142507,42.37,180.18018018,42.37,0,PAPER,success,rebalance_entry,2026-07-13,ts500-lfr-2026-07-13,trisight_sim,ts500_rebalance_entry,2026-07-13T15:50:00-04:00,locked_session_preclose_1545_1555_america_new_york,,,,,
trisight_500_late_failed_recovery_shadow,2026-07-13T15:50:00-04:00,PAPER,BUY,BCO,BCO,1.68408430863,106.99,180.18018018,106.99,0,PAPER,success,rebalance_entry,2026-07-13,ts500-lfr-2026-07-13,trisight_sim,ts500_rebalance_entry,2026-07-13T15:50:00-04:00,locked_session_preclose_1545_1555_america_new_york,,,,,
trisight_500_late_failed_recovery_shadow,2026-07-13T15:50:00-04:00,PAPER,BUY,VRNS,VRNS,3.9118580152,46.06,180.18018018,46.06,0,PAPER,success,rebalance_entry,2026-07-13,ts500-lfr-2026-07-13,trisight_sim,ts500_rebalance_entry,2026-07-13T15:50:00-04:00,locked_session_preclose_1545_1555_america_new_york,,,,,
trisight_500_late_failed_recovery_shadow,2026-07-13T15:50:00-04:00,PAPER,BUY,SHC,SHC,9.82443730535,18.34,180.18018018,18.34,0,PAPER,success,rebalance_entry,2026-07-13,ts500-lfr-2026-07-13,trisight_sim,ts500_rebalance_entry,2026-07-13T15:50:00-04:00,locked_session_preclose_1545_1555_america_new_york,,,,,
trisight_500_late_failed_recovery_shadow,2026-07-13T15:50:00-04:00,PAPER,BUY,LW,LW,3.79326695116,47.5,180.18018018,47.5,0,PAPER,success,rebalance_entry,2026-07-13,ts500-lfr-2026-07-13,trisight_sim,ts500_rebalance_entry,2026-07-13T15:50:00-04:00,locked_session_preclose_1545_1555_america_new_york,,,,,
trisight_500_late_failed_recovery_shadow,2026-07-13T15:50:00-04:00,PAPER,BUY,ESTC,ESTC,2.87837419754,62.5979,180.18018018,62.5979,0,PAPER,success,rebalance_entry,2026-07-13,ts500-lfr-2026-07-13,trisight_sim,ts500_rebalance_entry,2026-07-13T15:50:00-04:00,locked_session_preclose_1545_1555_america_new_york,,,,,
trisight_500_late_failed_recovery_shadow,2026-07-13T15:50:00-04:00,PAPER,BUY,AVO,AVO,13.3863432526,13.46,180.18018018,13.46,0,PAPER,success,rebalance_entry,2026-07-13,ts500-lfr-2026-07-13,trisight_sim,ts500_rebalance_entry,2026-07-13T15:50:00-04:00,locked_session_preclose_1545_1555_america_new_york,,,,,
trisight_500_late_failed_recovery_shadow,2026-07-13T15:50:00-04:00,PAPER,BUY,SLDE,SLDE,8.58000858001,21,180.18018018,21,0,PAPER,success,rebalance_entry,2026-07-13,ts500-lfr-2026-07-13,trisight_sim,ts500_rebalance_entry,2026-07-13T15:50:00-04:00,locked_session_preclose_1545_1555_america_new_york,,,,,
trisight_500_late_failed_recovery_shadow,2026-07-13T15:50:00-04:00,PAPER,BUY,KOD,KOD,4.45769866849,40.42,180.18018018,40.42,0,PAPER,success,rebalance_entry,2026-07-13,ts500-lfr-2026-07-13,trisight_sim,ts500_rebalance_entry,2026-07-13T15:50:00-04:00,locked_session_preclose_1545_1555_america_new_york,,,,,
trisight_500_late_failed_recovery_shadow,2026-07-13T15:50:00-04:00,PAPER,BUY,OXY,OXY,3.34100093047,53.93,180.18018018,53.93,0,PAPER,success,rebalance_entry,2026-07-13,ts500-lfr-2026-07-13,trisight_sim,ts500_rebalance_entry,2026-07-13T15:50:00-04:00,locked_session_preclose_1545_1555_america_new_york,,,,,
trisight_500_late_failed_recovery_shadow,2026-07-13T15:50:00-04:00,PAPER,BUY,GIS,GIS,4.8763242268,36.95,180.18018018,36.95,0,PAPER,success,rebalance_entry,2026-07-13,ts500-lfr-2026-07-13,trisight_sim,ts500_rebalance_entry,2026-07-13T15:50:00-04:00,locked_session_preclose_1545_1555_america_new_york,,,,,
trisight_500_late_failed_recovery_shadow,2026-07-13T15:50:00-04:00,PAPER,BUY,MAX,MAX,13.3516250597,13.495,180.18018018,13.495,0,PAPER,success,rebalance_entry,2026-07-13,ts500-lfr-2026-07-13,trisight_sim,ts500_rebalance_entry,2026-07-13T15:50:00-04:00,locked_session_preclose_1545_1555_america_new_york,,,,,
trisight_500_late_failed_recovery_shadow,2026-07-13T15:50:00-04:00,PAPER,BUY,CART,CART,3.70588605883,48.62,180.18018018,48.62,0,PAPER,success,rebalance_entry,2026-07-13,ts500-lfr-2026-07-13,trisight_sim,ts500_rebalance_entry,2026-07-13T15:50:00-04:00,locked_session_preclose_1545_1555_america_new_york,,,,,
trisight_500_late_failed_recovery_shadow,2026-07-13T15:50:00-04:00,PAPER,BUY,TECX,TECX,5.20451127037,34.62,180.18018018,34.62,0,PAPER,success,rebalance_entry,2026-07-13,ts500-lfr-2026-07-13,trisight_sim,ts500_rebalance_entry,2026-07-13T15:50:00-04:00,locked_session_preclose_1545_1555_america_new_york,,,,,
trisight_500_late_failed_recovery_shadow,2026-07-13T15:50:00-04:00,PAPER,BUY,NESR,NESR,6.29340482641,28.63,180.18018018,28.63,0,PAPER,success,rebalance_entry,2026-07-13,ts500-lfr-2026-07-13,trisight_sim,ts500_rebalance_entry,2026-07-13T15:50:00-04:00,locked_session_preclose_1545_1555_america_new_york,,,,,
trisight_500_late_failed_recovery_shadow,2026-07-13T15:50:00-04:00,PAPER,BUY,SMFG,SMFG,6.95542096816,25.905,180.18018018,25.905,0,PAPER,success,rebalance_entry,2026-07-13,ts500-lfr-2026-07-13,trisight_sim,ts500_rebalance_entry,2026-07-13T15:50:00-04:00,locked_session_preclose_1545_1555_america_new_york,,,,,
trisight_500_late_failed_recovery_shadow,2026-07-13T15:50:00-04:00,PAPER,BUY,PAR,PAR,10.3850247942,17.35,180.18018018,17.35,0,PAPER,success,rebalance_entry,2026-07-13,ts500-lfr-2026-07-13,trisight_sim,ts500_rebalance_entry,2026-07-13T15:50:00-04:00,locked_session_preclose_1545_1555_america_new_york,,,,,
trisight_500_late_failed_recovery_shadow,2026-07-13T15:50:00-04:00,PAPER,BUY,USFD,USFD,1.77464966197,101.53,180.18018018,101.53,0,PAPER,success,rebalance_entry,2026-07-13,ts500-lfr-2026-07-13,trisight_sim,ts500_rebalance_entry,2026-07-13T15:50:00-04:00,locked_session_preclose_1545_1555_america_new_york,,,,,
trisight_500_late_failed_recovery_shadow,2026-07-13T15:50:00-04:00,PAPER,BUY,ELF,ELF,2.35084063122,76.645,180.18018018,76.645,0,PAPER,success,rebalance_entry,2026-07-13,ts500-lfr-2026-07-13,trisight_sim,ts500_rebalance_entry,2026-07-13T15:50:00-04:00,locked_session_preclose_1545_1555_america_new_york,,,,,
trisight_500_late_failed_recovery_shadow,2026-07-13T15:50:00-04:00,PAPER,BUY,FTK,FTK,7.11331149547,25.33,180.18018018,25.33,0,PAPER,success,rebalance_entry,2026-07-13,ts500-lfr-2026-07-13,trisight_sim,ts500_rebalance_entry,2026-07-13T15:50:00-04:00,locked_session_preclose_1545_1555_america_new_york,,,,,
trisight_500_late_failed_recovery_shadow,2026-07-13T15:50:00-04:00,PAPER,BUY,KIDS,KIDS,8.73812706984,20.62,180.18018018,20.62,0,PAPER,success,rebalance_entry,2026-07-13,ts500-lfr-2026-07-13,trisight_sim,ts500_rebalance_entry,2026-07-13T15:50:00-04:00,locked_session_preclose_1545_1555_america_new_york,,,,,
trisight_500_late_failed_recovery_shadow,2026-07-13T15:50:00-04:00,PAPER,BUY,IOT,IOT,4.80993540257,37.46,180.18018018,37.46,0,PAPER,success,rebalance_entry,2026-07-13,ts500-lfr-2026-07-13,trisight_sim,ts500_rebalance_entry,2026-07-13T15:50:00-04:00,locked_session_preclose_1545_1555_america_new_york,,,,,
trisight_500_late_failed_recovery_shadow,2026-07-13T15:50:00-04:00,PAPER,BUY,EXPO,EXPO,2.84509995547,63.33,180.18018018,63.33,0,PAPER,success,rebalance_entry,2026-07-13,ts500-lfr-2026-07-13,trisight_sim,ts500_rebalance_entry,2026-07-13T15:50:00-04:00,locked_session_preclose_1545_1555_america_new_york,,,,,
trisight_500_late_failed_recovery_shadow,2026-07-13T15:50:00-04:00,PAPER,BUY,MMYT,MMYT,3.08000308,58.5,180.18018018,58.5,0,PAPER,success,rebalance_entry,2026-07-13,ts500-lfr-2026-07-13,trisight_sim,ts500_rebalance_entry,2026-07-13T15:50:00-04:00,locked_session_preclose_1545_1555_america_new_york,,,,,
trisight_500_late_failed_recovery_shadow,2026-07-13T15:50:00-04:00,PAPER,BUY,KTB,KTB,2.11603265038,85.15,180.18018018,85.15,0,PAPER,success,rebalance_entry,2026-07-13,ts500-lfr-2026-07-13,trisight_sim,ts500_rebalance_entry,2026-07-13T15:50:00-04:00,locked_session_preclose_1545_1555_america_new_york,,,,,
trisight_500_late_failed_recovery_shadow,2026-07-13T15:50:00-04:00,PAPER,BUY,HNI,HNI,4.50337865984,40.01,180.18018018,40.01,0,PAPER,success,rebalance_entry,2026-07-13,ts500-lfr-2026-07-13,trisight_sim,ts500_rebalance_entry,2026-07-13T15:50:00-04:00,locked_session_preclose_1545_1555_america_new_york,,,,,
trisight_500_late_failed_recovery_shadow,2026-07-13T15:50:00-04:00,PAPER,BUY,AXS,AXS,1.57997351964,114.04,180.18018018,114.04,0,PAPER,success,rebalance_entry,2026-07-13,ts500-lfr-2026-07-13,trisight_sim,ts500_rebalance_entry,2026-07-13T15:50:00-04:00,locked_session_preclose_1545_1555_america_new_york,,,,,
trisight_500_late_failed_recovery_shadow,2026-07-13T15:50:00-04:00,PAPER,BUY,TIMB,TIMB,8.10162680666,22.24,180.18018018,22.24,0,PAPER,success,rebalance_entry,2026-07-13,ts500-lfr-2026-07-13,trisight_sim,ts500_rebalance_entry,2026-07-13T15:50:00-04:00,locked_session_preclose_1545_1555_america_new_york,,,,,
trisight_500_late_failed_recovery_shadow,2026-07-13T15:50:00-04:00,PAPER,BUY,XYL,XYL,1.47852279309,121.865,180.18018018,121.865,0,PAPER,success,rebalance_entry,2026-07-13,ts500-lfr-2026-07-13,trisight_sim,ts500_rebalance_entry,2026-07-13T15:50:00-04:00,locked_session_preclose_1545_1555_america_new_york,,,,,
trisight_500_late_failed_recovery_shadow,2026-07-13T15:50:00-04:00,PAPER,BUY,SNOW,SNOW,0.669690318454,269.05,180.18018018,269.05,0,PAPER,success,rebalance_entry,2026-07-13,ts500-lfr-2026-07-13,trisight_sim,ts500_rebalance_entry,2026-07-13T15:50:00-04:00,locked_session_preclose_1545_1555_america_new_york,,,,,
trisight_500_late_failed_recovery_shadow,2026-07-13T15:50:00-04:00,PAPER,BUY,SHAK,SHAK,2.93931778434,61.3,180.18018018,61.3,0,PAPER,success,rebalance_entry,2026-07-13,ts500-lfr-2026-07-13,trisight_sim,ts500_rebalance_entry,2026-07-13T15:50:00-04:00,locked_session_preclose_1545_1555_america_new_york,,,,,
trisight_500_late_failed_recovery_shadow,2026-07-13T15:50:00-04:00,PAPER,BUY,TMDX,TMDX,2.37955863946,75.72,180.18018018,75.72,0,PAPER,success,rebalance_entry,2026-07-13,ts500-lfr-2026-07-13,trisight_sim,ts500_rebalance_entry,2026-07-13T15:50:00-04:00,locked_session_preclose_1545_1555_america_new_york,,,,,
trisight_500_late_failed_recovery_shadow,2026-07-13T15:50:00-04:00,PAPER,BUY,NSIT,NSIT,1.49378361947,120.62,180.18018018,120.62,0,PAPER,success,rebalance_entry,2026-07-13,ts500-lfr-2026-07-13,trisight_sim,ts500_rebalance_entry,2026-07-13T15:50:00-04:00,locked_session_preclose_1545_1555_america_new_york,,,,,
trisight_500_late_failed_recovery_shadow,2026-07-13T15:50:00-04:00,PAPER,BUY,CTVA,CTVA,2.08276708103,86.51,180.18018018,86.51,0,PAPER,success,rebalance_entry,2026-07-13,ts500-lfr-2026-07-13,trisight_sim,ts500_rebalance_entry,2026-07-13T15:50:00-04:00,locked_session_preclose_1545_1555_america_new_york,,,,,
trisight_500_late_failed_recovery_shadow,2026-07-13T15:50:00-04:00,PAPER,BUY,CXW,CXW,5.70461232168,31.585,180.18018018,31.585,0,PAPER,success,rebalance_entry,2026-07-13,ts500-lfr-2026-07-13,trisight_sim,ts500_rebalance_entry,2026-07-13T15:50:00-04:00,locked_session_preclose_1545_1555_america_new_york,,,,,
trisight_500_late_failed_recovery_shadow,2026-07-13T15:50:00-04:00,PAPER,BUY,PAYC,PAYC,1.2688298312,142.005,180.18018018,142.005,0,PAPER,success,rebalance_entry,2026-07-13,ts500-lfr-2026-07-13,trisight_sim,ts500_rebalance_entry,2026-07-13T15:50:00-04:00,locked_session_preclose_1545_1555_america_new_york,,,,,
trisight_500_late_failed_recovery_shadow,2026-07-13T15:50:00-04:00,PAPER,BUY,DOCU,DOCU,3.62681522102,49.68,180.18018018,49.68,0,PAPER,success,rebalance_entry,2026-07-13,ts500-lfr-2026-07-13,trisight_sim,ts500_rebalance_entry,2026-07-13T15:50:00-04:00,locked_session_preclose_1545_1555_america_new_york,,,,,
trisight_500_late_failed_recovery_shadow,2026-07-13T15:50:00-04:00,PAPER,BUY,AJG,AJG,0.701608894436,256.81,180.18018018,256.81,0,PAPER,success,rebalance_entry,2026-07-13,ts500-lfr-2026-07-13,trisight_sim,ts500_rebalance_entry,2026-07-13T15:50:00-04:00,locked_session_preclose_1545_1555_america_new_york,,,,,
trisight_500_late_failed_recovery_shadow,2026-07-13T15:50:00-04:00,PAPER,BUY,RDDT,RDDT,0.891054745958,202.21,180.18018018,202.21,0,PAPER,success,rebalance_entry,2026-07-13,ts500-lfr-2026-07-13,trisight_sim,ts500_rebalance_entry,2026-07-13T15:50:00-04:00,locked_session_preclose_1545_1555_america_new_york,,,,,
trisight_500_late_failed_recovery_shadow,2026-07-13T15:50:00-04:00,PAPER,BUY,PRVA,PRVA,6.50469964549,27.7,180.18018018,27.7,0,PAPER,success,rebalance_entry,2026-07-13,ts500-lfr-2026-07-13,trisight_sim,ts500_rebalance_entry,2026-07-13T15:50:00-04:00,locked_session_preclose_1545_1555_america_new_york,,,,,
trisight_500_late_failed_recovery_shadow,2026-07-13T15:50:00-04:00,PAPER,BUY,KVYO,KVYO,10.3820328539,17.355,180.18018018,17.355,0,PAPER,success,rebalance_entry,2026-07-13,ts500-lfr-2026-07-13,trisight_sim,ts500_rebalance_entry,2026-07-13T15:50:00-04:00,locked_session_preclose_1545_1555_america_new_york,,,,,
trisight_500_late_failed_recovery_shadow,2026-07-13T15:50:00-04:00,PAPER,BUY,WM,WM,0.762538322317,236.29,180.18018018,236.29,0,PAPER,success,rebalance_entry,2026-07-13,ts500-lfr-2026-07-13,trisight_sim,ts500_rebalance_entry,2026-07-13T15:50:00-04:00,locked_session_preclose_1545_1555_america_new_york,,,,,
trisight_500_late_failed_recovery_shadow,2026-07-13T15:50:00-04:00,PAPER,BUY,HNGE,HNGE,2.0047864276,89.875,180.18018018,89.875,0,PAPER,success,rebalance_entry,2026-07-13,ts500-lfr-2026-07-13,trisight_sim,ts500_rebalance_entry,2026-07-13T15:50:00-04:00,locked_session_preclose_1545_1555_america_new_york,,,,,
trisight_500_late_failed_recovery_shadow,2026-07-13T15:50:00-04:00,PAPER,BUY,AWR,AWR,2.11677843257,85.12,180.18018018,85.12,0,PAPER,success,rebalance_entry,2026-07-13,ts500-lfr-2026-07-13,trisight_sim,ts500_rebalance_entry,2026-07-13T15:50:00-04:00,locked_session_preclose_1545_1555_america_new_york,,,,,
trisight_500_late_failed_recovery_shadow,2026-07-13T15:50:00-04:00,PAPER,BUY,VRSK,VRSK,0.947668333141,190.13,180.18018018,190.13,0,PAPER,success,rebalance_entry,2026-07-13,ts500-lfr-2026-07-13,trisight_sim,ts500_rebalance_entry,2026-07-13T15:50:00-04:00,locked_session_preclose_1545_1555_america_new_york,,,,,
trisight_500_late_failed_recovery_shadow,2026-07-13T15:50:00-04:00,PAPER,BUY,EE,EE,4.57136065407,39.415,180.18018018,39.415,0,PAPER,success,rebalance_entry,2026-07-13,ts500-lfr-2026-07-13,trisight_sim,ts500_rebalance_entry,2026-07-13T15:50:00-04:00,locked_session_preclose_1545_1555_america_new_york,,,,,
trisight_500_late_failed_recovery_shadow,2026-07-13T15:50:00-04:00,PAPER,BUY,LMND,LMND,2.55756110973,70.45,180.18018018,70.45,0,PAPER,success,rebalance_entry,2026-07-13,ts500-lfr-2026-07-13,trisight_sim,ts500_rebalance_entry,2026-07-13T15:50:00-04:00,locked_session_preclose_1545_1555_america_new_york,,,,,
trisight_500_late_failed_recovery_shadow,2026-07-13T15:50:00-04:00,PAPER,BUY,CCSI,CCSI,4.78185191561,37.68,180.18018018,37.68,0,PAPER,success,rebalance_entry,2026-07-13,ts500-lfr-2026-07-13,trisight_sim,ts500_rebalance_entry,2026-07-13T15:50:00-04:00,locked_session_preclose_1545_1555_america_new_york,,,,,
trisight_500_late_failed_recovery_shadow,2026-07-13T15:50:00-04:00,PAPER,BUY,PAGP,PAGP,7.14150535791,25.23,180.18018018,25.23,0,PAPER,success,rebalance_entry,2026-07-13,ts500-lfr-2026-07-13,trisight_sim,ts500_rebalance_entry,2026-07-13T15:50:00-04:00,locked_session_preclose_1545_1555_america_new_york,,,,,
trisight_500_late_failed_recovery_shadow,2026-07-13T15:50:00-04:00,PAPER,BUY,MORN,MORN,1.05553708366,170.7,180.18018018,170.7,0,PAPER,success,rebalance_entry,2026-07-13,ts500-lfr-2026-07-13,trisight_sim,ts500_rebalance_entry,2026-07-13T15:50:00-04:00,locked_session_preclose_1545_1555_america_new_york,,,,,
trisight_500_late_failed_recovery_shadow,2026-07-13T15:50:00-04:00,PAPER,BUY,GDDY,GDDY,1.99712015274,90.22,180.18018018,90.22,0,PAPER,success,rebalance_entry,2026-07-13,ts500-lfr-2026-07-13,trisight_sim,ts500_rebalance_entry,2026-07-13T15:50:00-04:00,locked_session_preclose_1545_1555_america_new_york,,,,,
trisight_500_late_failed_recovery_shadow,2026-07-13T15:50:00-04:00,PAPER,BUY,ANDE,ANDE,2.43981286635,73.85,180.18018018,73.85,0,PAPER,success,rebalance_entry,2026-07-13,ts500-lfr-2026-07-13,trisight_sim,ts500_rebalance_entry,2026-07-13T15:50:00-04:00,locked_session_preclose_1545_1555_america_new_york,,,,,
trisight_500_late_failed_recovery_shadow,2026-07-13T15:50:00-04:00,PAPER,BUY,OXM,OXM,4.76037464148,37.85,180.18018018,37.85,0,PAPER,success,rebalance_entry,2026-07-13,ts500-lfr-2026-07-13,trisight_sim,ts500_rebalance_entry,2026-07-13T15:50:00-04:00,locked_session_preclose_1545_1555_america_new_york,,,,,
trisight_500_late_failed_recovery_shadow,2026-07-13T15:50:00-04:00,PAPER,BUY,MTB,MTB,0.743133631033,242.46,180.18018018,242.46,0,PAPER,success,rebalance_entry,2026-07-13,ts500-lfr-2026-07-13,trisight_sim,ts500_rebalance_entry,2026-07-13T15:50:00-04:00,locked_session_preclose_1545_1555_america_new_york,,,,,
trisight_500_late_failed_recovery_shadow,2026-07-13T15:50:00-04:00,PAPER,BUY,WRB,WRB,2.46653224066,73.05,180.18018018,73.05,0,PAPER,success,rebalance_entry,2026-07-13,ts500-lfr-2026-07-13,trisight_sim,ts500_rebalance_entry,2026-07-13T15:50:00-04:00,locked_session_preclose_1545_1555_america_new_york,,,,,
trisight_500_late_failed_recovery_shadow,2026-07-13T15:50:00-04:00,PAPER,BUY,CAG,CAG,12.5342734038,14.375,180.18018018,14.375,0,PAPER,success,rebalance_entry,2026-07-13,ts500-lfr-2026-07-13,trisight_sim,ts500_rebalance_entry,2026-07-13T15:50:00-04:00,locked_session_preclose_1545_1555_america_new_york,,,,,
trisight_500_late_failed_recovery_shadow,2026-07-13T15:50:00-04:00,PAPER,BUY,AHR,AHR,3.31762438189,54.31,180.18018018,54.31,0,PAPER,success,rebalance_entry,2026-07-13,ts500-lfr-2026-07-13,trisight_sim,ts500_rebalance_entry,2026-07-13T15:50:00-04:00,locked_session_preclose_1545_1555_america_new_york,,,,,
trisight_500_late_failed_recovery_shadow,2026-07-13T15:50:00-04:00,PAPER,BUY,MUFG,MUFG,8.20305851037,21.965,180.18018018,21.965,0,PAPER,success,rebalance_entry,2026-07-13,ts500-lfr-2026-07-13,trisight_sim,ts500_rebalance_entry,2026-07-13T15:50:00-04:00,locked_session_preclose_1545_1555_america_new_york,,,,,
trisight_500_late_failed_recovery_shadow,2026-07-13T15:50:00-04:00,PAPER,BUY,YUM,YUM,1.10299764427,163.355,180.18018018,163.355,0,PAPER,success,rebalance_entry,2026-07-13,ts500-lfr-2026-07-13,trisight_sim,ts500_rebalance_entry,2026-07-13T15:50:00-04:00,locked_session_preclose_1545_1555_america_new_york,,,,,
trisight_500_late_failed_recovery_shadow,2026-07-13T15:50:00-04:00,PAPER,BUY,ESS,ESS,0.605240779913,297.7,180.18018018,297.7,0,PAPER,success,rebalance_entry,2026-07-13,ts500-lfr-2026-07-13,trisight_sim,ts500_rebalance_entry,2026-07-13T15:50:00-04:00,locked_session_preclose_1545_1555_america_new_york,,,,,
trisight_500_late_failed_recovery_shadow,2026-07-13T15:50:00-04:00,PAPER,BUY,LYB,LYB,3.09162972169,58.28,180.18018018,58.28,0,PAPER,success,rebalance_entry,2026-07-13,ts500-lfr-2026-07-13,trisight_sim,ts500_rebalance_entry,2026-07-13T15:50:00-04:00,locked_session_preclose_1545_1555_america_new_york,,,,,
trisight_500_late_failed_recovery_shadow,2026-07-13T15:50:00-04:00,PAPER,BUY,TEAM,TEAM,1.92933055124,93.39,180.18018018,93.39,0,PAPER,success,rebalance_entry,2026-07-13,ts500-lfr-2026-07-13,trisight_sim,ts500_rebalance_entry,2026-07-13T15:50:00-04:00,locked_session_preclose_1545_1555_america_new_york,,,,,
trisight_500_late_failed_recovery_shadow,2026-07-13T15:50:00-04:00,PAPER,BUY,NCNO,NCNO,10.51839931,17.13,180.18018018,17.13,0,PAPER,success,rebalance_entry,2026-07-13,ts500-lfr-2026-07-13,trisight_sim,ts500_rebalance_entry,2026-07-13T15:50:00-04:00,locked_session_preclose_1545_1555_america_new_york,,,,,
trisight_500_late_failed_recovery_shadow,2026-07-13T15:50:00-04:00,PAPER,BUY,FFBC,FFBC,5.23019390944,34.45,180.18018018,34.45,0,PAPER,success,rebalance_entry,2026-07-13,ts500-lfr-2026-07-13,trisight_sim,ts500_rebalance_entry,2026-07-13T15:50:00-04:00,locked_session_preclose_1545_1555_america_new_york,,,,,
trisight_500_late_failed_recovery_shadow,2026-07-13T15:50:00-04:00,PAPER,BUY,NJR,NJR,3.03793930501,59.31,180.18018018,59.31,0,PAPER,success,rebalance_entry,2026-07-13,ts500-lfr-2026-07-13,trisight_sim,ts500_rebalance_entry,2026-07-13T15:50:00-04:00,locked_session_preclose_1545_1555_america_new_york,,,,,
trisight_500_late_failed_recovery_shadow,2026-07-13T15:50:00-04:00,PAPER,BUY,AAPL,AAPL,0.565262616489,318.754814,180.18018018,318.754814,0,PAPER,success,rebalance_entry,2026-07-13,ts500-lfr-2026-07-13,trisight_sim,ts500_rebalance_entry,2026-07-13T15:50:00-04:00,locked_session_preclose_1545_1555_america_new_york,,,,,
trisight_500_late_failed_recovery_shadow,2026-07-13T15:50:00-04:00,PAPER,BUY,SYY,SYY,2.14054268108,84.175,180.18018018,84.175,0,PAPER,success,rebalance_entry,2026-07-13,ts500-lfr-2026-07-13,trisight_sim,ts500_rebalance_entry,2026-07-13T15:50:00-04:00,locked_session_preclose_1545_1555_america_new_york,,,,,
trisight_500_late_failed_recovery_shadow,2026-07-13T15:50:00-04:00,PAPER,BUY,PAG,PAG,0.926960065749,194.3775,180.18018018,194.3775,0,PAPER,success,rebalance_entry,2026-07-13,ts500-lfr-2026-07-13,trisight_sim,ts500_rebalance_entry,2026-07-13T15:50:00-04:00,locked_session_preclose_1545_1555_america_new_york,,,,,
trisight_500_late_failed_recovery_shadow,2026-07-13T15:50:00-04:00,PAPER,BUY,STVN,STVN,9.15782364321,19.675,180.18018018,19.675,0,PAPER,success,rebalance_entry,2026-07-13,ts500-lfr-2026-07-13,trisight_sim,ts500_rebalance_entry,2026-07-13T15:50:00-04:00,locked_session_preclose_1545_1555_america_new_york,,,,,
trisight_500_late_failed_recovery_shadow,2026-07-13T15:50:00-04:00,PAPER,BUY,HSIC,HSIC,2.11156896965,85.33,180.18018018,85.33,0,PAPER,success,rebalance_entry,2026-07-13,ts500-lfr-2026-07-13,trisight_sim,ts500_rebalance_entry,2026-07-13T15:50:00-04:00,locked_session_preclose_1545_1555_america_new_york,,,,,
trisight_500_late_failed_recovery_shadow,2026-07-13T15:50:00-04:00,PAPER,BUY,TECH,TECH,2.5244158344,71.375,180.18018018,71.375,0,PAPER,success,rebalance_entry,2026-07-13,ts500-lfr-2026-07-13,trisight_sim,ts500_rebalance_entry,2026-07-13T15:50:00-04:00,locked_session_preclose_1545_1555_america_new_york,,,,,
trisight_500_late_failed_recovery_shadow,2026-07-13T15:50:00-04:00,PAPER,BUY,TDW,TDW,2.43108925562,74.115,180.18018018,74.115,0,PAPER,success,rebalance_entry,2026-07-13,ts500-lfr-2026-07-13,trisight_sim,ts500_rebalance_entry,2026-07-13T15:50:00-04:00,locked_session_preclose_1545_1555_america_new_york,,,,,
trisight_500_late_failed_recovery_shadow,2026-07-13T15:50:00-04:00,PAPER,BUY,ADBE,ADBE,0.791079314997,227.765,180.18018018,227.765,0,PAPER,success,rebalance_entry,2026-07-13,ts500-lfr-2026-07-13,trisight_sim,ts500_rebalance_entry,2026-07-13T15:50:00-04:00,locked_session_preclose_1545_1555_america_new_york,,,,,
trisight_500_late_failed_recovery_shadow,2026-07-13T15:50:00-04:00,PAPER,BUY,COR,COR,0.592581004342,304.06,180.18018018,304.06,0,PAPER,success,rebalance_entry,2026-07-13,ts500-lfr-2026-07-13,trisight_sim,ts500_rebalance_entry,2026-07-13T15:50:00-04:00,locked_session_preclose_1545_1555_america_new_york,,,,,
trisight_500_late_failed_recovery_shadow,2026-07-13T15:50:00-04:00,PAPER,BUY,GGAL,GGAL,3.41768171814,52.72,180.18018018,52.72,0,PAPER,success,rebalance_entry,2026-07-13,ts500-lfr-2026-07-13,trisight_sim,ts500_rebalance_entry,2026-07-13T15:50:00-04:00,locked_session_preclose_1545_1555_america_new_york,,,,,
trisight_500_late_failed_recovery_shadow,2026-07-13T15:50:00-04:00,PAPER,BUY,SIGI,SIGI,1.85838977031,96.955,180.18018018,96.955,0,PAPER,success,rebalance_entry,2026-07-13,ts500-lfr-2026-07-13,trisight_sim,ts500_rebalance_entry,2026-07-13T15:50:00-04:00,locked_session_preclose_1545_1555_america_new_york,,,,,
trisight_500_late_failed_recovery_shadow,2026-07-13T15:50:00-04:00,PAPER,BUY,OC,OC,1.26932145248,141.95,180.18018018,141.95,0,PAPER,success,rebalance_entry,2026-07-13,ts500-lfr-2026-07-13,trisight_sim,ts500_rebalance_entry,2026-07-13T15:50:00-04:00,locked_session_preclose_1545_1555_america_new_york,,,,,
trisight_500_late_failed_recovery_shadow,2026-07-13T15:50:00-04:00,PAPER,BUY,APGE,APGE,1.34754453803,133.71,180.18018018,133.71,0,PAPER,success,rebalance_entry,2026-07-13,ts500-lfr-2026-07-13,trisight_sim,ts500_rebalance_entry,2026-07-13T15:50:00-04:00,locked_session_preclose_1545_1555_america_new_york,,,,,
trisight_500_late_failed_recovery_shadow,2026-07-13T15:50:00-04:00,PAPER,BUY,EVER,EVER,7.28000728001,24.75,180.18018018,24.75,0,PAPER,success,rebalance_entry,2026-07-13,ts500-lfr-2026-07-13,trisight_sim,ts500_rebalance_entry,2026-07-13T15:50:00-04:00,locked_session_preclose_1545_1555_america_new_york,,,,,
trisight_500_late_failed_recovery_shadow,2026-07-13T15:50:00-04:00,PAPER,BUY,TRNO,TRNO,2.56575550274,70.225,180.18018018,70.225,0,PAPER,success,rebalance_entry,2026-07-13,ts500-lfr-2026-07-13,trisight_sim,ts500_rebalance_entry,2026-07-13T15:50:00-04:00,locked_session_preclose_1545_1555_america_new_york,,,,,
trisight_500_late_failed_recovery_shadow,2026-07-13T15:50:00-04:00,PAPER,BUY,GLBE,GLBE,4.68122058145,38.49,180.18018018,38.49,0,PAPER,success,rebalance_entry,2026-07-13,ts500-lfr-2026-07-13,trisight_sim,ts500_rebalance_entry,2026-07-13T15:50:00-04:00,locked_session_preclose_1545_1555_america_new_york,,,,,
trisight_500_late_failed_recovery_shadow,2026-07-13T15:50:00-04:00,PAPER,BUY,LNG,LNG,0.686636104494,262.41,180.18018018,262.41,0,PAPER,success,rebalance_entry,2026-07-13,ts500-lfr-2026-07-13,trisight_sim,ts500_rebalance_entry,2026-07-13T15:50:00-04:00,locked_session_preclose_1545_1555_america_new_york,,,,,
trisight_500_late_failed_recovery_shadow,2026-07-13T15:50:00-04:00,PAPER,BUY,PYPL,PYPL,3.86155551179,46.66,180.18018018,46.66,0,PAPER,success,rebalance_entry,2026-07-13,ts500-lfr-2026-07-13,trisight_sim,ts500_rebalance_entry,2026-07-13T15:50:00-04:00,locked_session_preclose_1545_1555_america_new_york,,,,,
trisight_500_late_failed_recovery_shadow,2026-07-13T15:50:00-04:00,PAPER,BUY,MAIN,MAIN,3.41185722742,52.81,180.18018018,52.81,0,PAPER,success,rebalance_entry,2026-07-13,ts500-lfr-2026-07-13,trisight_sim,ts500_rebalance_entry,2026-07-13T15:50:00-04:00,locked_session_preclose_1545_1555_america_new_york,,,,,
trisight_500_late_failed_recovery_shadow,2026-07-13T15:50:00-04:00,PAPER,BUY,RELX,RELX,5.47410542853,32.915,180.18018018,32.915,0,PAPER,success,rebalance_entry,2026-07-13,ts500-lfr-2026-07-13,trisight_sim,ts500_rebalance_entry,2026-07-13T15:50:00-04:00,locked_session_preclose_1545_1555_america_new_york,,,,,
trisight_500_late_failed_recovery_shadow,2026-07-13T15:50:00-04:00,PAPER,BUY,CTAS,CTAS,0.988426025455,182.29,180.18018018,182.29,0,PAPER,success,rebalance_entry,2026-07-13,ts500-lfr-2026-07-13,trisight_sim,ts500_rebalance_entry,2026-07-13T15:50:00-04:00,locked_session_preclose_1545_1555_america_new_york,,,,,
trisight_500_late_failed_recovery_shadow,2026-07-13T15:50:00-04:00,PAPER,BUY,GRND,GRND,11.4327525495,15.76,180.18018018,15.76,0,PAPER,success,rebalance_entry,2026-07-13,ts500-lfr-2026-07-13,trisight_sim,ts500_rebalance_entry,2026-07-13T15:50:00-04:00,locked_session_preclose_1545_1555_america_new_york,,,,,
trisight_500_late_failed_recovery_shadow,2026-07-13T15:50:00-04:00,PAPER,BUY,MSM,MSM,1.44051950896,125.08,180.18018018,125.08,0,PAPER,success,rebalance_entry,2026-07-13,ts500-lfr-2026-07-13,trisight_sim,ts500_rebalance_entry,2026-07-13T15:50:00-04:00,locked_session_preclose_1545_1555_america_new_york,,,,,
trisight_500_late_failed_recovery_shadow,2026-07-13T15:50:00-04:00,PAPER,BUY,SHOP,SHOP,1.45412137987,123.91,180.18018018,123.91,0,PAPER,success,rebalance_entry,2026-07-13,ts500-lfr-2026-07-13,trisight_sim,ts500_rebalance_entry,2026-07-13T15:50:00-04:00,locked_session_preclose_1545_1555_america_new_york,,,,,
trisight_500_late_failed_recovery_shadow,2026-07-13T15:50:00-04:00,PAPER,BUY,DLX,DLX,7.230344309,24.92,180.18018018,24.92,0,PAPER,success,rebalance_entry,2026-07-13,ts500-lfr-2026-07-13,trisight_sim,ts500_rebalance_entry,2026-07-13T15:50:00-04:00,locked_session_preclose_1545_1555_america_new_york,,,,,
trisight_500_late_failed_recovery_shadow,2026-07-13T15:50:00-04:00,PAPER,BUY,RUSHA,RUSHA,2.37861624,75.75,180.18018018,75.75,0,PAPER,success,rebalance_entry,2026-07-13,ts500-lfr-2026-07-13,trisight_sim,ts500_rebalance_entry,2026-07-13T15:50:00-04:00,locked_session_preclose_1545_1555_america_new_york,,,,,
trisight_500_late_failed_recovery_shadow,2026-07-13T15:50:00-04:00,PAPER,BUY,WPP,WPP,9.57895694738,18.81,180.18018018,18.81,0,PAPER,success,rebalance_entry,2026-07-13,ts500-lfr-2026-07-13,trisight_sim,ts500_rebalance_entry,2026-07-13T15:50:00-04:00,locked_session_preclose_1545_1555_america_new_york,,,,,
trisight_500_late_failed_recovery_shadow,2026-07-13T15:50:00-04:00,PAPER,BUY,PRDO,PRDO,4.97666565889,36.205,180.18018018,36.205,0,PAPER,success,rebalance_entry,2026-07-13,ts500-lfr-2026-07-13,trisight_sim,ts500_rebalance_entry,2026-07-13T15:50:00-04:00,locked_session_preclose_1545_1555_america_new_york,,,,,
trisight_500_late_failed_recovery_shadow,2026-07-13T15:50:00-04:00,PAPER,BUY,CWT,CWT,3.59856561175,50.07,180.18018018,50.07,0,PAPER,success,rebalance_entry,2026-07-13,ts500-lfr-2026-07-13,trisight_sim,ts500_rebalance_entry,2026-07-13T15:50:00-04:00,locked_session_preclose_1545_1555_america_new_york,,,,,
trisight_500_late_failed_recovery_shadow,2026-07-13T15:50:00-04:00,PAPER,BUY,EFX,EFX,1.05547525148,170.71,180.18018018,170.71,0,PAPER,success,rebalance_entry,2026-07-13,ts500-lfr-2026-07-13,trisight_sim,ts500_rebalance_entry,2026-07-13T15:50:00-04:00,locked_session_preclose_1545_1555_america_new_york,,,,,
trisight_500_late_failed_recovery_shadow,2026-07-13T15:50:00-04:00,PAPER,BUY,RF,RF,5.82447648877,30.935,180.18018018,30.935,0,PAPER,success,rebalance_entry,2026-07-13,ts500-lfr-2026-07-13,trisight_sim,ts500_rebalance_entry,2026-07-13T15:50:00-04:00,locked_session_preclose_1545_1555_america_new_york,,,,,
trisight_500_late_failed_recovery_shadow,2026-07-13T15:50:00-04:00,PAPER,BUY,KD,KD,14.5365211924,12.395,180.18018018,12.395,0,PAPER,success,rebalance_entry,2026-07-13,ts500-lfr-2026-07-13,trisight_sim,ts500_rebalance_entry,2026-07-13T15:50:00-04:00,locked_session_preclose_1545_1555_america_new_york,,,,,
trisight_500_late_failed_recovery_shadow,2026-07-13T15:50:00-04:00,PAPER,BUY,SLGN,SLGN,3.99158573727,45.14,180.18018018,45.14,0,PAPER,success,rebalance_entry,2026-07-13,ts500-lfr-2026-07-13,trisight_sim,ts500_rebalance_entry,2026-07-13T15:50:00-04:00,locked_session_preclose_1545_1555_america_new_york,,,,,
trisight_500_late_failed_recovery_shadow,2026-07-13T15:50:00-04:00,PAPER,BUY,HUBG,HUBG,3.80850095498,47.31,180.18018018,47.31,0,PAPER,success,rebalance_entry,2026-07-13,ts500-lfr-2026-07-13,trisight_sim,ts500_rebalance_entry,2026-07-13T15:50:00-04:00,locked_session_preclose_1545_1555_america_new_york,,,,,
trisight_500_late_failed_recovery_shadow,2026-07-13T15:50:00-04:00,PAPER,BUY,MMSI,MMSI,2.45510533016,73.39,180.18018018,73.39,0,PAPER,success,rebalance_entry,2026-07-13,ts500-lfr-2026-07-13,trisight_sim,ts500_rebalance_entry,2026-07-13T15:50:00-04:00,locked_session_preclose_1545_1555_america_new_york,,,,,
trisight_500_late_failed_recovery_shadow,2026-07-13T15:50:00-04:00,PAPER,BUY,SU,SU,2.96008181666,60.87,180.18018018,60.87,0,PAPER,success,rebalance_entry,2026-07-13,ts500-lfr-2026-07-13,trisight_sim,ts500_rebalance_entry,2026-07-13T15:50:00-04:00,locked_session_preclose_1545_1555_america_new_york,,,,,
trisight_500_late_failed_recovery_shadow,2026-07-13T15:50:00-04:00,PAPER,BUY,CMRE,CMRE,11.6245277536,15.5,180.18018018,15.5,0,PAPER,success,rebalance_entry,2026-07-13,ts500-lfr-2026-07-13,trisight_sim,ts500_rebalance_entry,2026-07-13T15:50:00-04:00,locked_session_preclose_1545_1555_america_new_york,,,,,
trisight_500_late_failed_recovery_shadow,2026-07-13T15:50:00-04:00,PAPER,BUY,DBX,DBX,6.1140203658,29.47,180.18018018,29.47,0,PAPER,success,rebalance_entry,2026-07-13,ts500-lfr-2026-07-13,trisight_sim,ts500_rebalance_entry,2026-07-13T15:50:00-04:00,locked_session_preclose_1545_1555_america_new_york,,,,,
trisight_500_late_failed_recovery_shadow,2026-07-13T15:50:00-04:00,PAPER,BUY,USNA,USNA,8.17329009663,22.045,180.18018018,22.045,0,PAPER,success,rebalance_entry,2026-07-13,ts500-lfr-2026-07-13,trisight_sim,ts500_rebalance_entry,2026-07-13T15:50:00-04:00,locked_session_preclose_1545_1555_america_new_york,,,,,
trisight_500_late_failed_recovery_shadow,2026-07-13T15:50:00-04:00,PAPER,BUY,BHF,BHF,2.72422407288,66.14,180.18018018,66.14,0,PAPER,success,rebalance_entry,2026-07-13,ts500-lfr-2026-07-13,trisight_sim,ts500_rebalance_entry,2026-07-13T15:50:00-04:00,locked_session_preclose_1545_1555_america_new_york,,,,,
trisight_500_late_failed_recovery_shadow,2026-07-13T15:50:00-04:00,PAPER,BUY,ZTO,ZTO,7.46706092748,24.13,180.18018018,24.13,0,PAPER,success,rebalance_entry,2026-07-13,ts500-lfr-2026-07-13,trisight_sim,ts500_rebalance_entry,2026-07-13T15:50:00-04:00,locked_session_preclose_1545_1555_america_new_york,,,,,
trisight_500_late_failed_recovery_shadow,2026-07-13T15:50:00-04:00,PAPER,BUY,IRS,IRS,11.6737079555,15.4347,180.18018018,15.4347,0,PAPER,success,rebalance_entry,2026-07-13,ts500-lfr-2026-07-13,trisight_sim,ts500_rebalance_entry,2026-07-13T15:50:00-04:00,locked_session_preclose_1545_1555_america_new_york,,,,,
trisight_500_late_failed_recovery_shadow,2026-07-13T15:50:00-04:00,PAPER,BUY,ALRM,ALRM,3.50408751809,51.42,180.18018018,51.42,0,PAPER,success,rebalance_entry,2026-07-13,ts500-lfr-2026-07-13,trisight_sim,ts500_rebalance_entry,2026-07-13T15:50:00-04:00,locked_session_preclose_1545_1555_america_new_york,,,,,
trisight_500_late_failed_recovery_shadow,2026-07-13T15:50:00-04:00,PAPER,BUY,PRI,PRI,0.585532887626,307.72,180.18018018,307.72,0,PAPER,success,rebalance_entry,2026-07-13,ts500-lfr-2026-07-13,trisight_sim,ts500_rebalance_entry,2026-07-13T15:50:00-04:00,locked_session_preclose_1545_1555_america_new_york,,,,,
trisight_500_late_failed_recovery_shadow,2026-07-13T15:50:00-04:00,PAPER,BUY,NWS,NWS,5.74279458742,31.375,180.18018018,31.375,0,PAPER,success,rebalance_entry,2026-07-13,ts500-lfr-2026-07-13,trisight_sim,ts500_rebalance_entry,2026-07-13T15:50:00-04:00,locked_session_preclose_1545_1555_america_new_york,,,,,
trisight_500_late_failed_recovery_shadow,2026-07-13T15:50:00-04:00,PAPER,BUY,TTD,TTD,8.8811208685,20.288,180.18018018,20.288,0,PAPER,success,rebalance_entry,2026-07-13,ts500-lfr-2026-07-13,trisight_sim,ts500_rebalance_entry,2026-07-13T15:50:00-04:00,locked_session_preclose_1545_1555_america_new_york,,,,,
trisight_500_late_failed_recovery_shadow,2026-07-13T15:50:00-04:00,PAPER,BUY,BNL,BNL,8.18628715039,22.01,180.18018018,22.01,0,PAPER,success,rebalance_entry,2026-07-13,ts500-lfr-2026-07-13,trisight_sim,ts500_rebalance_entry,2026-07-13T15:50:00-04:00,locked_session_preclose_1545_1555_america_new_york,,,,,
trisight_500_late_failed_recovery_shadow,2026-07-13T15:50:00-04:00,PAPER,BUY,BRC,BRC,1.98422939162,90.806124,180.18018018,90.806124,0,PAPER,success,rebalance_entry,2026-07-13,ts500-lfr-2026-07-13,trisight_sim,ts500_rebalance_entry,2026-07-13T15:50:00-04:00,locked_session_preclose_1545_1555_america_new_york,,,,,
trisight_500_late_failed_recovery_shadow,2026-07-13T15:50:00-04:00,PAPER,BUY,CON,CON,5.69829791841,31.62,180.18018018,31.62,0,PAPER,success,rebalance_entry,2026-07-13,ts500-lfr-2026-07-13,trisight_sim,ts500_rebalance_entry,2026-07-13T15:50:00-04:00,locked_session_preclose_1545_1555_america_new_york,,,,,
trisight_500_late_failed_recovery_shadow,2026-07-13T15:50:00-04:00,PAPER,BUY,CROX,CROX,1.34724226245,133.74,180.18018018,133.74,0,PAPER,success,rebalance_entry,2026-07-13,ts500-lfr-2026-07-13,trisight_sim,ts500_rebalance_entry,2026-07-13T15:50:00-04:00,locked_session_preclose_1545_1555_america_new_york,,,,,
trisight_500_late_failed_recovery_shadow,2026-07-13T15:50:00-04:00,PAPER,BUY,SCI,SCI,2.27701478807,79.13,180.18018018,79.13,0,PAPER,success,rebalance_entry,2026-07-13,ts500-lfr-2026-07-13,trisight_sim,ts500_rebalance_entry,2026-07-13T15:50:00-04:00,locked_session_preclose_1545_1555_america_new_york,,,,,
trisight_500_late_failed_recovery_shadow,2026-07-13T15:50:00-04:00,PAPER,BUY,NWSA,NWSA,6.47431477471,27.83,180.18018018,27.83,0,PAPER,success,rebalance_entry,2026-07-13,ts500-lfr-2026-07-13,trisight_sim,ts500_rebalance_entry,2026-07-13T15:50:00-04:00,locked_session_preclose_1545_1555_america_new_york,,,,,
trisight_500_late_failed_recovery_shadow,2026-07-13T15:50:00-04:00,PAPER,BUY,WTW,WTW,0.61648537373,292.27,180.18018018,292.27,0,PAPER,success,rebalance_entry,2026-07-13,ts500-lfr-2026-07-13,trisight_sim,ts500_rebalance_entry,2026-07-13T15:50:00-04:00,locked_session_preclose_1545_1555_america_new_york,,,,,
trisight_500_late_failed_recovery_shadow,2026-07-13T15:50:00-04:00,PAPER,BUY,BR,BR,1.19609785037,150.64,180.18018018,150.64,0,PAPER,success,rebalance_entry,2026-07-13,ts500-lfr-2026-07-13,trisight_sim,ts500_rebalance_entry,2026-07-13T15:50:00-04:00,locked_session_preclose_1545_1555_america_new_york,,,,,
trisight_500_late_failed_recovery_shadow,2026-07-13T15:50:00-04:00,PAPER,BUY,MCO,MCO,0.363728486142,495.37,180.18018018,495.37,0,PAPER,success,rebalance_entry,2026-07-13,ts500-lfr-2026-07-13,trisight_sim,ts500_rebalance_entry,2026-07-13T15:50:00-04:00,locked_session_preclose_1545_1555_america_new_york,,,,,
trisight_500_late_failed_recovery_shadow,2026-07-13T15:50:00-04:00,PAPER,BUY,REYN,REYN,6.7915635198,26.53,180.18018018,26.53,0,PAPER,success,rebalance_entry,2026-07-13,ts500-lfr-2026-07-13,trisight_sim,ts500_rebalance_entry,2026-07-13T15:50:00-04:00,locked_session_preclose_1545_1555_america_new_york,,,,,
trisight_500_late_failed_recovery_shadow,2026-07-13T15:50:00-04:00,PAPER,BUY,OSPN,OSPN,11.8150937823,15.25,180.18018018,15.25,0,PAPER,success,rebalance_entry,2026-07-13,ts500-lfr-2026-07-13,trisight_sim,ts500_rebalance_entry,2026-07-13T15:50:00-04:00,locked_session_preclose_1545_1555_america_new_york,,,,,
trisight_500_late_failed_recovery_shadow,2026-07-13T15:50:00-04:00,PAPER,BUY,AON,AON,0.498927492988,361.135,180.18018018,361.135,0,PAPER,success,rebalance_entry,2026-07-13,ts500-lfr-2026-07-13,trisight_sim,ts500_rebalance_entry,2026-07-13T15:50:00-04:00,locked_session_preclose_1545_1555_america_new_york,,,,,
trisight_500_late_failed_recovery_shadow,2026-07-13T15:50:00-04:00,PAPER,BUY,MLKN,MLKN,8.84102944947,20.38,180.18018018,20.38,0,PAPER,success,rebalance_entry,2026-07-13,ts500-lfr-2026-07-13,trisight_sim,ts500_rebalance_entry,2026-07-13T15:50:00-04:00,locked_session_preclose_1545_1555_america_new_york,,,,,
trisight_500_late_failed_recovery_shadow,2026-07-13T15:50:00-04:00,PAPER,BUY,NE,NE,4.34692835175,41.45,180.18018018,41.45,0,PAPER,success,rebalance_entry,2026-07-13,ts500-lfr-2026-07-13,trisight_sim,ts500_rebalance_entry,2026-07-13T15:50:00-04:00,locked_session_preclose_1545_1555_america_new_york,,,,,
trisight_500_late_failed_recovery_shadow,2026-07-13T15:50:00-04:00,PAPER,BUY,POOL,POOL,0.854785237346,210.79,180.18018018,210.79,0,PAPER,success,rebalance_entry,2026-07-13,ts500-lfr-2026-07-13,trisight_sim,ts500_rebalance_entry,2026-07-13T15:50:00-04:00,locked_session_preclose_1545_1555_america_new_york,,,,,
trisight_500_late_failed_recovery_shadow,2026-07-13T15:50:00-04:00,PAPER,BUY,CLBT,CLBT,11.1016746876,16.23,180.18018018,16.23,0,PAPER,success,rebalance_entry,2026-07-13,ts500-lfr-2026-07-13,trisight_sim,ts500_rebalance_entry,2026-07-13T15:50:00-04:00,locked_session_preclose_1545_1555_america_new_york,,,,,
trisight_500_late_failed_recovery_shadow,2026-07-13T15:50:00-04:00,PAPER,BUY,PFGC,PFGC,1.58840023079,113.435,180.18018018,113.435,0,PAPER,success,rebalance_entry,2026-07-13,ts500-lfr-2026-07-13,trisight_sim,ts500_rebalance_entry,2026-07-13T15:50:00-04:00,locked_session_preclose_1545_1555_america_new_york,,,,,
trisight_500_late_failed_recovery_shadow,2026-07-13T15:50:00-04:00,PAPER,BUY,MCY,MCY,1.63044231454,110.51,180.18018018,110.51,0,PAPER,success,rebalance_entry,2026-07-13,ts500-lfr-2026-07-13,trisight_sim,ts500_rebalance_entry,2026-07-13T15:50:00-04:00,locked_session_preclose_1545_1555_america_new_york,,,,,
trisight_500_late_failed_recovery_shadow,2026-07-13T15:50:00-04:00,PAPER,BUY,NTAP,NTAP,1.09140577976,165.09,180.18018018,165.09,0,PAPER,success,rebalance_entry,2026-07-13,ts500-lfr-2026-07-13,trisight_sim,ts500_rebalance_entry,2026-07-13T15:50:00-04:00,locked_session_preclose_1545_1555_america_new_york,,,,,
trisight_500_late_failed_recovery_shadow,2026-07-13T15:50:00-04:00,PAPER,BUY,MA,MA,0.336337143545,535.713,180.18018018,535.713,0,PAPER,success,rebalance_entry,2026-07-13,ts500-lfr-2026-07-13,trisight_sim,ts500_rebalance_entry,2026-07-13T15:50:00-04:00,locked_session_preclose_1545_1555_america_new_york,,,,,
trisight_500_late_failed_recovery_shadow,2026-07-13T15:50:00-04:00,PAPER,BUY,CALX,CALX,4.4588017862,40.41,180.18018018,40.41,0,PAPER,success,rebalance_entry,2026-07-13,ts500-lfr-2026-07-13,trisight_sim,ts500_rebalance_entry,2026-07-13T15:50:00-04:00,locked_session_preclose_1545_1555_america_new_york,,,,,
trisight_500_late_failed_recovery_shadow,2026-07-13T15:50:00-04:00,PAPER,BUY,SYK,SYK,0.540529729946,333.34,180.18018018,333.34,0,PAPER,success,rebalance_entry,2026-07-13,ts500-lfr-2026-07-13,trisight_sim,ts500_rebalance_entry,2026-07-13T15:50:00-04:00,locked_session_preclose_1545_1555_america_new_york,,,,,
trisight_500_late_failed_recovery_shadow,2026-07-13T15:50:00-04:00,PAPER,BUY,BV,BV,12.4091033182,14.52,180.18018018,14.52,0,PAPER,success,rebalance_entry,2026-07-13,ts500-lfr-2026-07-13,trisight_sim,ts500_rebalance_entry,2026-07-13T15:50:00-04:00,locked_session_preclose_1545_1555_america_new_york,,,,,
trisight_500_late_failed_recovery_shadow,2026-07-13T15:50:00-04:00,PAPER,BUY,EQR,EQR,2.57953013859,69.85,180.18018018,69.85,0,PAPER,success,rebalance_entry,2026-07-13,ts500-lfr-2026-07-13,trisight_sim,ts500_rebalance_entry,2026-07-13T15:50:00-04:00,locked_session_preclose_1545_1555_america_new_york,,,,,
trisight_500_late_failed_recovery_shadow,2026-07-13T15:50:00-04:00,PAPER,BUY,VITL,VITL,13.978291713,12.89,180.18018018,12.89,0,PAPER,success,rebalance_entry,2026-07-13,ts500-lfr-2026-07-13,trisight_sim,ts500_rebalance_entry,2026-07-13T15:50:00-04:00,locked_session_preclose_1545_1555_america_new_york,,,,,
trisight_500_late_failed_recovery_shadow,2026-07-13T15:50:00-04:00,PAPER,BUY,LCII,LCII,1.74983009806,102.9701,180.18018018,102.9701,0,PAPER,success,rebalance_entry,2026-07-13,ts500-lfr-2026-07-13,trisight_sim,ts500_rebalance_entry,2026-07-13T15:50:00-04:00,locked_session_preclose_1545_1555_america_new_york,,,,,
trisight_500_late_failed_recovery_shadow,2026-07-13T15:50:00-04:00,PAPER,BUY,QTWO,QTWO,3.45636255861,52.13,180.18018018,52.13,0,PAPER,success,rebalance_entry,2026-07-13,ts500-lfr-2026-07-13,trisight_sim,ts500_rebalance_entry,2026-07-13T15:50:00-04:00,locked_session_preclose_1545_1555_america_new_york,,,,,
trisight_500_late_failed_recovery_shadow,2026-07-13T15:50:00-04:00,PAPER,BUY,MATX,MATX,0.864816435144,208.345,180.18018018,208.345,0,PAPER,success,rebalance_entry,2026-07-13,ts500-lfr-2026-07-13,trisight_sim,ts500_rebalance_entry,2026-07-13T15:50:00-04:00,locked_session_preclose_1545_1555_america_new_york,,,,,
trisight_500_late_failed_recovery_shadow,2026-07-13T15:50:00-04:00,PAPER,BUY,VCTR,VCTR,1.96853687512,91.53,180.18018018,91.53,0,PAPER,success,rebalance_entry,2026-07-13,ts500-lfr-2026-07-13,trisight_sim,ts500_rebalance_entry,2026-07-13T15:50:00-04:00,locked_session_preclose_1545_1555_america_new_york,,,,,
trisight_500_late_failed_recovery_shadow,2026-07-13T15:50:00-04:00,PAPER,BUY,CFR,CFR,1.14629373146,157.185,180.18018018,157.185,0,PAPER,success,rebalance_entry,2026-07-13,ts500-lfr-2026-07-13,trisight_sim,ts500_rebalance_entry,2026-07-13T15:50:00-04:00,locked_session_preclose_1545_1555_america_new_york,,,,,
trisight_500_late_failed_recovery_shadow,2026-07-13T15:50:00-04:00,PAPER,BUY,CNQ,CNQ,4.21671378844,42.73,180.18018018,42.73,0,PAPER,success,rebalance_entry,2026-07-13,ts500-lfr-2026-07-13,trisight_sim,ts500_rebalance_entry,2026-07-13T15:50:00-04:00,locked_session_preclose_1545_1555_america_new_york,,,,,
trisight_500_late_failed_recovery_shadow,2026-07-13T15:50:00-04:00,PAPER,BUY,RYAN,RYAN,4.37755539796,41.16,180.18018018,41.16,0,PAPER,success,rebalance_entry,2026-07-13,ts500-lfr-2026-07-13,trisight_sim,ts500_rebalance_entry,2026-07-13T15:50:00-04:00,locked_session_preclose_1545_1555_america_new_york,,,,,
trisight_500_late_failed_recovery_shadow,2026-07-13T15:50:00-04:00,PAPER,BUY,WCN,WCN,1.04198577481,172.92,180.18018018,172.92,0,PAPER,success,rebalance_entry,2026-07-13,ts500-lfr-2026-07-13,trisight_sim,ts500_rebalance_entry,2026-07-13T15:50:00-04:00,locked_session_preclose_1545_1555_america_new_york,,,,,
trisight_500_late_failed_recovery_shadow,2026-07-13T15:50:00-04:00,PAPER,BUY,TTEK,TTEK,5.77223066411,31.215,180.18018018,31.215,0,PAPER,success,rebalance_entry,2026-07-13,ts500-lfr-2026-07-13,trisight_sim,ts500_rebalance_entry,2026-07-13T15:50:00-04:00,locked_session_preclose_1545_1555_america_new_york,,,,,
trisight_500_late_failed_recovery_shadow,2026-07-13T15:50:00-04:00,PAPER,BUY,NOW,NOW,1.64008753114,109.8601,180.18018018,109.8601,0,PAPER,success,rebalance_entry,2026-07-13,ts500-lfr-2026-07-13,trisight_sim,ts500_rebalance_entry,2026-07-13T15:50:00-04:00,locked_session_preclose_1545_1555_america_new_york,,,,,
trisight_500_late_failed_recovery_shadow,2026-07-13T15:50:00-04:00,PAPER,BUY,AIZ,AIZ,0.644940242256,279.375,180.18018018,279.375,0,PAPER,success,rebalance_entry,2026-07-13,ts500-lfr-2026-07-13,trisight_sim,ts500_rebalance_entry,2026-07-13T15:50:00-04:00,locked_session_preclose_1545_1555_america_new_york,,,,,
trisight_500_late_failed_recovery_shadow,2026-07-13T15:50:00-04:00,PAPER,BUY,WHR,WHR,4.49439212223,40.09,180.18018018,40.09,0,PAPER,success,rebalance_entry,2026-07-13,ts500-lfr-2026-07-13,trisight_sim,ts500_rebalance_entry,2026-07-13T15:50:00-04:00,locked_session_preclose_1545_1555_america_new_york,,,,,
trisight_500_late_failed_recovery_shadow,2026-07-13T15:50:00-04:00,PAPER,BUY,ARMK,ARMK,3.08659837568,58.375,180.18018018,58.375,0,PAPER,success,rebalance_entry,2026-07-13,ts500-lfr-2026-07-13,trisight_sim,ts500_rebalance_entry,2026-07-13T15:50:00-04:00,locked_session_preclose_1545_1555_america_new_york,,,,,
trisight_500_late_failed_recovery_shadow,2026-07-13T15:50:00-04:00,PAPER,BUY,PRG,PRG,4.04626499394,44.53,180.18018018,44.53,0,PAPER,success,rebalance_entry,2026-07-13,ts500-lfr-2026-07-13,trisight_sim,ts500_rebalance_entry,2026-07-13T15:50:00-04:00,locked_session_preclose_1545_1555_america_new_york,,,,,
trisight_500_late_failed_recovery_shadow,2026-07-13T15:50:00-04:00,PAPER,BUY,FR,FR,2.75483801208,65.405,180.18018018,65.405,0,PAPER,success,rebalance_entry,2026-07-13,ts500-lfr-2026-07-13,trisight_sim,ts500_rebalance_entry,2026-07-13T15:50:00-04:00,locked_session_preclose_1545_1555_america_new_york,,,,,
trisight_500_late_failed_recovery_shadow,2026-07-13T15:50:00-04:00,PAPER,BUY,ANAB,ANAB,2.72319474314,66.165,180.18018018,66.165,0,PAPER,success,rebalance_entry,2026-07-13,ts500-lfr-2026-07-13,trisight_sim,ts500_rebalance_entry,2026-07-13T15:50:00-04:00,locked_session_preclose_1545_1555_america_new_york,,,,,
trisight_500_late_failed_recovery_shadow,2026-07-13T15:50:00-04:00,PAPER,BUY,BBVA,BBVA,7.06035188794,25.52,180.18018018,25.52,0,PAPER,success,rebalance_entry,2026-07-13,ts500-lfr-2026-07-13,trisight_sim,ts500_rebalance_entry,2026-07-13T15:50:00-04:00,locked_session_preclose_1545_1555_america_new_york,,,,,
trisight_500_late_failed_recovery_shadow,2026-07-13T15:50:00-04:00,PAPER,BUY,LOCO,LOCO,10.7506074093,16.76,180.18018018,16.76,0,PAPER,success,rebalance_entry,2026-07-13,ts500-lfr-2026-07-13,trisight_sim,ts500_rebalance_entry,2026-07-13T15:50:00-04:00,locked_session_preclose_1545_1555_america_new_york,,,,,
trisight_500_late_failed_recovery_shadow,2026-07-13T15:50:00-04:00,PAPER,BUY,BPOP,BPOP,1.06489468192,169.2,180.18018018,169.2,0,PAPER,success,rebalance_entry,2026-07-13,ts500-lfr-2026-07-13,trisight_sim,ts500_rebalance_entry,2026-07-13T15:50:00-04:00,locked_session_preclose_1545_1555_america_new_york,,,,,
trisight_500_late_failed_recovery_shadow,2026-07-13T15:50:00-04:00,PAPER,BUY,GFL,GFL,4.53740065928,39.71,180.18018018,39.71,0,PAPER,success,rebalance_entry,2026-07-13,ts500-lfr-2026-07-13,trisight_sim,ts500_rebalance_entry,2026-07-13T15:50:00-04:00,locked_session_preclose_1545_1555_america_new_york,,,,,
trisight_500_late_failed_recovery_shadow,2026-07-13T15:50:00-04:00,PAPER,BUY,SIRI,SIRI,5.80010237181,31.065,180.18018018,31.065,0,PAPER,success,rebalance_entry,2026-07-13,ts500-lfr-2026-07-13,trisight_sim,ts500_rebalance_entry,2026-07-13T15:50:00-04:00,locked_session_preclose_1545_1555_america_new_york,,,,,
trisight_500_late_failed_recovery_shadow,2026-07-13T15:50:00-04:00,PAPER,BUY,RLI,RLI,2.95183781422,61.04,180.18018018,61.04,0,PAPER,success,rebalance_entry,2026-07-13,ts500-lfr-2026-07-13,trisight_sim,ts500_rebalance_entry,2026-07-13T15:50:00-04:00,locked_session_preclose_1545_1555_america_new_york,,,,,
trisight_500_late_failed_recovery_shadow,2026-07-13T15:50:00-04:00,PAPER,BUY,NVRI,NVRI,7.72973745947,23.31,180.18018018,23.31,0,PAPER,success,rebalance_entry,2026-07-13,ts500-lfr-2026-07-13,trisight_sim,ts500_rebalance_entry,2026-07-13T15:50:00-04:00,locked_session_preclose_1545_1555_america_new_york,,,,,
trisight_500_late_failed_recovery_shadow,2026-07-13T15:50:00-04:00,PAPER,BUY,EBC,EBC,8.0870816957,22.28,180.18018018,22.28,0,PAPER,success,rebalance_entry,2026-07-13,ts500-lfr-2026-07-13,trisight_sim,ts500_rebalance_entry,2026-07-13T15:50:00-04:00,locked_session_preclose_1545_1555_america_new_york,,,,,
trisight_500_late_failed_recovery_shadow,2026-07-13T15:50:00-04:00,PAPER,BUY,IBM,IBM,0.616569757315,292.23,180.18018018,292.23,0,PAPER,success,rebalance_entry,2026-07-13,ts500-lfr-2026-07-13,trisight_sim,ts500_rebalance_entry,2026-07-13T15:50:00-04:00,locked_session_preclose_1545_1555_america_new_york,,,,,
trisight_500_late_failed_recovery_shadow,2026-07-13T15:50:00-04:00,PAPER,BUY,TAL,TAL,17.2834705209,10.425,180.18018018,10.425,0,PAPER,success,rebalance_entry,2026-07-13,ts500-lfr-2026-07-13,trisight_sim,ts500_rebalance_entry,2026-07-13T15:50:00-04:00,locked_session_preclose_1545_1555_america_new_york,,,,,
trisight_500_late_failed_recovery_shadow,2026-07-13T15:50:00-04:00,PAPER,BUY,SCHW,SCHW,1.75605652922,102.605,180.18018018,102.605,0,PAPER,success,rebalance_entry,2026-07-13,ts500-lfr-2026-07-13,trisight_sim,ts500_rebalance_entry,2026-07-13T15:50:00-04:00,locked_session_preclose_1545_1555_america_new_york,,,,,
trisight_500_late_failed_recovery_shadow,2026-07-13T15:50:00-04:00,PAPER,BUY,V,V,0.508251333334,354.51,180.18018018,354.51,0,PAPER,success,rebalance_entry,2026-07-13,ts500-lfr-2026-07-13,trisight_sim,ts500_rebalance_entry,2026-07-13T15:50:00-04:00,locked_session_preclose_1545_1555_america_new_york,,,,,
trisight_500_late_failed_recovery_shadow,2026-07-13T15:50:00-04:00,PAPER,BUY,TFX,TFX,1.32261748646,136.23,180.18018018,136.23,0,PAPER,success,rebalance_entry,2026-07-13,ts500-lfr-2026-07-13,trisight_sim,ts500_rebalance_entry,2026-07-13T15:50:00-04:00,locked_session_preclose_1545_1555_america_new_york,,,,,
trisight_500_late_failed_recovery_shadow,2026-07-13T15:50:00-04:00,PAPER,BUY,SEIC,SEIC,1.88463134962,95.605,180.18018018,95.605,0,PAPER,success,rebalance_entry,2026-07-13,ts500-lfr-2026-07-13,trisight_sim,ts500_rebalance_entry,2026-07-13T15:50:00-04:00,locked_session_preclose_1545_1555_america_new_york,,,,,
trisight_500_late_failed_recovery_shadow,2026-07-13T15:50:00-04:00,PAPER,BUY,VNO,VNO,4.65521716006,38.705,180.18018018,38.705,0,PAPER,success,rebalance_entry,2026-07-13,ts500-lfr-2026-07-13,trisight_sim,ts500_rebalance_entry,2026-07-13T15:50:00-04:00,locked_session_preclose_1545_1555_america_new_york,,,,,
trisight_500_late_failed_recovery_shadow,2026-07-13T15:50:00-04:00,PAPER,BUY,SPNT,SPNT,7.21875721876,24.96,180.18018018,24.96,0,PAPER,success,rebalance_entry,2026-07-13,ts500-lfr-2026-07-13,trisight_sim,ts500_rebalance_entry,2026-07-13T15:50:00-04:00,locked_session_preclose_1545_1555_america_new_york,,,,,
trisight_500_late_failed_recovery_shadow,2026-07-13T15:50:00-04:00,PAPER,BUY,HWC,HWC,2.38428186026,75.57,180.18018018,75.57,0,PAPER,success,rebalance_entry,2026-07-13,ts500-lfr-2026-07-13,trisight_sim,ts500_rebalance_entry,2026-07-13T15:50:00-04:00,locked_session_preclose_1545_1555_america_new_york,,,,,
trisight_500_late_failed_recovery_shadow,2026-07-13T15:50:00-04:00,PAPER,BUY,BK,BK,1.31364960761,137.16,180.18018018,137.16,0,PAPER,success,rebalance_entry,2026-07-13,ts500-lfr-2026-07-13,trisight_sim,ts500_rebalance_entry,2026-07-13T15:50:00-04:00,locked_session_preclose_1545_1555_america_new_york,,,,,
trisight_500_late_failed_recovery_shadow,2026-07-13T15:50:00-04:00,PAPER,BUY,INSW,INSW,2.07365842076,86.89,180.18018018,86.89,0,PAPER,success,rebalance_entry,2026-07-13,ts500-lfr-2026-07-13,trisight_sim,ts500_rebalance_entry,2026-07-13T15:50:00-04:00,locked_session_preclose_1545_1555_america_new_york,,,,,
trisight_500_late_failed_recovery_shadow,2026-07-13T15:50:00-04:00,PAPER,BUY,PODD,PODD,1.10989392744,162.34,180.18018018,162.34,0,PAPER,success,rebalance_entry,2026-07-13,ts500-lfr-2026-07-13,trisight_sim,ts500_rebalance_entry,2026-07-13T15:50:00-04:00,locked_session_preclose_1545_1555_america_new_york,,,,,
trisight_500_late_failed_recovery_shadow,2026-07-13T15:50:00-04:00,PAPER,BUY,DXCM,DXCM,2.39680984609,75.175,180.18018018,75.175,0,PAPER,success,rebalance_entry,2026-07-13,ts500-lfr-2026-07-13,trisight_sim,ts500_rebalance_entry,2026-07-13T15:50:00-04:00,locked_session_preclose_1545_1555_america_new_york,,,,,
trisight_500_late_failed_recovery_shadow,2026-07-13T15:50:00-04:00,PAPER,BUY,KMB,KMB,1.61959712522,111.25,180.18018018,111.25,0,PAPER,success,rebalance_entry,2026-07-13,ts500-lfr-2026-07-13,trisight_sim,ts500_rebalance_entry,2026-07-13T15:50:00-04:00,locked_session_preclose_1545_1555_america_new_york,,,,,
trisight_500_late_failed_recovery_shadow,2026-07-13T15:50:00-04:00,PAPER,BUY,HIG,HIG,1.29309731721,139.34,180.18018018,139.34,0,PAPER,success,rebalance_entry,2026-07-13,ts500-lfr-2026-07-13,trisight_sim,ts500_rebalance_entry,2026-07-13T15:50:00-04:00,locked_session_preclose_1545_1555_america_new_york,,,,,
trisight_500_late_failed_recovery_shadow,2026-07-13T15:50:00-04:00,PAPER,BUY,UTI,UTI,3.72273099546,48.4,180.18018018,48.4,0,PAPER,success,rebalance_entry,2026-07-13,ts500-lfr-2026-07-13,trisight_sim,ts500_rebalance_entry,2026-07-13T15:50:00-04:00,locked_session_preclose_1545_1555_america_new_york,,,,,
trisight_500_late_failed_recovery_shadow,2026-07-13T15:50:00-04:00,PAPER,BUY,COKE,COKE,1.00879111013,178.61,180.18018018,178.61,0,PAPER,success,rebalance_entry,2026-07-13,ts500-lfr-2026-07-13,trisight_sim,ts500_rebalance_entry,2026-07-13T15:50:00-04:00,locked_session_preclose_1545_1555_america_new_york,,,,,
trisight_500_late_failed_recovery_shadow,2026-07-13T15:50:00-04:00,PAPER,BUY,PGR,PGR,0.776672184923,231.99,180.18018018,231.99,0,PAPER,success,rebalance_entry,2026-07-13,ts500-lfr-2026-07-13,trisight_sim,ts500_rebalance_entry,2026-07-13T15:50:00-04:00,locked_session_preclose_1545_1555_america_new_york,,,,,
trisight_500_late_failed_recovery_shadow,2026-07-13T15:50:00-04:00,PAPER,BUY,BRO,BRO,2.62691617116,68.59,180.18018018,68.59,0,PAPER,success,rebalance_entry,2026-07-13,ts500-lfr-2026-07-13,trisight_sim,ts500_rebalance_entry,2026-07-13T15:50:00-04:00,locked_session_preclose_1545_1555_america_new_york,,,,,
trisight_500_late_failed_recovery_shadow,2026-07-13T15:50:00-04:00,PAPER,BUY,SION,SION,4.17180319936,43.19,180.18018018,43.19,0,PAPER,success,rebalance_entry,2026-07-13,ts500-lfr-2026-07-13,trisight_sim,ts500_rebalance_entry,2026-07-13T15:50:00-04:00,locked_session_preclose_1545_1555_america_new_york,,,,,
trisight_500_late_failed_recovery_shadow,2026-07-13T15:50:00-04:00,PAPER,BUY,S,S,9.80839304193,18.37,180.18018018,18.37,0,PAPER,success,rebalance_entry,2026-07-13,ts500-lfr-2026-07-13,trisight_sim,ts500_rebalance_entry,2026-07-13T15:50:00-04:00,locked_session_preclose_1545_1555_america_new_york,,,,,
trisight_500_late_failed_recovery_shadow,2026-07-13T15:50:00-04:00,PAPER,BUY,DAVE,DAVE,0.459373786248,392.23,180.18018018,392.23,0,PAPER,success,rebalance_entry,2026-07-13,ts500-lfr-2026-07-13,trisight_sim,ts500_rebalance_entry,2026-07-13T15:50:00-04:00,locked_session_preclose_1545_1555_america_new_york,,,,,
trisight_500_late_failed_recovery_shadow,2026-07-13T15:50:00-04:00,PAPER,BUY,ROP,ROP,0.501692019046,359.145,180.18018018,359.145,0,PAPER,success,rebalance_entry,2026-07-13,ts500-lfr-2026-07-13,trisight_sim,ts500_rebalance_entry,2026-07-13T15:50:00-04:00,locked_session_preclose_1545_1555_america_new_york,,,,,
trisight_500_late_failed_recovery_shadow,2026-07-13T15:50:00-04:00,PAPER,BUY,OTEX,OTEX,7.7280797847,23.315,180.18018018,23.315,0,PAPER,success,rebalance_entry,2026-07-13,ts500-lfr-2026-07-13,trisight_sim,ts500_rebalance_entry,2026-07-13T15:50:00-04:00,locked_session_preclose_1545_1555_america_new_york,,,,,
trisight_500_late_failed_recovery_shadow,2026-07-13T15:50:00-04:00,PAPER,BUY,VIST,VIST,2.69811590566,66.78,180.18018018,66.78,0,PAPER,success,rebalance_entry,2026-07-13,ts500-lfr-2026-07-13,trisight_sim,ts500_rebalance_entry,2026-07-13T15:50:00-04:00,locked_session_preclose_1545_1555_america_new_york,,,,,
trisight_500_late_failed_recovery_shadow,2026-07-13T15:50:00-04:00,PAPER,BUY,STT,STT,1.01207762838,178.03,180.18018018,178.03,0,PAPER,success,rebalance_entry,2026-07-13,ts500-lfr-2026-07-13,trisight_sim,ts500_rebalance_entry,2026-07-13T15:50:00-04:00,locked_session_preclose_1545_1555_america_new_york,,,,,
trisight_500_late_failed_recovery_shadow,2026-07-13T15:50:00-04:00,PAPER,BUY,PLMR,PLMR,1.32841950957,135.635,180.18018018,135.635,0,PAPER,success,rebalance_entry,2026-07-13,ts500-lfr-2026-07-13,trisight_sim,ts500_rebalance_entry,2026-07-13T15:50:00-04:00,locked_session_preclose_1545_1555_america_new_york,,,,,
trisight_500_late_failed_recovery_shadow,2026-07-13T15:50:00-04:00,PAPER,BUY,LTC,LTC,4.56672614827,39.455,180.18018018,39.455,0,PAPER,success,rebalance_entry,2026-07-13,ts500-lfr-2026-07-13,trisight_sim,ts500_rebalance_entry,2026-07-13T15:50:00-04:00,locked_session_preclose_1545_1555_america_new_york,,,,,
trisight_500_late_failed_recovery_shadow,2026-07-13T15:50:00-04:00,PAPER,BUY,RELY,RELY,7.52318080084,23.95,180.18018018,23.95,0,PAPER,success,rebalance_entry,2026-07-13,ts500-lfr-2026-07-13,trisight_sim,ts500_rebalance_entry,2026-07-13T15:50:00-04:00,locked_session_preclose_1545_1555_america_new_york,,,,,
trisight_500_late_failed_recovery_shadow,2026-07-13T15:50:00-04:00,PAPER,BUY,NTST,NTST,8.29177083204,21.73,180.18018018,21.73,0,PAPER,success,rebalance_entry,2026-07-13,ts500-lfr-2026-07-13,trisight_sim,ts500_rebalance_entry,2026-07-13T15:50:00-04:00,locked_session_preclose_1545_1555_america_new_york,,,,,
trisight_500_late_failed_recovery_shadow,2026-07-13T15:50:00-04:00,PAPER,BUY,LAUR,LAUR,4.46432557434,40.36,180.18018018,40.36,0,PAPER,success,rebalance_entry,2026-07-13,ts500-lfr-2026-07-13,trisight_sim,ts500_rebalance_entry,2026-07-13T15:50:00-04:00,locked_session_preclose_1545_1555_america_new_york,,,,,
trisight_500_late_failed_recovery_shadow,2026-07-13T15:50:00-04:00,PAPER,BUY,VLTO,VLTO,1.93191636927,93.265,180.18018018,93.265,0,PAPER,success,rebalance_entry,2026-07-13,ts500-lfr-2026-07-13,trisight_sim,ts500_rebalance_entry,2026-07-13T15:50:00-04:00,locked_session_preclose_1545_1555_america_new_york,,,,,
trisight_500_late_failed_recovery_shadow,2026-07-13T15:50:00-04:00,PAPER,BUY,ECO,ECO,3.31091841566,54.42,180.18018018,54.42,0,PAPER,success,rebalance_entry,2026-07-13,ts500-lfr-2026-07-13,trisight_sim,ts500_rebalance_entry,2026-07-13T15:50:00-04:00,locked_session_preclose_1545_1555_america_new_york,,,,,
trisight_500_late_failed_recovery_shadow,2026-07-13T15:50:00-04:00,PAPER,BUY,ALLE,ALLE,1.32222925207,136.27,180.18018018,136.27,0,PAPER,success,rebalance_entry,2026-07-13,ts500-lfr-2026-07-13,trisight_sim,ts500_rebalance_entry,2026-07-13T15:50:00-04:00,locked_session_preclose_1545_1555_america_new_york,,,,,
trisight_500_late_failed_recovery_shadow,2026-07-13T15:50:00-04:00,PAPER,BUY,HR,HR,8.63552265421,20.865,180.18018018,20.865,0,PAPER,success,rebalance_entry,2026-07-13,ts500-lfr-2026-07-13,trisight_sim,ts500_rebalance_entry,2026-07-13T15:50:00-04:00,locked_session_preclose_1545_1555_america_new_york,,,,,
trisight_500_late_failed_recovery_shadow,2026-07-13T15:50:00-04:00,PAPER,BUY,WDS,WDS,8.79356662666,20.49,180.18018018,20.49,0,PAPER,success,rebalance_entry,2026-07-13,ts500-lfr-2026-07-13,trisight_sim,ts500_rebalance_entry,2026-07-13T15:50:00-04:00,locked_session_preclose_1545_1555_america_new_york,,,,,
trisight_500_late_failed_recovery_shadow,2026-07-13T15:50:00-04:00,PAPER,BUY,EG,EG,0.479483155517,375.78,180.18018018,375.78,0,PAPER,success,rebalance_entry,2026-07-13,ts500-lfr-2026-07-13,trisight_sim,ts500_rebalance_entry,2026-07-13T15:50:00-04:00,locked_session_preclose_1545_1555_america_new_york,,,,,
trisight_500_late_failed_recovery_shadow,2026-07-13T15:50:00-04:00,PAPER,BUY,EW,EW,1.9625332772,91.81,180.18018018,91.81,0,PAPER,success,rebalance_entry,2026-07-13,ts500-lfr-2026-07-13,trisight_sim,ts500_rebalance_entry,2026-07-13T15:50:00-04:00,locked_session_preclose_1545_1555_america_new_york,,,,,
trisight_500_late_failed_recovery_shadow,2026-07-13T15:50:00-04:00,PAPER,BUY,GCMG,GCMG,13.19034994,13.66,180.18018018,13.66,0,PAPER,success,rebalance_entry,2026-07-13,ts500-lfr-2026-07-13,trisight_sim,ts500_rebalance_entry,2026-07-13T15:50:00-04:00,locked_session_preclose_1545_1555_america_new_york,,,,,
trisight_500_late_failed_recovery_shadow,2026-07-13T15:50:00-04:00,PAPER,BUY,D,D,2.55538477067,70.51,180.18018018,70.51,0,PAPER,success,rebalance_entry,2026-07-13,ts500-lfr-2026-07-13,trisight_sim,ts500_rebalance_entry,2026-07-13T15:50:00-04:00,locked_session_preclose_1545_1555_america_new_york,,,,,
trisight_500_late_failed_recovery_shadow,2026-07-13T15:50:00-04:00,PAPER,BUY,PRU,PRU,1.55033712081,116.22,180.18018018,116.22,0,PAPER,success,rebalance_entry,2026-07-13,ts500-lfr-2026-07-13,trisight_sim,ts500_rebalance_entry,2026-07-13T15:50:00-04:00,locked_session_preclose_1545_1555_america_new_york,,,,,
trisight_500_late_failed_recovery_shadow,2026-07-13T15:50:00-04:00,PAPER,BUY,PGY,PGY,10.217191958,17.635,180.18018018,17.635,0,PAPER,success,rebalance_entry,2026-07-13,ts500-lfr-2026-07-13,trisight_sim,ts500_rebalance_entry,2026-07-13T15:50:00-04:00,locked_session_preclose_1545_1555_america_new_york,,,,,
trisight_500_late_failed_recovery_shadow,2026-07-13T15:50:00-04:00,PAPER,BUY,CRL,CRL,0.077580271337,232.25,18.018018018,232.25,0,PAPER,success,rebalance_entry,2026-07-13,ts500-lfr-2026-07-13,trisight_sim,ts500_rebalance_entry,2026-07-13T15:50:00-04:00,locked_session_preclose_1545_1555_america_new_york,,,,,
trisight_500_late_failed_recovery_shadow,2026-07-13T15:50:00-04:00,PAPER,BUY,GIB,GIB,0.265674108198,67.82,18.018018018,67.82,0,PAPER,success,rebalance_entry,2026-07-13,ts500-lfr-2026-07-13,trisight_sim,ts500_rebalance_entry,2026-07-13T15:50:00-04:00,locked_session_preclose_1545_1555_america_new_york,,,,,
trisight_500_late_failed_recovery_shadow,2026-07-13T15:50:00-04:00,PAPER,BUY,OGS,OGS,0.223437723438,80.64,18.018018018,80.64,0,PAPER,success,rebalance_entry,2026-07-13,ts500-lfr-2026-07-13,trisight_sim,ts500_rebalance_entry,2026-07-13T15:50:00-04:00,locked_session_preclose_1545_1555_america_new_york,,,,,
trisight_500_late_failed_recovery_shadow,2026-07-13T15:50:00-04:00,PAPER,BUY,EPC,EPC,0.663891599779,27.14,18.018018018,27.14,0,PAPER,success,rebalance_entry,2026-07-13,ts500-lfr-2026-07-13,trisight_sim,ts500_rebalance_entry,2026-07-13T15:50:00-04:00,locked_session_preclose_1545_1555_america_new_york,,,,,
trisight_500_late_failed_recovery_shadow,2026-07-13T15:50:00-04:00,PAPER,BUY,LINC,LINC,0.332068153668,54.26,18.018018018,54.26,0,PAPER,success,rebalance_entry,2026-07-13,ts500-lfr-2026-07-13,trisight_sim,ts500_rebalance_entry,2026-07-13T15:50:00-04:00,locked_session_preclose_1545_1555_america_new_york,,,,,
trisight_500_late_failed_recovery_shadow,2026-07-13T15:50:00-04:00,PAPER,BUY,HTO,HTO,0.290894704844,61.94,18.018018018,61.94,0,PAPER,success,rebalance_entry,2026-07-13,ts500-lfr-2026-07-13,trisight_sim,ts500_rebalance_entry,2026-07-13T15:50:00-04:00,locked_session_preclose_1545_1555_america_new_york,,,,,
trisight_500_late_failed_recovery_shadow,2026-07-13T15:50:00-04:00,PAPER,BUY,RSG,RSG,0.0812537452898,221.75,18.018018018,221.75,0,PAPER,success,rebalance_entry,2026-07-13,ts500-lfr-2026-07-13,trisight_sim,ts500_rebalance_entry,2026-07-13T15:50:00-04:00,locked_session_preclose_1545_1555_america_new_york,,,,,
trisight_500_late_failed_recovery_shadow,2026-07-13T15:50:00-04:00,PAPER,BUY,L,L,0.155542282614,115.84,18.018018018,115.84,0,PAPER,success,rebalance_entry,2026-07-13,ts500-lfr-2026-07-13,trisight_sim,ts500_rebalance_entry,2026-07-13T15:50:00-04:00,locked_session_preclose_1545_1555_america_new_york,,,,,
trisight_500_late_failed_recovery_shadow,2026-07-13T15:50:00-04:00,PAPER,BUY,UPS,UPS,0.159268257916,113.13,18.018018018,113.13,0,PAPER,success,rebalance_entry,2026-07-13,ts500-lfr-2026-07-13,trisight_sim,ts500_rebalance_entry,2026-07-13T15:50:00-04:00,locked_session_preclose_1545_1555_america_new_york,,,,,
trisight_500_late_failed_recovery_shadow,2026-07-13T15:50:00-04:00,PAPER,BUY,RIGL,RIGL,0.426361051065,42.26,18.018018018,42.26,0,PAPER,success,rebalance_entry,2026-07-13,ts500-lfr-2026-07-13,trisight_sim,ts500_rebalance_entry,2026-07-13T15:50:00-04:00,locked_session_preclose_1545_1555_america_new_york,,,,,
trisight_500_late_failed_recovery_shadow,2026-07-13T15:50:00-04:00,PAPER,BUY,IQV,IQV,0.0861693831564,209.1,18.018018018,209.1,0,PAPER,success,rebalance_entry,2026-07-13,ts500-lfr-2026-07-13,trisight_sim,ts500_rebalance_entry,2026-07-13T15:50:00-04:00,locked_session_preclose_1545_1555_america_new_york,,,,,
trisight_500_late_failed_recovery_shadow,2026-07-13T15:50:00-04:00,PAPER,BUY,CB,CB,0.0512210194673,351.77,18.018018018,351.77,0,PAPER,success,rebalance_entry,2026-07-13,ts500-lfr-2026-07-13,trisight_sim,ts500_rebalance_entry,2026-07-13T15:50:00-04:00,locked_session_preclose_1545_1555_america_new_york,,,,,
trisight_500_late_failed_recovery_shadow,2026-07-13T15:50:00-04:00,PAPER,BUY,JJSF,JJSF,0.230704456056,78.1,18.018018018,78.1,0,PAPER,success,rebalance_entry,2026-07-13,ts500-lfr-2026-07-13,trisight_sim,ts500_rebalance_entry,2026-07-13T15:50:00-04:00,locked_session_preclose_1545_1555_america_new_york,,,,,
trisight_500_late_failed_recovery_shadow,2026-07-13T15:50:00-04:00,PAPER,BUY,MSI,MSI,0.0426552828248,422.41,18.018018018,422.41,0,PAPER,success,rebalance_entry,2026-07-13,ts500-lfr-2026-07-13,trisight_sim,ts500_rebalance_entry,2026-07-13T15:50:00-04:00,locked_session_preclose_1545_1555_america_new_york,,,,,
trisight_500_late_failed_recovery_shadow,2026-07-13T15:50:00-04:00,PAPER,BUY,LAD,LAD,0.0556472343742,323.79,18.018018018,323.79,0,PAPER,success,rebalance_entry,2026-07-13,ts500-lfr-2026-07-13,trisight_sim,ts500_rebalance_entry,2026-07-13T15:50:00-04:00,locked_session_preclose_1545_1555_america_new_york,,,,,
trisight_500_late_failed_recovery_shadow,2026-07-13T15:50:00-04:00,PAPER,BUY,CDP,CDP,0.491154913943,36.685,18.018018018,36.685,0,PAPER,success,rebalance_entry,2026-07-13,ts500-lfr-2026-07-13,trisight_sim,ts500_rebalance_entry,2026-07-13T15:50:00-04:00,locked_session_preclose_1545_1555_america_new_york,,,,,
trisight_500_late_failed_recovery_shadow,2026-07-13T15:50:00-04:00,PAPER,BUY,IBN,IBN,0.615895334747,29.255,18.018018018,29.255,0,PAPER,success,rebalance_entry,2026-07-13,ts500-lfr-2026-07-13,trisight_sim,ts500_rebalance_entry,2026-07-13T15:50:00-04:00,locked_session_preclose_1545_1555_america_new_york,,,,,
trisight_500_late_failed_recovery_shadow,2026-07-13T15:50:00-04:00,PAPER,BUY,UGI,UGI,0.496022519422,36.325,18.018018018,36.325,0,PAPER,success,rebalance_entry,2026-07-13,ts500-lfr-2026-07-13,trisight_sim,ts500_rebalance_entry,2026-07-13T15:50:00-04:00,locked_session_preclose_1545_1555_america_new_york,,,,,
trisight_500_late_failed_recovery_shadow,2026-07-13T15:50:00-04:00,PAPER,BUY,SSNC,SSNC,0.265909356818,67.76,18.018018018,67.76,0,PAPER,success,rebalance_entry,2026-07-13,ts500-lfr-2026-07-13,trisight_sim,ts500_rebalance_entry,2026-07-13T15:50:00-04:00,locked_session_preclose_1545_1555_america_new_york,,,,,
trisight_500_late_failed_recovery_shadow,2026-07-13T15:50:00-04:00,PAPER,BUY,SLM,SLM,0.730065559887,24.68,18.018018018,24.68,0,PAPER,success,rebalance_entry,2026-07-13,ts500-lfr-2026-07-13,trisight_sim,ts500_rebalance_entry,2026-07-13T15:50:00-04:00,locked_session_preclose_1545_1555_america_new_york,,,,,
trisight_500_late_failed_recovery_shadow,2026-07-13T15:50:00-04:00,PAPER,BUY,ES,ES,0.239362577456,75.275,18.018018018,75.275,0,PAPER,success,rebalance_entry,2026-07-13,ts500-lfr-2026-07-13,trisight_sim,ts500_rebalance_entry,2026-07-13T15:50:00-04:00,locked_session_preclose_1545_1555_america_new_york,,,,,
trisight_500_late_failed_recovery_shadow,2026-07-13T15:50:00-04:00,PAPER,BUY,JLL,JLL,0.0551769040515,326.55,18.018018018,326.55,0,PAPER,success,rebalance_entry,2026-07-13,ts500-lfr-2026-07-13,trisight_sim,ts500_rebalance_entry,2026-07-13T15:50:00-04:00,locked_session_preclose_1545_1555_america_new_york,,,,,
trisight_500_late_failed_recovery_shadow,2026-07-13T15:50:00-04:00,PAPER,BUY,BFAM,BFAM,0.241398955225,74.64,18.018018018,74.64,0,PAPER,success,rebalance_entry,2026-07-13,ts500-lfr-2026-07-13,trisight_sim,ts500_rebalance_entry,2026-07-13T15:50:00-04:00,locked_session_preclose_1545_1555_america_new_york,,,,,
trisight_500_late_failed_recovery_shadow,2026-07-13T15:50:00-04:00,PAPER,BUY,CNI,CNI,0.144040435031,125.09,18.018018018,125.09,0,PAPER,success,rebalance_entry,2026-07-13,ts500-lfr-2026-07-13,trisight_sim,ts500_rebalance_entry,2026-07-13T15:50:00-04:00,locked_session_preclose_1545_1555_america_new_york,,,,,
trisight_500_late_failed_recovery_shadow,2026-07-13T15:50:00-04:00,PAPER,BUY,ICUI,ICUI,0.115123749396,156.51,18.018018018,156.51,0,PAPER,success,rebalance_entry,2026-07-13,ts500-lfr-2026-07-13,trisight_sim,ts500_rebalance_entry,2026-07-13T15:50:00-04:00,locked_session_preclose_1545_1555_america_new_york,,,,,
trisight_500_late_failed_recovery_shadow,2026-07-13T15:50:00-04:00,PAPER,BUY,KHC,KHC,0.714575372517,25.215,18.018018018,25.215,0,PAPER,success,rebalance_entry,2026-07-13,ts500-lfr-2026-07-13,trisight_sim,ts500_rebalance_entry,2026-07-13T15:50:00-04:00,locked_session_preclose_1545_1555_america_new_york,,,,,
trisight_500_late_failed_recovery_shadow,2026-07-13T15:50:00-04:00,PAPER,BUY,NTES,NTES,0.136355517012,132.14,18.018018018,132.14,0,PAPER,success,rebalance_entry,2026-07-13,ts500-lfr-2026-07-13,trisight_sim,ts500_rebalance_entry,2026-07-13T15:50:00-04:00,locked_session_preclose_1545_1555_america_new_york,,,,,
trisight_500_late_failed_recovery_shadow,2026-07-13T15:50:00-04:00,PAPER,BUY,WSBC,WSBC,0.462593530629,38.95,18.018018018,38.95,0,PAPER,success,rebalance_entry,2026-07-13,ts500-lfr-2026-07-13,trisight_sim,ts500_rebalance_entry,2026-07-13T15:50:00-04:00,locked_session_preclose_1545_1555_america_new_york,,,,,
trisight_500_late_failed_recovery_shadow,2026-07-13T15:50:00-04:00,PAPER,BUY,AVB,AVB,0.0922345432199,195.35,18.018018018,195.35,0,PAPER,success,rebalance_entry,2026-07-13,ts500-lfr-2026-07-13,trisight_sim,ts500_rebalance_entry,2026-07-13T15:50:00-04:00,locked_session_preclose_1545_1555_america_new_york,,,,,
trisight_500_late_failed_recovery_shadow,2026-07-13T15:50:00-04:00,PAPER,BUY,PRAA,PRAA,0.981908338856,18.35,18.018018018,18.35,0,PAPER,success,rebalance_entry,2026-07-13,ts500-lfr-2026-07-13,trisight_sim,ts500_rebalance_entry,2026-07-13T15:50:00-04:00,locked_session_preclose_1545_1555_america_new_york,,,,,
trisight_500_late_failed_recovery_shadow,2026-07-13T15:50:00-04:00,PAPER,BUY,EHC,EHC,0.16247085679,110.9,18.018018018,110.9,0,PAPER,success,rebalance_entry,2026-07-13,ts500-lfr-2026-07-13,trisight_sim,ts500_rebalance_entry,2026-07-13T15:50:00-04:00,locked_session_preclose_1545_1555_america_new_york,,,,,
trisight_500_late_failed_recovery_shadow,2026-07-13T15:50:00-04:00,PAPER,BUY,UNP,UNP,0.0623763,288.86,18.018018018,288.86,0,PAPER,success,rebalance_entry,2026-07-13,ts500-lfr-2026-07-13,trisight_sim,ts500_rebalance_entry,2026-07-13T15:50:00-04:00,locked_session_preclose_1545_1555_america_new_york,,,,,
trisight_500_late_failed_recovery_shadow,2026-07-13T15:50:00-04:00,PAPER,BUY,DOC,DOC,0.824057535697,21.865,18.018018018,21.865,0,PAPER,success,rebalance_entry,2026-07-13,ts500-lfr-2026-07-13,trisight_sim,ts500_rebalance_entry,2026-07-13T15:50:00-04:00,locked_session_preclose_1545_1555_america_new_york,,,,,
trisight_500_late_failed_recovery_shadow,2026-07-13T15:50:00-04:00,PAPER,BUY,WAY,WAY,0.789917493117,22.81,18.018018018,22.81,0,PAPER,success,rebalance_entry,2026-07-13,ts500-lfr-2026-07-13,trisight_sim,ts500_rebalance_entry,2026-07-13T15:50:00-04:00,locked_session_preclose_1545_1555_america_new_york,,,,,
trisight_500_late_failed_recovery_shadow,2026-07-13T15:50:00-04:00,PAPER,BUY,BTSG,BTSG,0.253382337477,71.11,18.018018018,71.11,0,PAPER,success,rebalance_entry,2026-07-13,ts500-lfr-2026-07-13,trisight_sim,ts500_rebalance_entry,2026-07-13T15:50:00-04:00,locked_session_preclose_1545_1555_america_new_york,,,,,
trisight_500_late_failed_recovery_shadow,2026-07-13T15:50:00-04:00,PAPER,BUY,PRGS,PRGS,0.475409446385,37.9,18.018018018,37.9,0,PAPER,success,rebalance_entry,2026-07-13,ts500-lfr-2026-07-13,trisight_sim,ts500_rebalance_entry,2026-07-13T15:50:00-04:00,locked_session_preclose_1545_1555_america_new_york,,,,,
trisight_500_late_failed_recovery_shadow,2026-07-13T15:50:00-04:00,PAPER,BUY,GLIBK,GLIBK,0.805094638874,22.38,18.018018018,22.38,0,PAPER,success,rebalance_entry,2026-07-13,ts500-lfr-2026-07-13,trisight_sim,ts500_rebalance_entry,2026-07-13T15:50:00-04:00,locked_session_preclose_1545_1555_america_new_york,,,,,
trisight_500_late_failed_recovery_shadow,2026-07-13T15:50:00-04:00,PAPER,BUY,HIW,HIW,0.576945821902,31.23,18.018018018,31.23,0,PAPER,success,rebalance_entry,2026-07-13,ts500-lfr-2026-07-13,trisight_sim,ts500_rebalance_entry,2026-07-13T15:50:00-04:00,locked_session_preclose_1545_1555_america_new_york,,,,,
trisight_500_late_failed_recovery_shadow,2026-07-13T15:50:00-04:00,PAPER,BUY,BBAR,BBAR,0.868777840257,20.7395,18.018018018,20.7395,0,PAPER,success,rebalance_entry,2026-07-13,ts500-lfr-2026-07-13,trisight_sim,ts500_rebalance_entry,2026-07-13T15:50:00-04:00,locked_session_preclose_1545_1555_america_new_york,,,,,
trisight_500_late_failed_recovery_shadow,2026-07-13T15:50:00-04:00,PAPER,BUY,SM,SM,0.612649371575,29.41,18.018018018,29.41,0,PAPER,success,rebalance_entry,2026-07-13,ts500-lfr-2026-07-13,trisight_sim,ts500_rebalance_entry,2026-07-13T15:50:00-04:00,locked_session_preclose_1545_1555_america_new_york,,,,,
trisight_500_late_failed_recovery_shadow,2026-07-13T15:50:00-04:00,PAPER,BUY,DASH,DASH,0.0932947652773,193.13,18.018018018,193.13,0,PAPER,success,rebalance_entry,2026-07-13,ts500-lfr-2026-07-13,trisight_sim,ts500_rebalance_entry,2026-07-13T15:50:00-04:00,locked_session_preclose_1545_1555_america_new_york,,,,,
trisight_500_late_failed_recovery_shadow,2026-07-13T15:50:00-04:00,PAPER,BUY,WELL,WELL,0.0767965988322,234.62,18.018018018,234.62,0,PAPER,success,rebalance_entry,2026-07-13,ts500-lfr-2026-07-13,trisight_sim,ts500_rebalance_entry,2026-07-13T15:50:00-04:00,locked_session_preclose_1545_1555_america_new_york,,,,,
trisight_500_late_failed_recovery_shadow,2026-07-13T15:50:00-04:00,PAPER,BUY,SAN,SAN,1.31758815488,13.675,18.018018018,13.675,0,PAPER,success,rebalance_entry,2026-07-13,ts500-lfr-2026-07-13,trisight_sim,ts500_rebalance_entry,2026-07-13T15:50:00-04:00,locked_session_preclose_1545_1555_america_new_york,,,,,
trisight_500_late_failed_recovery_shadow,2026-07-13T15:50:00-04:00,PAPER,BUY,CCEP,CCEP,0.16966118661,106.2,18.018018018,106.2,0,PAPER,success,rebalance_entry,2026-07-13,ts500-lfr-2026-07-13,trisight_sim,ts500_rebalance_entry,2026-07-13T15:50:00-04:00,locked_session_preclose_1545_1555_america_new_york,,,,,
trisight_500_late_failed_recovery_shadow,2026-07-13T15:50:00-04:00,PAPER,BUY,MYE,MYE,0.58576131398,30.76,18.018018018,30.76,0,PAPER,success,rebalance_entry,2026-07-13,ts500-lfr-2026-07-13,trisight_sim,ts500_rebalance_entry,2026-07-13T15:50:00-04:00,locked_session_preclose_1545_1555_america_new_york,,,,,
trisight_500_late_failed_recovery_shadow,2026-07-13T15:50:00-04:00,PAPER,BUY,SBS,SBS,3.01556786912,5.975,18.018018018,5.975,0,PAPER,success,rebalance_entry,2026-07-13,ts500-lfr-2026-07-13,trisight_sim,ts500_rebalance_entry,2026-07-13T15:50:00-04:00,locked_session_preclose_1545_1555_america_new_york,,,,,
trisight_500_late_failed_recovery_shadow,2026-07-13T15:50:00-04:00,PAPER,BUY,HCI,HCI,0.099668204547,180.78,18.018018018,180.78,0,PAPER,success,rebalance_entry,2026-07-13,ts500-lfr-2026-07-13,trisight_sim,ts500_rebalance_entry,2026-07-13T15:50:00-04:00,locked_session_preclose_1545_1555_america_new_york,,,,,
trisight_500_late_failed_recovery_shadow,2026-07-13T15:50:00-04:00,PAPER,BUY,ENSG,ENSG,0.10616945388,169.71,18.018018018,169.71,0,PAPER,success,rebalance_entry,2026-07-13,ts500-lfr-2026-07-13,trisight_sim,ts500_rebalance_entry,2026-07-13T15:50:00-04:00,locked_session_preclose_1545_1555_america_new_york,,,,,
trisight_500_late_failed_recovery_shadow,2026-07-13T15:50:00-04:00,PAPER,BUY,FNF,FNF,0.361880257441,49.79,18.018018018,49.79,0,PAPER,success,rebalance_entry,2026-07-13,ts500-lfr-2026-07-13,trisight_sim,ts500_rebalance_entry,2026-07-13T15:50:00-04:00,locked_session_preclose_1545_1555_america_new_york,,,,,
trisight_500_late_failed_recovery_shadow,2026-07-13T15:50:00-04:00,PAPER,BUY,PINS,PINS,0.795497484239,22.65,18.018018018,22.65,0,PAPER,success,rebalance_entry,2026-07-13,ts500-lfr-2026-07-13,trisight_sim,ts500_rebalance_entry,2026-07-13T15:50:00-04:00,locked_session_preclose_1545_1555_america_new_york,,,,,
trisight_500_late_failed_recovery_shadow,2026-07-28T15:50:00-04:00,PAPER,SELL,ACLX,ACLX,4.69749318276,115.07,540.54054054,115.07,0,PAPER,success,void_d25_never_executable,2026-07-13,ts500-lfr-2026-07-13,trisight_sim,ts500_void_backfill,2026-07-28T15:50:00-04:00,locked_session_preclose_1545_1555_america_new_york,,,,,
trisight_500_late_failed_recovery_shadow,2026-07-28T15:50:00-04:00,PAPER,SELL,AMWD,AMWD,11.2401859127,48.09,540.540540542,48.09,0,PAPER,success,void_d25_never_executable,2026-07-13,ts500-lfr-2026-07-13,trisight_sim,ts500_void_backfill,2026-07-28T15:50:00-04:00,locked_session_preclose_1545_1555_america_new_york,,,,,
trisight_500_late_failed_recovery_shadow,2026-07-28T15:50:00-04:00,PAPER,SELL,APLS,APLS,13.1742759089,41.03,540.540540542,41.03,0,PAPER,success,void_d25_never_executable,2026-07-13,ts500-lfr-2026-07-13,trisight_sim,ts500_void_backfill,2026-07-28T15:50:00-04:00,locked_session_preclose_1545_1555_america_new_york,,,,,
trisight_500_late_failed_recovery_shadow,2026-07-28T15:50:00-04:00,PAPER,SELL,ASGN,ASGN,27.6774470323,19.53,540.540540541,19.53,0,PAPER,success,void_d25_never_executable,2026-07-13,ts500-lfr-2026-07-13,trisight_sim,ts500_void_backfill,2026-07-28T15:50:00-04:00,locked_session_preclose_1545_1555_america_new_york,,,,,
trisight_500_late_failed_recovery_shadow,2026-07-28T15:50:00-04:00,PAPER,SELL,AVB,AVB,0.0922345432199,195.35,18.018018018,195.35,0,PAPER,success,void_d25_corrected_selection,2026-07-13,ts500-lfr-2026-07-13,trisight_sim,ts500_void_backfill,2026-07-28T15:50:00-04:00,locked_session_preclose_1545_1555_america_new_york,,,,,
trisight_500_late_failed_recovery_shadow,2026-07-28T15:50:00-04:00,PAPER,SELL,BBAR,BBAR,0.868777840257,20.7395,18.018018018,20.7395,0,PAPER,success,void_d25_corrected_selection,2026-07-13,ts500-lfr-2026-07-13,trisight_sim,ts500_void_backfill,2026-07-28T15:50:00-04:00,locked_session_preclose_1545_1555_america_new_york,,,,,
trisight_500_late_failed_recovery_shadow,2026-07-28T15:50:00-04:00,PAPER,SELL,BBIO,BBIO,6.52905593116,82.79,540.540540541,82.79,0,PAPER,success,void_d25_corrected_selection,2026-07-13,ts500-lfr-2026-07-13,trisight_sim,ts500_void_backfill,2026-07-28T15:50:00-04:00,locked_session_preclose_1545_1555_america_new_york,,,,,
trisight_500_late_failed_recovery_shadow,2026-07-28T15:50:00-04:00,PAPER,SELL,BFAM,BFAM,0.241398955225,74.64,18.018018018,74.64,0,PAPER,success,void_d25_corrected_selection,2026-07-13,ts500-lfr-2026-07-13,trisight_sim,ts500_void_backfill,2026-07-28T15:50:00-04:00,locked_session_preclose_1545_1555_america_new_york,,,,,
trisight_500_late_failed_recovery_shadow,2026-07-28T15:50:00-04:00,PAPER,SELL,BK,BK,1.31364960761,137.16,180.18018018,137.16,0,PAPER,success,void_d25_never_executable,2026-07-13,ts500-lfr-2026-07-13,trisight_sim,ts500_void_backfill,2026-07-28T15:50:00-04:00,locked_session_preclose_1545_1555_america_new_york,,,,,
trisight_500_late_failed_recovery_shadow,2026-07-28T15:50:00-04:00,PAPER,SELL,BLD,BLD,0.508222661496,354.53,180.18018018,354.53,0,PAPER,success,void_d25_never_executable,2026-07-13,ts500-lfr-2026-07-13,trisight_sim,ts500_void_backfill,2026-07-28T15:50:00-04:00,locked_session_preclose_1545_1555_america_new_york,,,,,
trisight_500_late_failed_recovery_shadow,2026-07-28T15:50:00-04:00,PAPER,SELL,BRZE,BRZE,20.8662629045,25.905,540.540540541,25.905,0,PAPER,success,void_d25_corrected_selection,2026-07-13,ts500-lfr-2026-07-13,trisight_sim,ts500_void_backfill,2026-07-28T15:50:00-04:00,locked_session_preclose_1545_1555_america_new_york,,,,,
trisight_500_late_failed_recovery_shadow,2026-07-28T15:50:00-04:00,PAPER,SELL,BTSG,BTSG,0.253382337477,71.11,18.018018018,71.11,0,PAPER,success,void_d25_corrected_selection,2026-07-13,ts500-lfr-2026-07-13,trisight_sim,ts500_void_backfill,2026-07-28T15:50:00-04:00,locked_session_preclose_1545_1555_america_new_york,,,,,
trisight_500_late_failed_recovery_shadow,2026-07-28T15:50:00-04:00,PAPER,SELL,CCEP,CCEP,0.16966118661,106.2,18.018018018,106.2,0,PAPER,success,void_d25_corrected_selection,2026-07-13,ts500-lfr-2026-07-13,trisight_sim,ts500_void_backfill,2026-07-28T15:50:00-04:00,locked_session_preclose_1545_1555_america_new_york,,,,,
trisight_500_late_failed_recovery_shadow,2026-07-28T15:50:00-04:00,PAPER,SELL,CDP,CDP,0.491154913943,36.685,18.018018018,36.685,0,PAPER,success,void_d25_corrected_selection,2026-07-13,ts500-lfr-2026-07-13,trisight_sim,ts500_void_backfill,2026-07-28T15:50:00-04:00,locked_session_preclose_1545_1555_america_new_york,,,,,
trisight_500_late_failed_recovery_shadow,2026-07-28T15:50:00-04:00,PAPER,SELL,CNI,CNI,0.144040435031,125.09,18.018018018,125.09,0,PAPER,success,void_d25_corrected_selection,2026-07-13,ts500-lfr-2026-07-13,trisight_sim,ts500_void_backfill,2026-07-28T15:50:00-04:00,locked_session_preclose_1545_1555_america_new_york,,,,,
trisight_500_late_failed_recovery_shadow,2026-07-28T15:50:00-04:00,PAPER,SELL,CNTA,CNTA,13.3466800133,40.5,540.540540539,40.5,0,PAPER,success,void_d25_never_executable,2026-07-13,ts500-lfr-2026-07-13,trisight_sim,ts500_void_backfill,2026-07-28T15:50:00-04:00,locked_session_preclose_1545_1555_america_new_york,,,,,
trisight_500_late_failed_recovery_shadow,2026-07-28T15:50:00-04:00,PAPER,SELL,CSGS,CSGS,6.6989780709,80.69,540.540540541,80.69,0,PAPER,success,void_d25_never_executable,2026-07-13,ts500-lfr-2026-07-13,trisight_sim,ts500_void_backfill,2026-07-28T15:50:00-04:00,locked_session_preclose_1545_1555_america_new_york,,,,,
trisight_500_late_failed_recovery_shadow,2026-07-28T15:50:00-04:00,PAPER,SELL,CTLP,CTLP,48.2625482625,11.2,540.54054054,11.2,0,PAPER,success,void_d25_never_executable,2026-07-13,ts500-lfr-2026-07-13,trisight_sim,ts500_void_backfill,2026-07-28T15:50:00-04:00,locked_session_preclose_1545_1555_america_new_york,,,,,
trisight_500_late_failed_recovery_shadow,2026-07-28T15:50:00-04:00,PAPER,SELL,CTRA,CTRA,16.6013679527,32.56,540.54054054,32.56,0,PAPER,success,void_d25_never_executable,2026-07-13,ts500-lfr-2026-07-13,trisight_sim,ts500_void_backfill,2026-07-28T15:50:00-04:00,locked_session_preclose_1545_1555_america_new_york,,,,,
trisight_500_late_failed_recovery_shadow,2026-07-28T15:50:00-04:00,PAPER,SELL,CUK,CUK,19.6774860044,27.47,540.540540541,27.47,0,PAPER,success,void_d25_never_executable,2026-07-13,ts500-lfr-2026-07-13,trisight_sim,ts500_void_backfill,2026-07-28T15:50:00-04:00,locked_session_preclose_1545_1555_america_new_york,,,,,
trisight_500_late_failed_recovery_shadow,2026-07-28T15:50:00-04:00,PAPER,SELL,CWAN,CWAN,22.0089796637,24.56,540.54054054,24.56,0,PAPER,success,void_d25_never_executable,2026-07-13,ts500-lfr-2026-07-13,trisight_sim,ts500_void_backfill,2026-07-28T15:50:00-04:00,locked_session_preclose_1545_1555_america_new_york,,,,,
trisight_500_late_failed_recovery_shadow,2026-07-28T15:50:00-04:00,PAPER,SELL,DASH,DASH,0.0932947652773,193.13,18.018018018,193.13,0,PAPER,success,void_d25_corrected_selection,2026-07-13,ts500-lfr-2026-07-13,trisight_sim,ts500_void_backfill,2026-07-28T15:50:00-04:00,locked_session_preclose_1545_1555_america_new_york,,,,,
trisight_500_late_failed_recovery_shadow,2026-07-28T15:50:00-04:00,PAPER,SELL,DOC,DOC,0.824057535697,21.865,18.018018018,21.865,0,PAPER,success,void_d25_corrected_selection,2026-07-13,ts500-lfr-2026-07-13,trisight_sim,ts500_void_backfill,2026-07-28T15:50:00-04:00,locked_session_preclose_1545_1555_america_new_york,,,,,
trisight_500_late_failed_recovery_shadow,2026-07-28T15:50:00-04:00,PAPER,SELL,EHC,EHC,0.16247085679,110.9,18.018018018,110.9,0,PAPER,success,void_d25_corrected_selection,2026-07-13,ts500-lfr-2026-07-13,trisight_sim,ts500_void_backfill,2026-07-28T15:50:00-04:00,locked_session_preclose_1545_1555_america_new_york,,,,,
trisight_500_late_failed_recovery_shadow,2026-07-28T15:50:00-04:00,PAPER,SELL,ENSG,ENSG,0.10616945388,169.71,18.018018018,169.71,0,PAPER,success,void_d25_corrected_selection,2026-07-13,ts500-lfr-2026-07-13,trisight_sim,ts500_void_backfill,2026-07-28T15:50:00-04:00,locked_session_preclose_1545_1555_america_new_york,,,,,
trisight_500_late_failed_recovery_shadow,2026-07-28T15:50:00-04:00,PAPER,SELL,ES,ES,0.239362577456,75.275,18.018018018,75.275,0,PAPER,success,void_d25_corrected_selection,2026-07-13,ts500-lfr-2026-07-13,trisight_sim,ts500_void_backfill,2026-07-28T15:50:00-04:00,locked_session_preclose_1545_1555_america_new_york,,,,,
trisight_500_late_failed_recovery_shadow,2026-07-28T15:50:00-04:00,PAPER,SELL,FDP,FDP,6.16633060165,29.22,180.18018018,29.22,0,PAPER,success,void_d25_never_executable,2026-07-13,ts500-lfr-2026-07-13,trisight_sim,ts500_void_backfill,2026-07-28T15:50:00-04:00,locked_session_preclose_1545_1555_america_new_york,,,,,
trisight_500_late_failed_recovery_shadow,2026-07-28T15:50:00-04:00,PAPER,SELL,FFIC,FFIC,34.9412114118,15.47,540.540540541,15.47,0,PAPER,success,void_d25_never_executable,2026-07-13,ts500-lfr-2026-07-13,trisight_sim,ts500_void_backfill,2026-07-28T15:50:00-04:00,locked_session_preclose_1545_1555_america_new_york,,,,,
trisight_500_late_failed_recovery_shadow,2026-07-28T15:50:00-04:00,PAPER,SELL,FNF,FNF,0.361880257441,49.79,18.018018018,49.79,0,PAPER,success,void_d25_corrected_selection,2026-07-13,ts500-lfr-2026-07-13,trisight_sim,ts500_void_backfill,2026-07-28T15:50:00-04:00,locked_session_preclose_1545_1555_america_new_york,,,,,
trisight_500_late_failed_recovery_shadow,2026-07-28T15:50:00-04:00,PAPER,SELL,GDEN,GDEN,18.933118758,28.55,540.540540541,28.55,0,PAPER,success,void_d25_never_executable,2026-07-13,ts500-lfr-2026-07-13,trisight_sim,ts500_void_backfill,2026-07-28T15:50:00-04:00,locked_session_preclose_1545_1555_america_new_york,,,,,
trisight_500_late_failed_recovery_shadow,2026-07-28T15:50:00-04:00,PAPER,SELL,GLIBK,GLIBK,0.805094638874,22.38,18.018018018,22.38,0,PAPER,success,void_d25_corrected_selection,2026-07-13,ts500-lfr-2026-07-13,trisight_sim,ts500_void_backfill,2026-07-28T15:50:00-04:00,locked_session_preclose_1545_1555_america_new_york,,,,,
trisight_500_late_failed_recovery_shadow,2026-07-28T15:50:00-04:00,PAPER,SELL,GSHD,GSHD,9.92910618186,54.44,540.54054054,54.44,0,PAPER,success,void_d25_corrected_selection,2026-07-13,ts500-lfr-2026-07-13,trisight_sim,ts500_void_backfill,2026-07-28T15:50:00-04:00,locked_session_preclose_1545_1555_america_new_york,,,,,
trisight_500_late_failed_recovery_shadow,2026-07-28T15:50:00-04:00,PAPER,SELL,HCI,HCI,0.099668204547,180.78,18.018018018,180.78,0,PAPER,success,void_d25_corrected_selection,2026-07-13,ts500-lfr-2026-07-13,trisight_sim,ts500_void_backfill,2026-07-28T15:50:00-04:00,locked_session_preclose_1545_1555_america_new_york,,,,,
trisight_500_late_failed_recovery_shadow,2026-07-28T15:50:00-04:00,PAPER,SELL,HIW,HIW,0.576945821902,31.23,18.018018018,31.23,0,PAPER,success,void_d25_corrected_selection,2026-07-13,ts500-lfr-2026-07-13,trisight_sim,ts500_void_backfill,2026-07-28T15:50:00-04:00,locked_session_preclose_1545_1555_america_new_york,,,,,
trisight_500_late_failed_recovery_shadow,2026-07-28T15:50:00-04:00,PAPER,SELL,HTBK,HTBK,40.1888877725,13.45,540.54054054,13.45,0,PAPER,success,void_d25_never_executable,2026-07-13,ts500-lfr-2026-07-13,trisight_sim,ts500_void_backfill,2026-07-28T15:50:00-04:00,locked_session_preclose_1545_1555_america_new_york,,,,,
trisight_500_late_failed_recovery_shadow,2026-07-28T15:50:00-04:00,PAPER,SELL,IAC,IAC,4.26562926563,42.24,180.18018018,42.24,0,PAPER,success,void_d25_never_executable,2026-07-13,ts500-lfr-2026-07-13,trisight_sim,ts500_void_backfill,2026-07-28T15:50:00-04:00,locked_session_preclose_1545_1555_america_new_york,,,,,
trisight_500_late_failed_recovery_shadow,2026-07-28T15:50:00-04:00,PAPER,SELL,IBN,IBN,0.615895334747,29.255,18.018018018,29.255,0,PAPER,success,void_d25_corrected_selection,2026-07-13,ts500-lfr-2026-07-13,trisight_sim,ts500_void_backfill,2026-07-28T15:50:00-04:00,locked_session_preclose_1545_1555_america_new_york,,,,,
trisight_500_late_failed_recovery_shadow,2026-07-28T15:50:00-04:00,PAPER,SELL,ICUI,ICUI,0.115123749396,156.51,18.018018018,156.51,0,PAPER,success,void_d25_corrected_selection,2026-07-13,ts500-lfr-2026-07-13,trisight_sim,ts500_void_backfill,2026-07-28T15:50:00-04:00,locked_session_preclose_1545_1555_america_new_york,,,,,
trisight_500_late_failed_recovery_shadow,2026-07-28T15:50:00-04:00,PAPER,SELL,JHG,JHG,3.46833840578,51.95,180.18018018,51.95,0,PAPER,success,void_d25_never_executable,2026-07-13,ts500-lfr-2026-07-13,trisight_sim,ts500_void_backfill,2026-07-28T15:50:00-04:00,locked_session_preclose_1545_1555_america_new_york,,,,,
trisight_500_late_failed_recovery_shadow,2026-07-28T15:50:00-04:00,PAPER,SELL,JLL,JLL,0.0551769040515,326.55,18.018018018,326.55,0,PAPER,success,void_d25_corrected_selection,2026-07-13,ts500-lfr-2026-07-13,trisight_sim,ts500_void_backfill,2026-07-28T15:50:00-04:00,locked_session_preclose_1545_1555_america_new_york,,,,,
trisight_500_late_failed_recovery_shadow,2026-07-28T15:50:00-04:00,PAPER,SELL,KHC,KHC,0.714575372517,25.215,18.018018018,25.215,0,PAPER,success,void_d25_corrected_selection,2026-07-13,ts500-lfr-2026-07-13,trisight_sim,ts500_void_backfill,2026-07-28T15:50:00-04:00,locked_session_preclose_1545_1555_america_new_york,,,,,
trisight_500_late_failed_recovery_shadow,2026-07-28T15:50:00-04:00,PAPER,SELL,LAD,LAD,0.0556472343742,323.79,18.018018018,323.79,0,PAPER,success,void_d25_corrected_selection,2026-07-13,ts500-lfr-2026-07-13,trisight_sim,ts500_void_backfill,2026-07-28T15:50:00-04:00,locked_session_preclose_1545_1555_america_new_york,,,,,
trisight_500_late_failed_recovery_shadow,2026-07-28T15:50:00-04:00,PAPER,SELL,LC,LC,28.1384976856,19.21,540.54054054,19.21,0,PAPER,success,void_d25_never_executable,2026-07-13,ts500-lfr-2026-07-13,trisight_sim,ts500_void_backfill,2026-07-28T15:50:00-04:00,locked_session_preclose_1545_1555_america_new_york,,,,,
trisight_500_late_failed_recovery_shadow,2026-07-28T15:50:00-04:00,PAPER,SELL,MASI,MASI,1.00127913409,179.95,180.180180179,179.95,0,PAPER,success,void_d25_never_executable,2026-07-13,ts500-lfr-2026-07-13,trisight_sim,ts500_void_backfill,2026-07-28T15:50:00-04:00,locked_session_preclose_1545_1555_america_new_york,,,,,
trisight_500_late_failed_recovery_shadow,2026-07-28T15:50:00-04:00,PAPER,SELL,MYE,MYE,0.58576131398,30.76,18.018018018,30.76,0,PAPER,success,void_d25_corrected_selection,2026-07-13,ts500-lfr-2026-07-13,trisight_sim,ts500_void_backfill,2026-07-28T15:50:00-04:00,locked_session_preclose_1545_1555_america_new_york,,,,,
trisight_500_late_failed_recovery_shadow,2026-07-28T15:50:00-04:00,PAPER,SELL,NTES,NTES,0.136355517012,132.14,18.018018018,132.14,0,PAPER,success,void_d25_corrected_selection,2026-07-13,ts500-lfr-2026-07-13,trisight_sim,ts500_void_backfill,2026-07-28T15:50:00-04:00,locked_session_preclose_1545_1555_america_new_york,,,,,
trisight_500_late_failed_recovery_shadow,2026-07-28T15:50:00-04:00,PAPER,SELL,PARR,PARR,7.70483694254,70.156,540.540540541,70.156,0,PAPER,success,void_d25_corrected_selection,2026-07-13,ts500-lfr-2026-07-13,trisight_sim,ts500_void_backfill,2026-07-28T15:50:00-04:00,locked_session_preclose_1545_1555_america_new_york,,,,,
trisight_500_late_failed_recovery_shadow,2026-07-28T15:50:00-04:00,PAPER,SELL,PINS,PINS,0.795497484239,22.65,18.018018018,22.65,0,PAPER,success,void_d25_corrected_selection,2026-07-13,ts500-lfr-2026-07-13,trisight_sim,ts500_void_backfill,2026-07-28T15:50:00-04:00,locked_session_preclose_1545_1555_america_new_york,,,,,
trisight_500_late_failed_recovery_shadow,2026-07-28T15:50:00-04:00,PAPER,SELL,PRA,PRA,21.6216216216,25,540.54054054,25,0,PAPER,success,void_d25_never_executable,2026-07-13,ts500-lfr-2026-07-13,trisight_sim,ts500_void_backfill,2026-07-28T15:50:00-04:00,locked_session_preclose_1545_1555_america_new_york,,,,,
trisight_500_late_failed_recovery_shadow,2026-07-28T15:50:00-04:00,PAPER,SELL,PRAA,PRAA,0.981908338856,18.35,18.018018018,18.35,0,PAPER,success,void_d25_corrected_selection,2026-07-13,ts500-lfr-2026-07-13,trisight_sim,ts500_void_backfill,2026-07-28T15:50:00-04:00,locked_session_preclose_1545_1555_america_new_york,,,,,
trisight_500_late_failed_recovery_shadow,2026-07-28T15:50:00-04:00,PAPER,SELL,PRGS,PRGS,0.475409446385,37.9,18.018018018,37.9,0,PAPER,success,void_d25_corrected_selection,2026-07-13,ts500-lfr-2026-07-13,trisight_sim,ts500_void_backfill,2026-07-28T15:50:00-04:00,locked_session_preclose_1545_1555_america_new_york,,,,,
trisight_500_late_failed_recovery_shadow,2026-07-28T15:50:00-04:00,PAPER,SELL,PSTG,PSTG,2.65752478142,67.8,180.18018018,67.8,0,PAPER,success,void_d25_never_executable,2026-07-13,ts500-lfr-2026-07-13,trisight_sim,ts500_void_backfill,2026-07-28T15:50:00-04:00,locked_session_preclose_1545_1555_america_new_york,,,,,
trisight_500_late_failed_recovery_shadow,2026-07-28T15:50:00-04:00,PAPER,SELL,SAN,SAN,1.31758815488,13.675,18.018018018,13.675,0,PAPER,success,void_d25_corrected_selection,2026-07-13,ts500-lfr-2026-07-13,trisight_sim,ts500_void_backfill,2026-07-28T15:50:00-04:00,locked_session_preclose_1545_1555_america_new_york,,,,,
trisight_500_late_failed_recovery_shadow,2026-07-28T15:50:00-04:00,PAPER,SELL,SBS,SBS,3.01556786912,5.975,18.018018018,5.975,0,PAPER,success,void_d25_corrected_selection,2026-07-13,ts500-lfr-2026-07-13,trisight_sim,ts500_void_backfill,2026-07-28T15:50:00-04:00,locked_session_preclose_1545_1555_america_new_york,,,,,
trisight_500_late_failed_recovery_shadow,2026-07-28T15:50:00-04:00,PAPER,SELL,SCVL,SCVL,31.0120792049,17.43,540.540540541,17.43,0,PAPER,success,void_d25_never_executable,2026-07-13,ts500-lfr-2026-07-13,trisight_sim,ts500_void_backfill,2026-07-28T15:50:00-04:00,locked_session_preclose_1545_1555_america_new_york,,,,,
trisight_500_late_failed_recovery_shadow,2026-07-28T15:50:00-04:00,PAPER,SELL,SE,SE,4.7064914283,114.85,540.54054054,114.85,0,PAPER,success,void_d25_corrected_selection,2026-07-13,ts500-lfr-2026-07-13,trisight_sim,ts500_void_backfill,2026-07-28T15:50:00-04:00,locked_session_preclose_1545_1555_america_new_york,,,,,
trisight_500_late_failed_recovery_shadow,2026-07-28T15:50:00-04:00,PAPER,SELL,SEM,SEM,32.7401902205,16.51,540.54054054,16.51,0,PAPER,success,void_d25_never_executable,2026-07-13,ts500-lfr-2026-07-13,trisight_sim,ts500_void_backfill,2026-07-28T15:50:00-04:00,locked_session_preclose_1545_1555_america_new_york,,,,,
trisight_500_late_failed_recovery_shadow,2026-07-28T15:50:00-04:00,PAPER,SELL,SILA,SILA,17.8043656305,30.36,540.540540542,30.36,0,PAPER,success,void_d25_never_executable,2026-07-13,ts500-lfr-2026-07-13,trisight_sim,ts500_void_backfill,2026-07-28T15:50:00-04:00,locked_session_preclose_1545_1555_america_new_york,,,,,
trisight_500_late_failed_recovery_shadow,2026-07-28T15:50:00-04:00,PAPER,SELL,SLM,SLM,0.730065559887,24.68,18.018018018,24.68,0,PAPER,success,void_d25_corrected_selection,2026-07-13,ts500-lfr-2026-07-13,trisight_sim,ts500_void_backfill,2026-07-28T15:50:00-04:00,locked_session_preclose_1545_1555_america_new_york,,,,,
trisight_500_late_failed_recovery_shadow,2026-07-28T15:50:00-04:00,PAPER,SELL,SLNO,SLNO,10.1969541698,53.01,540.540540541,53.01,0,PAPER,success,void_d25_never_executable,2026-07-13,ts500-lfr-2026-07-13,trisight_sim,ts500_void_backfill,2026-07-28T15:50:00-04:00,locked_session_preclose_1545_1555_america_new_york,,,,,
trisight_500_late_failed_recovery_shadow,2026-07-28T15:50:00-04:00,PAPER,SELL,SM,SM,0.612649371575,29.41,18.018018018,29.41,0,PAPER,success,void_d25_corrected_selection,2026-07-13,ts500-lfr-2026-07-13,trisight_sim,ts500_void_backfill,2026-07-28T15:50:00-04:00,locked_session_preclose_1545_1555_america_new_york,,,,,
trisight_500_late_failed_recovery_shadow,2026-07-28T15:50:00-04:00,PAPER,SELL,SSNC,SSNC,0.265909356818,67.76,18.018018018,67.76,0,PAPER,success,void_d25_corrected_selection,2026-07-13,ts500-lfr-2026-07-13,trisight_sim,ts500_void_backfill,2026-07-28T15:50:00-04:00,locked_session_preclose_1545_1555_america_new_york,,,,,
trisight_500_late_failed_recovery_shadow,2026-07-28T15:50:00-04:00,PAPER,SELL,TPH,TPH,3.83770351821,46.95,180.18018018,46.95,0,PAPER,success,void_d25_never_executable,2026-07-13,ts500-lfr-2026-07-13,trisight_sim,ts500_void_backfill,2026-07-28T15:50:00-04:00,locked_session_preclose_1545_1555_america_new_york,,,,,
trisight_500_late_failed_recovery_shadow,2026-07-28T15:50:00-04:00,PAPER,SELL,UGI,UGI,0.496022519422,36.325,18.018018018,36.325,0,PAPER,success,void_d25_corrected_selection,2026-07-13,ts500-lfr-2026-07-13,trisight_sim,ts500_void_backfill,2026-07-28T15:50:00-04:00,locked_session_preclose_1545_1555_america_new_york,,,,,
trisight_500_late_failed_recovery_shadow,2026-07-28T15:50:00-04:00,PAPER,SELL,UNP,UNP,0.0623763,288.86,18.018018018,288.86,0,PAPER,success,void_d25_corrected_selection,2026-07-13,ts500-lfr-2026-07-13,trisight_sim,ts500_void_backfill,2026-07-28T15:50:00-04:00,locked_session_preclose_1545_1555_america_new_york,,,,,
trisight_500_late_failed_recovery_shadow,2026-07-28T15:50:00-04:00,PAPER,SELL,VRE,VRE,28.4644834408,18.99,540.540540541,18.99,0,PAPER,success,void_d25_never_executable,2026-07-13,ts500-lfr-2026-07-13,trisight_sim,ts500_void_backfill,2026-07-28T15:50:00-04:00,locked_session_preclose_1545_1555_america_new_york,,,,,
trisight_500_late_failed_recovery_shadow,2026-07-28T15:50:00-04:00,PAPER,SELL,VSCO,VSCO,9.9547060873,54.3,540.54054054,54.3,0,PAPER,success,void_d25_never_executable,2026-07-13,ts500-lfr-2026-07-13,trisight_sim,ts500_void_backfill,2026-07-28T15:50:00-04:00,locked_session_preclose_1545_1555_america_new_york,,,,,
trisight_500_late_failed_recovery_shadow,2026-07-28T15:50:00-04:00,PAPER,SELL,WAY,WAY,0.789917493117,22.81,18.018018018,22.81,0,PAPER,success,void_d25_corrected_selection,2026-07-13,ts500-lfr-2026-07-13,trisight_sim,ts500_void_backfill,2026-07-28T15:50:00-04:00,locked_session_preclose_1545_1555_america_new_york,,,,,
trisight_500_late_failed_recovery_shadow,2026-07-28T15:50:00-04:00,PAPER,SELL,WELL,WELL,0.0767965988322,234.62,18.018018018,234.62,0,PAPER,success,void_d25_corrected_selection,2026-07-13,ts500-lfr-2026-07-13,trisight_sim,ts500_void_backfill,2026-07-28T15:50:00-04:00,locked_session_preclose_1545_1555_america_new_york,,,,,
trisight_500_late_failed_recovery_shadow,2026-07-28T15:50:00-04:00,PAPER,SELL,WSBC,WSBC,0.462593530629,38.95,18.018018018,38.95,0,PAPER,success,void_d25_corrected_selection,2026-07-13,ts500-lfr-2026-07-13,trisight_sim,ts500_void_backfill,2026-07-28T15:50:00-04:00,locked_session_preclose_1545_1555_america_new_york,,,,,
trisight_500_late_failed_recovery_shadow,2026-07-13T15:50:00-04:00,PAPER,BUY,ABNB,ABNB,1.23132768523,146.33,180.18018018,146.33,0,PAPER,success,rebalance_entry,2026-07-13,ts500-lfr-2026-07-13,trisight_sim,ts500_rebalance_entry,2026-07-13T15:50:00-04:00,locked_session_preclose_1545_1555_america_new_york,,,,,
trisight_500_late_failed_recovery_shadow,2026-07-13T15:50:00-04:00,PAPER,BUY,ACGL,ACGL,1.74830370833,103.06,180.18018018,103.06,0,PAPER,success,rebalance_entry,2026-07-13,ts500-lfr-2026-07-13,trisight_sim,ts500_rebalance_entry,2026-07-13T15:50:00-04:00,locked_session_preclose_1545_1555_america_new_york,,,,,
trisight_500_late_failed_recovery_shadow,2026-07-13T15:50:00-04:00,PAPER,BUY,AES,AES,12.2073292805,14.76,180.18018018,14.76,0,PAPER,success,rebalance_entry,2026-07-13,ts500-lfr-2026-07-13,trisight_sim,ts500_rebalance_entry,2026-07-13T15:50:00-04:00,locked_session_preclose_1545_1555_america_new_york,,,,,
trisight_500_late_failed_recovery_shadow,2026-07-13T15:50:00-04:00,PAPER,BUY,AFG,AFG,1.25692487046,143.35,180.18018018,143.35,0,PAPER,success,rebalance_entry,2026-07-13,ts500-lfr-2026-07-13,trisight_sim,ts500_rebalance_entry,2026-07-13T15:50:00-04:00,locked_session_preclose_1545_1555_america_new_york,,,,,
trisight_500_late_failed_recovery_shadow,2026-07-13T15:50:00-04:00,PAPER,BUY,ALC,ALC,2.61130695913,69,180.18018018,69,0,PAPER,success,rebalance_entry,2026-07-13,ts500-lfr-2026-07-13,trisight_sim,ts500_rebalance_entry,2026-07-13T15:50:00-04:00,locked_session_preclose_1545_1555_america_new_york,,,,,
trisight_500_late_failed_recovery_shadow,2026-07-13T15:50:00-04:00,PAPER,BUY,AZN,AZN,1.06319808922,169.47,180.18018018,169.47,0,PAPER,success,rebalance_entry,2026-07-13,ts500-lfr-2026-07-13,trisight_sim,ts500_rebalance_entry,2026-07-13T15:50:00-04:00,locked_session_preclose_1545_1555_america_new_york,,,,,
trisight_500_late_failed_recovery_shadow,2026-07-13T15:50:00-04:00,PAPER,BUY,BAX,BAX,7.98317147453,22.57,180.18018018,22.57,0,PAPER,success,rebalance_entry,2026-07-13,ts500-lfr-2026-07-13,trisight_sim,ts500_rebalance_entry,2026-07-13T15:50:00-04:00,locked_session_preclose_1545_1555_america_new_york,,,,,
trisight_500_late_failed_recovery_shadow,2026-07-13T15:50:00-04:00,PAPER,BUY,BEKE,BEKE,11.2122078519,16.07,180.18018018,16.07,0,PAPER,success,rebalance_entry,2026-07-13,ts500-lfr-2026-07-13,trisight_sim,ts500_rebalance_entry,2026-07-13T15:50:00-04:00,locked_session_preclose_1545_1555_america_new_york,,,,,
trisight_500_late_failed_recovery_shadow,2026-07-13T15:50:00-04:00,PAPER,BUY,BIIB,BIIB,2.5859471872,209.03,540.540540541,209.03,0,PAPER,success,rebalance_entry,2026-07-13,ts500-lfr-2026-07-13,trisight_sim,ts500_rebalance_entry,2026-07-13T15:50:00-04:00,locked_session_preclose_1545_1555_america_new_york,,,,,
trisight_500_late_failed_recovery_shadow,2026-07-13T15:50:00-04:00,PAPER,BUY,BMY,BMY,3.03640344085,59.34,180.18018018,59.34,0,PAPER,success,rebalance_entry,2026-07-13,ts500-lfr-2026-07-13,trisight_sim,ts500_rebalance_entry,2026-07-13T15:50:00-04:00,locked_session_preclose_1545_1555_america_new_york,,,,,
trisight_500_late_failed_recovery_shadow,2026-07-13T15:50:00-04:00,PAPER,BUY,CASY,CASY,0.209731323688,859.1,180.18018018,859.1,0,PAPER,success,rebalance_entry,2026-07-13,ts500-lfr-2026-07-13,trisight_sim,ts500_rebalance_entry,2026-07-13T15:50:00-04:00,locked_session_preclose_1545_1555_america_new_york,,,,,
trisight_500_late_failed_recovery_shadow,2026-07-13T15:50:00-04:00,PAPER,BUY,CFG,CFG,2.56083257789,70.36,180.18018018,70.36,0,PAPER,success,rebalance_entry,2026-07-13,ts500-lfr-2026-07-13,trisight_sim,ts500_rebalance_entry,2026-07-13T15:50:00-04:00,locked_session_preclose_1545_1555_america_new_york,,,,,
trisight_500_late_failed_recovery_shadow,2026-07-13T15:50:00-04:00,PAPER,BUY,CI,CI,0.0591724729656,304.5,18.018018018,304.5,0,PAPER,success,rebalance_entry,2026-07-13,ts500-lfr-2026-07-13,trisight_sim,ts500_rebalance_entry,2026-07-13T15:50:00-04:00,locked_session_preclose_1545_1555_america_new_york,,,,,
trisight_500_late_failed_recovery_shadow,2026-07-13T15:50:00-04:00,PAPER,BUY,CLX,CLX,1.89563577254,95.05,180.18018018,95.05,0,PAPER,success,rebalance_entry,2026-07-13,ts500-lfr-2026-07-13,trisight_sim,ts500_rebalance_entry,2026-07-13T15:50:00-04:00,locked_session_preclose_1545_1555_america_new_york,,,,,
trisight_500_late_failed_recovery_shadow,2026-07-13T15:50:00-04:00,PAPER,BUY,CPAY,CPAY,0.497652820472,362.06,180.18018018,362.06,0,PAPER,success,rebalance_entry,2026-07-13,ts500-lfr-2026-07-13,trisight_sim,ts500_rebalance_entry,2026-07-13T15:50:00-04:00,locked_session_preclose_1545_1555_america_new_york,,,,,
trisight_500_late_failed_recovery_shadow,2026-07-13T15:50:00-04:00,PAPER,BUY,CVS,CVS,1.70141813201,105.9,180.18018018,105.9,0,PAPER,success,rebalance_entry,2026-07-13,ts500-lfr-2026-07-13,trisight_sim,ts500_rebalance_entry,2026-07-13T15:50:00-04:00,locked_session_preclose_1545_1555_america_new_york,,,,,
trisight_500_late_failed_recovery_shadow,2026-07-13T15:50:00-04:00,PAPER,BUY,CVX,CVX,0.988914271022,182.2,180.18018018,182.2,0,PAPER,success,rebalance_entry,2026-07-13,ts500-lfr-2026-07-13,trisight_sim,ts500_rebalance_entry,2026-07-13T15:50:00-04:00,locked_session_preclose_1545_1555_america_new_york,,,,,
trisight_500_late_failed_recovery_shadow,2026-07-13T15:50:00-04:00,PAPER,BUY,DAL,DAL,2.09049982806,86.19,180.18018018,86.19,0,PAPER,success,rebalance_entry,2026-07-13,ts500-lfr-2026-07-13,trisight_sim,ts500_rebalance_entry,2026-07-13T15:50:00-04:00,locked_session_preclose_1545_1555_america_new_york,,,,,
trisight_500_late_failed_recovery_shadow,2026-07-13T15:50:00-04:00,PAPER,BUY,DDOG,DDOG,0.692361589995,260.24,180.18018018,260.24,0,PAPER,success,rebalance_entry,2026-07-13,ts500-lfr-2026-07-13,trisight_sim,ts500_rebalance_entry,2026-07-13T15:50:00-04:00,locked_session_preclose_1545_1555_america_new_york,,,,,
trisight_500_late_failed_recovery_shadow,2026-07-13T15:50:00-04:00,PAPER,BUY,DG,DG,1.45965797294,123.44,180.18018018,123.44,0,PAPER,success,rebalance_entry,2026-07-13,ts500-lfr-2026-07-13,trisight_sim,ts500_rebalance_entry,2026-07-13T15:50:00-04:00,locked_session_preclose_1545_1555_america_new_york,,,,,
trisight_500_late_failed_recovery_shadow,2026-07-13T15:50:00-04:00,PAPER,BUY,DHR,DHR,0.0900180756296,200.16,18.018018018,200.16,0,PAPER,success,rebalance_entry,2026-07-13,ts500-lfr-2026-07-13,trisight_sim,ts500_rebalance_entry,2026-07-13T15:50:00-04:00,locked_session_preclose_1545_1555_america_new_york,,,,,
trisight_500_late_failed_recovery_shadow,2026-07-13T15:50:00-04:00,PAPER,BUY,ELAN,ELAN,0.716707160621,25.14,18.018018018,25.14,0,PAPER,success,rebalance_entry,2026-07-13,ts500-lfr-2026-07-13,trisight_sim,ts500_rebalance_entry,2026-07-13T15:50:00-04:00,locked_session_preclose_1545_1555_america_new_york,,,,,
trisight_500_late_failed_recovery_shadow,2026-07-13T15:50:00-04:00,PAPER,BUY,ELV,ELV,0.423783851589,425.17,180.18018018,425.17,0,PAPER,success,rebalance_entry,2026-07-13,ts500-lfr-2026-07-13,trisight_sim,ts500_rebalance_entry,2026-07-13T15:50:00-04:00,locked_session_preclose_1545_1555_america_new_york,,,,,
trisight_500_late_failed_recovery_shadow,2026-07-13T15:50:00-04:00,PAPER,BUY,ET,ET,8.92865114867,20.18,180.18018018,20.18,0,PAPER,success,rebalance_entry,2026-07-13,ts500-lfr-2026-07-13,trisight_sim,ts500_rebalance_entry,2026-07-13T15:50:00-04:00,locked_session_preclose_1545_1555_america_new_york,,,,,
trisight_500_late_failed_recovery_shadow,2026-07-13T15:50:00-04:00,PAPER,BUY,EVRG,EVRG,2.08421261053,86.45,180.18018018,86.45,0,PAPER,success,rebalance_entry,2026-07-13,ts500-lfr-2026-07-13,trisight_sim,ts500_rebalance_entry,2026-07-13T15:50:00-04:00,locked_session_preclose_1545_1555_america_new_york,,,,,
trisight_500_late_failed_recovery_shadow,2026-07-13T15:50:00-04:00,PAPER,BUY,EXEL,EXEL,3.21520664133,56.04,180.18018018,56.04,0,PAPER,success,rebalance_entry,2026-07-13,ts500-lfr-2026-07-13,trisight_sim,ts500_rebalance_entry,2026-07-13T15:50:00-04:00,locked_session_preclose_1545_1555_america_new_york,,,,,
trisight_500_late_failed_recovery_shadow,2026-07-13T15:50:00-04:00,PAPER,BUY,EXPE,EXPE,0.67831261597,265.63,180.18018018,265.63,0,PAPER,success,rebalance_entry,2026-07-13,ts500-lfr-2026-07-13,trisight_sim,ts500_rebalance_entry,2026-07-13T15:50:00-04:00,locked_session_preclose_1545_1555_america_new_york,,,,,
trisight_500_late_failed_recovery_shadow,2026-07-13T15:50:00-04:00,PAPER,BUY,FAST,FAST,3.82954686887,47.05,180.18018018,47.05,0,PAPER,success,rebalance_entry,2026-07-13,ts500-lfr-2026-07-13,trisight_sim,ts500_rebalance_entry,2026-07-13T15:50:00-04:00,locked_session_preclose_1545_1555_america_new_york,,,,,
trisight_500_late_failed_recovery_shadow,2026-07-13T15:50:00-04:00,PAPER,BUY,FERG,FERG,0.77267541567,233.19,180.18018018,233.19,0,PAPER,success,rebalance_entry,2026-07-13,ts500-lfr-2026-07-13,trisight_sim,ts500_rebalance_entry,2026-07-13T15:50:00-04:00,locked_session_preclose_1545_1555_america_new_york,,,,,
trisight_500_late_failed_recovery_shadow,2026-07-13T15:50:00-04:00,PAPER,BUY,FHN,FHN,6.97831836484,25.82,180.18018018,25.82,0,PAPER,success,rebalance_entry,2026-07-13,ts500-lfr-2026-07-13,trisight_sim,ts500_rebalance_entry,2026-07-13T15:50:00-04:00,locked_session_preclose_1545_1555_america_new_york,,,,,
trisight_500_late_failed_recovery_shadow,2026-07-13T15:50:00-04:00,PAPER,BUY,FICO,FICO,0.140958482441,1278.25,180.18018018,1278.25,0,PAPER,success,rebalance_entry,2026-07-13,ts500-lfr-2026-07-13,trisight_sim,ts500_rebalance_entry,2026-07-13T15:50:00-04:00,locked_session_preclose_1545_1555_america_new_york,,,,,
trisight_500_late_failed_recovery_shadow,2026-07-13T15:50:00-04:00,PAPER,BUY,FITB,FITB,3.15110493495,57.18,180.18018018,57.18,0,PAPER,success,rebalance_entry,2026-07-13,ts500-lfr-2026-07-13,trisight_sim,ts500_rebalance_entry,2026-07-13T15:50:00-04:00,locked_session_preclose_1545_1555_america_new_york,,,,,
trisight_500_late_failed_recovery_shadow,2026-07-13T15:50:00-04:00,PAPER,BUY,FOXA,FOXA,3.22325903721,55.9,180.18018018,55.9,0,PAPER,success,rebalance_entry,2026-07-13,ts500-lfr-2026-07-13,trisight_sim,ts500_rebalance_entry,2026-07-13T15:50:00-04:00,locked_session_preclose_1545_1555_america_new_york,,,,,
trisight_500_late_failed_recovery_shadow,2026-07-13T15:50:00-04:00,PAPER,BUY,GLPI,GLPI,4.09128474524,44.04,180.18018018,44.04,0,PAPER,success,rebalance_entry,2026-07-13,ts500-lfr-2026-07-13,trisight_sim,ts500_rebalance_entry,2026-07-13T15:50:00-04:00,locked_session_preclose_1545_1555_america_new_york,,,,,
trisight_500_late_failed_recovery_shadow,2026-07-13T15:50:00-04:00,PAPER,BUY,HPQ,HPQ,7.27412919581,24.77,180.18018018,24.77,0,PAPER,success,rebalance_entry,2026-07-13,ts500-lfr-2026-07-13,trisight_sim,ts500_rebalance_entry,2026-07-13T15:50:00-04:00,locked_session_preclose_1545_1555_america_new_york,,,,,
trisight_500_late_failed_recovery_shadow,2026-07-13T15:50:00-04:00,PAPER,BUY,HSBC,HSBC,1.83688633072,98.09,180.18018018,98.09,0,PAPER,success,rebalance_entry,2026-07-13,ts500-lfr-2026-07-13,trisight_sim,ts500_rebalance_entry,2026-07-13T15:50:00-04:00,locked_session_preclose_1545_1555_america_new_york,,,,,
trisight_500_late_failed_recovery_shadow,2026-07-13T15:50:00-04:00,PAPER,BUY,INFY,INFY,15.6678417548,11.5,180.18018018,11.5,0,PAPER,success,rebalance_entry,2026-07-13,ts500-lfr-2026-07-13,trisight_sim,ts500_rebalance_entry,2026-07-13T15:50:00-04:00,locked_session_preclose_1545_1555_america_new_york,,,,,
trisight_500_late_failed_recovery_shadow,2026-07-13T15:50:00-04:00,PAPER,BUY,INTU,INTU,0.621825580412,289.76,180.18018018,289.76,0,PAPER,success,rebalance_entry,2026-07-13,ts500-lfr-2026-07-13,trisight_sim,ts500_rebalance_entry,2026-07-13T15:50:00-04:00,locked_session_preclose_1545_1555_america_new_york,,,,,
trisight_500_late_failed_recovery_shadow,2026-07-13T15:50:00-04:00,PAPER,BUY,IPX,IPX,7.30361492421,24.67,180.18018018,24.67,0,PAPER,success,rebalance_entry,2026-07-13,ts500-lfr-2026-07-13,trisight_sim,ts500_rebalance_entry,2026-07-13T15:50:00-04:00,locked_session_preclose_1545_1555_america_new_york,,,,,
trisight_500_late_failed_recovery_shadow,2026-07-13T15:50:00-04:00,PAPER,BUY,J,J,1.42389900569,126.54,180.18018018,126.54,0,PAPER,success,rebalance_entry,2026-07-13,ts500-lfr-2026-07-13,trisight_sim,ts500_rebalance_entry,2026-07-13T15:50:00-04:00,locked_session_preclose_1545_1555_america_new_york,,,,,
trisight_500_late_failed_recovery_shadow,2026-07-13T15:50:00-04:00,PAPER,BUY,KVUE,KVUE,9.36974415914,19.23,180.18018018,19.23,0,PAPER,success,rebalance_entry,2026-07-13,ts500-lfr-2026-07-13,trisight_sim,ts500_rebalance_entry,2026-07-13T15:50:00-04:00,locked_session_preclose_1545_1555_america_new_york,,,,,
trisight_500_late_failed_recovery_shadow,2026-07-13T15:50:00-04:00,PAPER,BUY,MET,MET,0.193679651919,93.03,18.018018018,93.03,0,PAPER,success,rebalance_entry,2026-07-13,ts500-lfr-2026-07-13,trisight_sim,ts500_rebalance_entry,2026-07-13T15:50:00-04:00,locked_session_preclose_1545_1555_america_new_york,,,,,
trisight_500_late_failed_recovery_shadow,2026-07-13T15:50:00-04:00,PAPER,BUY,MSCI,MSCI,0.290505425697,620.23,180.18018018,620.23,0,PAPER,success,rebalance_entry,2026-07-13,ts500-lfr-2026-07-13,trisight_sim,ts500_rebalance_entry,2026-07-13T15:50:00-04:00,locked_session_preclose_1545_1555_america_new_york,,,,,
trisight_500_late_failed_recovery_shadow,2026-07-13T15:50:00-04:00,PAPER,BUY,MT,MT,2.73331584011,65.92,180.18018018,65.92,0,PAPER,success,rebalance_entry,2026-07-13,ts500-lfr-2026-07-13,trisight_sim,ts500_rebalance_entry,2026-07-13T15:50:00-04:00,locked_session_preclose_1545_1555_america_new_york,,,,,
trisight_500_late_failed_recovery_shadow,2026-07-13T15:50:00-04:00,PAPER,BUY,NDAQ,NDAQ,0.201973074969,89.21,18.018018018,89.21,0,PAPER,success,rebalance_entry,2026-07-13,ts500-lfr-2026-07-13,trisight_sim,ts500_rebalance_entry,2026-07-13T15:50:00-04:00,locked_session_preclose_1545_1555_america_new_york,,,,,
trisight_500_late_failed_recovery_shadow,2026-07-13T15:50:00-04:00,PAPER,BUY,NTRS,NTRS,0.978681622879,184.105,180.18018018,184.105,0,PAPER,success,rebalance_entry,2026-07-13,ts500-lfr-2026-07-13,trisight_sim,ts500_rebalance_entry,2026-07-13T15:50:00-04:00,locked_session_preclose_1545_1555_america_new_york,,,,,
trisight_500_late_failed_recovery_shadow,2026-07-13T15:50:00-04:00,PAPER,BUY,O,O,2.8078569453,64.17,180.18018018,64.17,0,PAPER,success,rebalance_entry,2026-07-13,ts500-lfr-2026-07-13,trisight_sim,ts500_rebalance_entry,2026-07-13T15:50:00-04:00,locked_session_preclose_1545_1555_america_new_york,,,,,
trisight_500_late_failed_recovery_shadow,2026-07-13T15:50:00-04:00,PAPER,BUY,ODFL,ODFL,0.773637527609,232.9,180.18018018,232.9,0,PAPER,success,rebalance_entry,2026-07-13,ts500-lfr-2026-07-13,trisight_sim,ts500_rebalance_entry,2026-07-13T15:50:00-04:00,locked_session_preclose_1545_1555_america_new_york,,,,,
trisight_500_late_failed_recovery_shadow,2026-07-13T15:50:00-04:00,PAPER,BUY,ONC,ONC,0.592775957956,303.96,180.18018018,303.96,0,PAPER,success,rebalance_entry,2026-07-13,ts500-lfr-2026-07-13,trisight_sim,ts500_rebalance_entry,2026-07-13T15:50:00-04:00,locked_session_preclose_1545_1555_america_new_york,,,,,
trisight_500_late_failed_recovery_shadow,2026-07-13T15:50:00-04:00,PAPER,BUY,ORI,ORI,4.28592245909,42.04,180.18018018,42.04,0,PAPER,success,rebalance_entry,2026-07-13,ts500-lfr-2026-07-13,trisight_sim,ts500_rebalance_entry,2026-07-13T15:50:00-04:00,locked_session_preclose_1545_1555_america_new_york,,,,,
trisight_500_late_failed_recovery_shadow,2026-07-13T15:50:00-04:00,PAPER,BUY,OSK,OSK,0.123538004923,145.85,18.018018018,145.85,0,PAPER,success,rebalance_entry,2026-07-13,ts500-lfr-2026-07-13,trisight_sim,ts500_rebalance_entry,2026-07-13T15:50:00-04:00,locked_session_preclose_1545_1555_america_new_york,,,,,
trisight_500_late_failed_recovery_shadow,2026-07-13T15:50:00-04:00,PAPER,BUY,OVV,OVV,0.318846540754,56.51,18.018018018,56.51,0,PAPER,success,rebalance_entry,2026-07-13,ts500-lfr-2026-07-13,trisight_sim,ts500_rebalance_entry,2026-07-13T15:50:00-04:00,locked_session_preclose_1545_1555_america_new_york,,,,,
trisight_500_late_failed_recovery_shadow,2026-07-13T15:50:00-04:00,PAPER,BUY,PANW,PANW,0.0545504632698,330.3,18.018018018,330.3,0,PAPER,success,rebalance_entry,2026-07-13,ts500-lfr-2026-07-13,trisight_sim,ts500_rebalance_entry,2026-07-13T15:50:00-04:00,locked_session_preclose_1545_1555_america_new_york,,,,,
trisight_500_late_failed_recovery_shadow,2026-07-13T15:50:00-04:00,PAPER,BUY,PBA,PBA,3.62900665015,49.65,180.18018018,49.65,0,PAPER,success,rebalance_entry,2026-07-13,ts500-lfr-2026-07-13,trisight_sim,ts500_rebalance_entry,2026-07-13T15:50:00-04:00,locked_session_preclose_1545_1555_america_new_york,,,,,
trisight_500_late_failed_recovery_shadow,2026-07-13T15:50:00-04:00,PAPER,BUY,PFG,PFG,1.5859535268,113.61,180.18018018,113.61,0,PAPER,success,rebalance_entry,2026-07-13,ts500-lfr-2026-07-13,trisight_sim,ts500_rebalance_entry,2026-07-13T15:50:00-04:00,locked_session_preclose_1545_1555_america_new_york,,,,,
trisight_500_late_failed_recovery_shadow,2026-07-13T15:50:00-04:00,PAPER,BUY,PNC,PNC,0.712597113625,252.85,180.18018018,252.85,0,PAPER,success,rebalance_entry,2026-07-13,ts500-lfr-2026-07-13,trisight_sim,ts500_rebalance_entry,2026-07-13T15:50:00-04:00,locked_session_preclose_1545_1555_america_new_york,,,,,
trisight_500_late_failed_recovery_shadow,2026-07-13T15:50:00-04:00,PAPER,BUY,PUK,PUK,6.34437254156,28.4,180.18018018,28.4,0,PAPER,success,rebalance_entry,2026-07-13,ts500-lfr-2026-07-13,trisight_sim,ts500_rebalance_entry,2026-07-13T15:50:00-04:00,locked_session_preclose_1545_1555_america_new_york,,,,,
trisight_500_late_failed_recovery_shadow,2026-07-13T15:50:00-04:00,PAPER,BUY,RNR,RNR,0.561904135783,320.66,180.18018018,320.66,0,PAPER,success,rebalance_entry,2026-07-13,ts500-lfr-2026-07-13,trisight_sim,ts500_rebalance_entry,2026-07-13T15:50:00-04:00,locked_session_preclose_1545_1555_america_new_york,,,,,
trisight_500_late_failed_recovery_shadow,2026-07-13T15:50:00-04:00,PAPER,BUY,SLF,SLF,2.29616643533,78.47,180.18018018,78.47,0,PAPER,success,rebalance_entry,2026-07-13,ts500-lfr-2026-07-13,trisight_sim,ts500_rebalance_entry,2026-07-13T15:50:00-04:00,locked_session_preclose_1545_1555_america_new_york,,,,,
trisight_500_late_failed_recovery_shadow,2026-07-13T15:50:00-04:00,PAPER,BUY,SOFI,SOFI,9.93823387646,18.13,180.18018018,18.13,0,PAPER,success,rebalance_entry,2026-07-13,ts500-lfr-2026-07-13,trisight_sim,ts500_rebalance_entry,2026-07-13T15:50:00-04:00,locked_session_preclose_1545_1555_america_new_york,,,,,
trisight_500_late_failed_recovery_shadow,2026-07-13T15:50:00-04:00,PAPER,BUY,SYF,SYF,2.46114164978,73.21,180.18018018,73.21,0,PAPER,success,rebalance_entry,2026-07-13,ts500-lfr-2026-07-13,trisight_sim,ts500_rebalance_entry,2026-07-13T15:50:00-04:00,locked_session_preclose_1545_1555_america_new_york,,,,,
trisight_500_late_failed_recovery_shadow,2026-07-13T15:50:00-04:00,PAPER,BUY,TECK,TECK,3.08158337917,58.47,180.18018018,58.47,0,PAPER,success,rebalance_entry,2026-07-13,ts500-lfr-2026-07-13,trisight_sim,ts500_rebalance_entry,2026-07-13T15:50:00-04:00,locked_session_preclose_1545_1555_america_new_york,,,,,
trisight_500_late_failed_recovery_shadow,2026-07-13T15:50:00-04:00,PAPER,BUY,TFC,TFC,3.46833840578,51.95,180.18018018,51.95,0,PAPER,success,rebalance_entry,2026-07-13,ts500-lfr-2026-07-13,trisight_sim,ts500_rebalance_entry,2026-07-13T15:50:00-04:00,locked_session_preclose_1545_1555_america_new_york,,,,,
trisight_500_late_failed_recovery_shadow,2026-07-13T15:50:00-04:00,PAPER,BUY,TRV,TRV,0.527598548154,341.51,180.18018018,341.51,0,PAPER,success,rebalance_entry,2026-07-13,ts500-lfr-2026-07-13,trisight_sim,ts500_rebalance_entry,2026-07-13T15:50:00-04:00,locked_session_preclose_1545_1555_america_new_york,,,,,
trisight_500_late_failed_recovery_shadow,2026-07-13T15:50:00-04:00,PAPER,BUY,TWLO,TWLO,0.825605664315,218.24,180.18018018,218.24,0,PAPER,success,rebalance_entry,2026-07-13,ts500-lfr-2026-07-13,trisight_sim,ts500_rebalance_entry,2026-07-13T15:50:00-04:00,locked_session_preclose_1545_1555_america_new_york,,,,,
trisight_500_late_failed_recovery_shadow,2026-07-13T15:50:00-04:00,PAPER,BUY,UBS,UBS,3.46967418025,51.93,180.18018018,51.93,0,PAPER,success,rebalance_entry,2026-07-13,ts500-lfr-2026-07-13,trisight_sim,ts500_rebalance_entry,2026-07-13T15:50:00-04:00,locked_session_preclose_1545_1555_america_new_york,,,,,
trisight_500_late_failed_recovery_shadow,2026-07-13T15:50:00-04:00,PAPER,BUY,WES,WES,0.393922562703,45.74,18.018018018,45.74,0,PAPER,success,rebalance_entry,2026-07-13,ts500-lfr-2026-07-13,trisight_sim,ts500_rebalance_entry,2026-07-13T15:50:00-04:00,locked_session_preclose_1545_1555_america_new_york,,,,,
trisight_500_late_failed_recovery_shadow,2026-07-13T15:50:00-04:00,PAPER,BUY,WST,WST,0.500917932111,359.7,180.18018018,359.7,0,PAPER,success,rebalance_entry,2026-07-13,ts500-lfr-2026-07-13,trisight_sim,ts500_rebalance_entry,2026-07-13T15:50:00-04:00,locked_session_preclose_1545_1555_america_new_york,,,,,
trisight_500_late_failed_recovery_shadow,2026-07-13T15:50:00-04:00,PAPER,BUY,YPF,YPF,3.64000364,49.5,180.18018018,49.5,0,PAPER,success,rebalance_entry,2026-07-13,ts500-lfr-2026-07-13,trisight_sim,ts500_rebalance_entry,2026-07-13T15:50:00-04:00,locked_session_preclose_1545_1555_america_new_york,,,,,
trisight_500_late_failed_recovery_shadow,2026-07-13T15:50:00-04:00,PAPER,BUY,ZBH,ZBH,1.91518048661,94.08,180.18018018,94.08,0,PAPER,success,rebalance_entry,2026-07-13,ts500-lfr-2026-07-13,trisight_sim,ts500_rebalance_entry,2026-07-13T15:50:00-04:00,locked_session_preclose_1545_1555_america_new_york,,,,,
trisight_500_late_failed_recovery_shadow,2026-08-03T15:50:00-04:00,PAPER,SELL,MESO,MESO,33.3873094837,14.26,476.103033237,14.26,0,PAPER,success,rebalance_drop,2026-07-13,ts500-lfr-2026-07-13,trisight_sim,ts500_rebalance_close,2026-08-03T15:50:00-04:00,locked_session_preclose_1545_1555_america_new_york,,,real_daily_close_as_of_price_as_of_date_not_an_intraday_observation,2026-08-03,False
trisight_500_late_failed_recovery_shadow,2026-08-03T15:50:00-04:00,PAPER,SELL,LEVI,LEVI,21.9731927049,24.52,538.782685124,24.52,0,PAPER,success,rebalance_drop,2026-07-13,ts500-lfr-2026-07-13,trisight_sim,ts500_rebalance_close,2026-08-03T15:50:00-04:00,locked_session_preclose_1545_1555_america_new_york,,,real_daily_close_as_of_price_as_of_date_not_an_intraday_observation,2026-08-03,False
trisight_500_late_failed_recovery_shadow,2026-08-03T15:50:00-04:00,PAPER,SELL,BZH,BZH,16.9767757707,32.57,552.933586853,32.57,0,PAPER,success,rebalance_drop,2026-07-13,ts500-lfr-2026-07-13,trisight_sim,ts500_rebalance_close,2026-08-03T15:50:00-04:00,locked_session_preclose_1545_1555_america_new_york,,,real_daily_close_as_of_price_as_of_date_not_an_intraday_observation,2026-08-03,False
trisight_500_late_failed_recovery_shadow,2026-08-03T15:50:00-04:00,PAPER,SELL,KFRC,KFRC,9.76674569592,57.68,563.345891741,57.68,0,PAPER,success,rebalance_drop,2026-07-13,ts500-lfr-2026-07-13,trisight_sim,ts500_rebalance_close,2026-08-03T15:50:00-04:00,locked_session_preclose_1545_1555_america_new_york,,,real_daily_close_as_of_price_as_of_date_not_an_intraday_observation,2026-08-03,False
trisight_500_late_failed_recovery_shadow,2026-08-03T15:50:00-04:00,PAPER,SELL,QGEN,QGEN,13.0047044518,42.08,547.237963333,42.08,0,PAPER,success,rebalance_drop,2026-07-13,ts500-lfr-2026-07-13,trisight_sim,ts500_rebalance_close,2026-08-03T15:50:00-04:00,locked_session_preclose_1545_1555_america_new_york,,,real_daily_close_as_of_price_as_of_date_not_an_intraday_observation,2026-08-03,False
trisight_500_late_failed_recovery_shadow,2026-08-03T15:50:00-04:00,PAPER,SELL,HELE,HELE,19.0465306744,29.29,557.872883454,29.29,0,PAPER,success,rebalance_drop,2026-07-13,ts500-lfr-2026-07-13,trisight_sim,ts500_rebalance_close,2026-08-03T15:50:00-04:00,locked_session_preclose_1545_1555_america_new_york,,,real_daily_close_as_of_price_as_of_date_not_an_intraday_observation,2026-08-03,False
trisight_500_late_failed_recovery_shadow,2026-08-03T15:50:00-04:00,PAPER,SELL,RYAAY,RYAAY,8.50307598774,59.62,506.953390389,59.62,0,PAPER,success,rebalance_drop,2026-07-13,ts500-lfr-2026-07-13,trisight_sim,ts500_rebalance_close,2026-08-03T15:50:00-04:00,locked_session_preclose_1545_1555_america_new_york,,,real_daily_close_as_of_price_as_of_date_not_an_intraday_observation,2026-08-03,False
trisight_500_late_failed_recovery_shadow,2026-08-03T15:50:00-04:00,PAPER,SELL,SMPL,SMPL,40.4899281304,10.93,442.554914465,10.93,0,PAPER,success,rebalance_drop,2026-07-13,ts500-lfr-2026-07-13,trisight_sim,ts500_rebalance_close,2026-08-03T15:50:00-04:00,locked_session_preclose_1545_1555_america_new_york,,,real_daily_close_as_of_price_as_of_date_not_an_intraday_observation,2026-08-03,False
trisight_500_late_failed_recovery_shadow,2026-08-03T15:50:00-04:00,PAPER,SELL,GMAB,GMAB,18.7297484595,28.475,533.329587384,28.475,0,PAPER,success,rebalance_drop,2026-07-13,ts500-lfr-2026-07-13,trisight_sim,ts500_rebalance_close,2026-08-03T15:50:00-04:00,locked_session_preclose_1545_1555_america_new_york,,,real_daily_close_as_of_price_as_of_date_not_an_intraday_observation,2026-08-03,False
trisight_500_late_failed_recovery_shadow,2026-08-03T15:50:00-04:00,PAPER,SELL,CINF,CINF,2.96975820971,177.43,526.924199149,177.43,0,PAPER,success,rebalance_drop,2026-07-13,ts500-lfr-2026-07-13,trisight_sim,ts500_rebalance_close,2026-08-03T15:50:00-04:00,locked_session_preclose_1545_1555_america_new_york,,,real_daily_close_as_of_price_as_of_date_not_an_intraday_observation,2026-08-03,False
trisight_500_late_failed_recovery_shadow,2026-08-03T15:50:00-04:00,PAPER,SELL,NU,NU,39.4123616872,14.38,566.749761063,14.38,0,PAPER,success,rebalance_drop,2026-07-13,ts500-lfr-2026-07-13,trisight_sim,ts500_rebalance_close,2026-08-03T15:50:00-04:00,locked_session_preclose_1545_1555_america_new_york,,,real_daily_close_as_of_price_as_of_date_not_an_intraday_observation,2026-08-03,False
trisight_500_late_failed_recovery_shadow,2026-08-03T15:50:00-04:00,PAPER,SELL,FIG,FIG,24.2633142207,24.8,601.730192674,24.8,0,PAPER,success,rebalance_drop,2026-07-13,ts500-lfr-2026-07-13,trisight_sim,ts500_rebalance_close,2026-08-03T15:50:00-04:00,locked_session_preclose_1545_1555_america_new_york,,,real_daily_close_as_of_price_as_of_date_not_an_intraday_observation,2026-08-03,False
trisight_500_late_failed_recovery_shadow,2026-08-03T15:50:00-04:00,PAPER,SELL,REZI,REZI,15.9310504138,35.55,566.348842211,35.55,0,PAPER,success,rebalance_drop,2026-07-13,ts500-lfr-2026-07-13,trisight_sim,ts500_rebalance_close,2026-08-03T15:50:00-04:00,locked_session_preclose_1545_1555_america_new_york,,,real_daily_close_as_of_price_as_of_date_not_an_intraday_observation,2026-08-03,False
trisight_500_late_failed_recovery_shadow,2026-08-03T15:50:00-04:00,PAPER,SELL,VOD,VOD,35.2603092329,15.76,555.702473511,15.76,0,PAPER,success,rebalance_drop,2026-07-13,ts500-lfr-2026-07-13,trisight_sim,ts500_rebalance_close,2026-08-03T15:50:00-04:00,locked_session_preclose_1545_1555_america_new_york,,,real_daily_close_as_of_price_as_of_date_not_an_intraday_observation,2026-08-03,False
trisight_500_late_failed_recovery_shadow,2026-08-03T15:50:00-04:00,PAPER,SELL,DINO,DINO,6.67993747579,92.02,614.687846522,92.02,0,PAPER,success,rebalance_drop,2026-07-13,ts500-lfr-2026-07-13,trisight_sim,ts500_rebalance_close,2026-08-03T15:50:00-04:00,locked_session_preclose_1545_1555_america_new_york,,,real_daily_close_as_of_price_as_of_date_not_an_intraday_observation,2026-08-03,False
trisight_500_late_failed_recovery_shadow,2026-08-03T15:50:00-04:00,PAPER,SELL,BIIB,BIIB,2.5859471872,203.145,525.322241344,203.145,0,PAPER,success,rebalance_drop,2026-07-13,ts500-lfr-2026-07-13,trisight_sim,ts500_rebalance_close,2026-08-03T15:50:00-04:00,locked_session_preclose_1545_1555_america_new_york,,,real_daily_close_as_of_price_as_of_date_not_an_intraday_observation,2026-08-03,False
trisight_500_late_failed_recovery_shadow,2026-08-03T15:50:00-04:00,PAPER,SELL,NIQ,NIQ,46.6385280881,11.57,539.607769979,11.57,0,PAPER,success,rebalance_drop,2026-07-13,ts500-lfr-2026-07-13,trisight_sim,ts500_rebalance_close,2026-08-03T15:50:00-04:00,locked_session_preclose_1545_1555_america_new_york,,,real_daily_close_as_of_price_as_of_date_not_an_intraday_observation,2026-08-03,False
trisight_500_late_failed_recovery_shadow,2026-08-03T15:50:00-04:00,PAPER,SELL,MTN,MTN,3.56275072858,152.44,543.105721065,152.44,0,PAPER,success,rebalance_drop,2026-07-13,ts500-lfr-2026-07-13,trisight_sim,ts500_rebalance_close,2026-08-03T15:50:00-04:00,locked_session_preclose_1545_1555_america_new_york,,,real_daily_close_as_of_price_as_of_date_not_an_intraday_observation,2026-08-03,False
trisight_500_late_failed_recovery_shadow,2026-08-03T15:50:00-04:00,PAPER,SELL,ZLAB,ZLAB,27.027027027,18.2,491.891891892,18.2,0,PAPER,success,rebalance_drop,2026-07-13,ts500-lfr-2026-07-13,trisight_sim,ts500_rebalance_close,2026-08-03T15:50:00-04:00,locked_session_preclose_1545_1555_america_new_york,,,real_daily_close_as_of_price_as_of_date_not_an_intraday_observation,2026-08-03,False
trisight_500_late_failed_recovery_shadow,2026-08-03T15:50:00-04:00,PAPER,SELL,PBR,PBR,30.3418771002,19.195,582.412330939,19.195,0,PAPER,success,rebalance_drop,2026-07-13,ts500-lfr-2026-07-13,trisight_sim,ts500_rebalance_close,2026-08-03T15:50:00-04:00,locked_session_preclose_1545_1555_america_new_york,,,real_daily_close_as_of_price_as_of_date_not_an_intraday_observation,2026-08-03,False
trisight_500_late_failed_recovery_shadow,2026-08-03T15:50:00-04:00,PAPER,SELL,XRAY,XRAY,42.8320555103,14.025,600.719578533,14.025,0,PAPER,success,rebalance_drop,2026-07-13,ts500-lfr-2026-07-13,trisight_sim,ts500_rebalance_close,2026-08-03T15:50:00-04:00,locked_session_preclose_1545_1555_america_new_york,,,real_daily_close_as_of_price_as_of_date_not_an_intraday_observation,2026-08-03,False
trisight_500_late_failed_recovery_shadow,2026-08-03T15:50:00-04:00,PAPER,SELL,RIVN,RIVN,31.1820329126,15.685,489.090186235,15.685,0,PAPER,success,rebalance_drop,2026-07-13,ts500-lfr-2026-07-13,trisight_sim,ts500_rebalance_close,2026-08-03T15:50:00-04:00,locked_session_preclose_1545_1555_america_new_york,,,real_daily_close_as_of_price_as_of_date_not_an_intraday_observation,2026-08-03,False
trisight_500_late_failed_recovery_shadow,2026-08-03T15:50:00-04:00,PAPER,SELL,XP,XP,32.76003276,17.055,558.722358722,17.055,0,PAPER,success,rebalance_drop,2026-07-13,ts500-lfr-2026-07-13,trisight_sim,ts500_rebalance_close,2026-08-03T15:50:00-04:00,locked_session_preclose_1545_1555_america_new_york,,,real_daily_close_as_of_price_as_of_date_not_an_intraday_observation,2026-08-03,False
trisight_500_late_failed_recovery_shadow,2026-08-03T15:50:00-04:00,PAPER,SELL,ZETA,ZETA,24.2449222041,22.46,544.540952704,22.46,0,PAPER,success,rebalance_drop,2026-07-13,ts500-lfr-2026-07-13,trisight_sim,ts500_rebalance_close,2026-08-03T15:50:00-04:00,locked_session_preclose_1545_1555_america_new_york,,,real_daily_close_as_of_price_as_of_date_not_an_intraday_observation,2026-08-03,False
trisight_500_late_failed_recovery_shadow,2026-08-03T15:50:00-04:00,PAPER,SELL,TOST,TOST,17.9462330857,32.825,589.085101037,32.825,0,PAPER,success,rebalance_drop,2026-07-13,ts500-lfr-2026-07-13,trisight_sim,ts500_rebalance_close,2026-08-03T15:50:00-04:00,locked_session_preclose_1545_1555_america_new_york,,,real_daily_close_as_of_price_as_of_date_not_an_intraday_observation,2026-08-03,False
trisight_500_late_failed_recovery_shadow,2026-08-03T15:50:00-04:00,PAPER,SELL,MPC,MPC,1.82985964976,317.18,580.394883712,317.18,0,PAPER,success,rebalance_drop,2026-07-13,ts500-lfr-2026-07-13,trisight_sim,ts500_rebalance_close,2026-08-03T15:50:00-04:00,locked_session_preclose_1545_1555_america_new_york,,,real_daily_close_as_of_price_as_of_date_not_an_intraday_observation,2026-08-03,False
trisight_500_late_failed_recovery_shadow,2026-08-03T15:50:00-04:00,PAPER,SELL,SN,SN,3.5317905295,161.47,570.278216799,161.47,0,PAPER,success,rebalance_drop,2026-07-13,ts500-lfr-2026-07-13,trisight_sim,ts500_rebalance_close,2026-08-03T15:50:00-04:00,locked_session_preclose_1545_1555_america_new_york,,,real_daily_close_as_of_price_as_of_date_not_an_intraday_observation,2026-08-03,False
trisight_500_late_failed_recovery_shadow,2026-08-03T15:50:00-04:00,PAPER,SELL,EDU,EDU,11.000011,59.37,653.070653071,59.37,0,PAPER,success,rebalance_drop,2026-07-13,ts500-lfr-2026-07-13,trisight_sim,ts500_rebalance_close,2026-08-03T15:50:00-04:00,locked_session_preclose_1545_1555_america_new_york,,,real_daily_close_as_of_price_as_of_date_not_an_intraday_observation,2026-08-03,False
trisight_500_late_failed_recovery_shadow,2026-08-03T15:50:00-04:00,PAPER,SELL,CBZ,CBZ,13.6672703044,55.16,753.886629993,55.16,0,PAPER,success,rebalance_drop,2026-07-13,ts500-lfr-2026-07-13,trisight_sim,ts500_rebalance_close,2026-08-03T15:50:00-04:00,locked_session_preclose_1545_1555_america_new_york,,,real_daily_close_as_of_price_as_of_date_not_an_intraday_observation,2026-08-03,False
trisight_500_late_failed_recovery_shadow,2026-08-03T15:50:00-04:00,PAPER,SELL,OMDA,OMDA,22.6357010277,20.41,461.994657975,20.41,0,PAPER,success,rebalance_drop,2026-07-13,ts500-lfr-2026-07-13,trisight_sim,ts500_rebalance_close,2026-08-03T15:50:00-04:00,locked_session_preclose_1545_1555_america_new_york,,,real_daily_close_as_of_price_as_of_date_not_an_intraday_observation,2026-08-03,False
trisight_500_late_failed_recovery_shadow,2026-08-03T15:50:00-04:00,PAPER,SELL,BWLP,BWLP,26.785953446,21.9825,588.822221627,21.9825,0,PAPER,success,rebalance_drop,2026-07-13,ts500-lfr-2026-07-13,trisight_sim,ts500_rebalance_close,2026-08-03T15:50:00-04:00,locked_session_preclose_1545_1555_america_new_york,,,real_daily_close_as_of_price_as_of_date_not_an_intraday_observation,2026-08-03,False
trisight_500_late_failed_recovery_shadow,2026-08-03T15:50:00-04:00,PAPER,SELL,FA,FA,26.252576034,19.84,520.851108515,19.84,0,PAPER,success,rebalance_drop,2026-07-13,ts500-lfr-2026-07-13,trisight_sim,ts500_rebalance_close,2026-08-03T15:50:00-04:00,locked_session_preclose_1545_1555_america_new_york,,,real_daily_close_as_of_price_as_of_date_not_an_intraday_observation,2026-08-03,False
trisight_500_late_failed_recovery_shadow,2026-08-03T15:50:00-04:00,PAPER,SELL,EPAC,EPAC,15.4771808315,36.26,561.202576951,36.26,0,PAPER,success,rebalance_drop,2026-07-13,ts500-lfr-2026-07-13,trisight_sim,ts500_rebalance_close,2026-08-03T15:50:00-04:00,locked_session_preclose_1545_1555_america_new_york,,,real_daily_close_as_of_price_as_of_date_not_an_intraday_observation,2026-08-03,False
trisight_500_late_failed_recovery_shadow,2026-08-03T15:50:00-04:00,PAPER,SELL,PHAT,PHAT,48.5224901742,9.1,441.554660585,9.1,0,PAPER,success,rebalance_drop,2026-07-13,ts500-lfr-2026-07-13,trisight_sim,ts500_rebalance_close,2026-08-03T15:50:00-04:00,locked_session_preclose_1545_1555_america_new_york,,,real_daily_close_as_of_price_as_of_date_not_an_intraday_observation,2026-08-03,False
trisight_500_late_failed_recovery_shadow,2026-08-03T15:50:00-04:00,PAPER,SELL,DLO,DLO,35.8567522747,15.25,546.815472189,15.25,0,PAPER,success,rebalance_drop,2026-07-13,ts500-lfr-2026-07-13,trisight_sim,ts500_rebalance_close,2026-08-03T15:50:00-04:00,locked_session_preclose_1545_1555_america_new_york,,,real_daily_close_as_of_price_as_of_date_not_an_intraday_observation,2026-08-03,False
trisight_500_late_failed_recovery_shadow,2026-08-03T15:50:00-04:00,PAPER,SELL,SIBN,SIBN,30.1304649131,18.54,558.618819488,18.54,0,PAPER,success,rebalance_drop,2026-07-13,ts500-lfr-2026-07-13,trisight_sim,ts500_rebalance_close,2026-08-03T15:50:00-04:00,locked_session_preclose_1545_1555_america_new_york,,,real_daily_close_as_of_price_as_of_date_not_an_intraday_observation,2026-08-03,False
trisight_500_late_failed_recovery_shadow,2026-08-03T15:50:00-04:00,PAPER,SELL,RSI,RSI,15.9216654062,27.72,441.34856506,27.72,0,PAPER,success,rebalance_drop,2026-07-13,ts500-lfr-2026-07-13,trisight_sim,ts500_rebalance_close,2026-08-03T15:50:00-04:00,locked_session_preclose_1545_1555_america_new_york,,,real_daily_close_as_of_price_as_of_date_not_an_intraday_observation,2026-08-03,False
trisight_500_late_failed_recovery_shadow,2026-08-03T15:50:00-04:00,PAPER,SELL,NET,NET,0.656992452799,284.24,186.743534784,284.24,0,PAPER,success,rebalance_drop,2026-07-13,ts500-lfr-2026-07-13,trisight_sim,ts500_rebalance_close,2026-08-03T15:50:00-04:00,locked_session_preclose_1545_1555_america_new_york,,,real_daily_close_as_of_price_as_of_date_not_an_intraday_observation,2026-08-03,False
trisight_500_late_failed_recovery_shadow,2026-08-03T15:50:00-04:00,PAPER,SELL,CMG,CMG,4.95886005725,37.125,184.097679625,37.125,0,PAPER,success,rebalance_drop,2026-07-13,ts500-lfr-2026-07-13,trisight_sim,ts500_rebalance_close,2026-08-03T15:50:00-04:00,locked_session_preclose_1545_1555_america_new_york,,,real_daily_close_as_of_price_as_of_date_not_an_intraday_observation,2026-08-03,False
trisight_500_late_failed_recovery_shadow,2026-08-03T15:50:00-04:00,PAPER,SELL,GNK,GNK,7.03966322251,26.365,185.600720862,26.365,0,PAPER,success,rebalance_drop,2026-07-13,ts500-lfr-2026-07-13,trisight_sim,ts500_rebalance_close,2026-08-03T15:50:00-04:00,locked_session_preclose_1545_1555_america_new_york,,,real_daily_close_as_of_price_as_of_date_not_an_intraday_observation,2026-08-03,False
trisight_500_late_failed_recovery_shadow,2026-08-03T15:50:00-04:00,PAPER,SELL,VLO,VLO,0.618516975662,313.85,194.121552812,313.85,0,PAPER,success,rebalance_drop,2026-07-13,ts500-lfr-2026-07-13,trisight_sim,ts500_rebalance_close,2026-08-03T15:50:00-04:00,locked_session_preclose_1545_1555_america_new_york,,,real_daily_close_as_of_price_as_of_date_not_an_intraday_observation,2026-08-03,False
trisight_500_late_failed_recovery_shadow,2026-08-03T15:50:00-04:00,PAPER,SELL,QDEL,QDEL,9.81373530393,17.65,173.212428114,17.65,0,PAPER,success,rebalance_drop,2026-07-13,ts500-lfr-2026-07-13,trisight_sim,ts500_rebalance_close,2026-08-03T15:50:00-04:00,locked_session_preclose_1545_1555_america_new_york,,,real_daily_close_as_of_price_as_of_date_not_an_intraday_observation,2026-08-03,False
trisight_500_late_failed_recovery_shadow,2026-08-03T15:50:00-04:00,PAPER,SELL,IONS,IONS,3.17190705361,53.295,169.046786422,53.295,0,PAPER,success,rebalance_drop,2026-07-13,ts500-lfr-2026-07-13,trisight_sim,ts500_rebalance_close,2026-08-03T15:50:00-04:00,locked_session_preclose_1545_1555_america_new_york,,,real_daily_close_as_of_price_as_of_date_not_an_intraday_observation,2026-08-03,False
trisight_500_late_failed_recovery_shadow,2026-08-03T15:50:00-04:00,PAPER,SELL,WKC,WKC,5.01057230757,39.61,198.468769103,39.61,0,PAPER,success,rebalance_drop,2026-07-13,ts500-lfr-2026-07-13,trisight_sim,ts500_rebalance_close,2026-08-03T15:50:00-04:00,locked_session_preclose_1545_1555_america_new_york,,,real_daily_close_as_of_price_as_of_date_not_an_intraday_observation,2026-08-03,False
trisight_500_late_failed_recovery_shadow,2026-08-03T15:50:00-04:00,PAPER,SELL,JXN,JXN,1.51654052841,124.26,188.44532606,124.26,0,PAPER,success,rebalance_drop,2026-07-13,ts500-lfr-2026-07-13,trisight_sim,ts500_rebalance_close,2026-08-03T15:50:00-04:00,locked_session_preclose_1545_1555_america_new_york,,,real_daily_close_as_of_price_as_of_date_not_an_intraday_observation,2026-08-03,False
trisight_500_late_failed_recovery_shadow,2026-08-03T15:50:00-04:00,PAPER,SELL,GPRE,GPRE,10.2901302216,16.81,172.977089025,16.81,0,PAPER,success,rebalance_drop,2026-07-13,ts500-lfr-2026-07-13,trisight_sim,ts500_rebalance_close,2026-08-03T15:50:00-04:00,locked_session_preclose_1545_1555_america_new_york,,,real_daily_close_as_of_price_as_of_date_not_an_intraday_observation,2026-08-03,False
trisight_500_late_failed_recovery_shadow,2026-08-03T15:50:00-04:00,PAPER,SELL,BJRI,BJRI,2.86136541496,67.52,193.199392818,67.52,0,PAPER,success,rebalance_drop,2026-07-13,ts500-lfr-2026-07-13,trisight_sim,ts500_rebalance_close,2026-08-03T15:50:00-04:00,locked_session_preclose_1545_1555_america_new_york,,,real_daily_close_as_of_price_as_of_date_not_an_intraday_observation,2026-08-03,False
trisight_500_late_failed_recovery_shadow,2026-08-03T15:50:00-04:00,PAPER,SELL,DK,DK,3.11649537629,67.89,211.578871096,67.89,0,PAPER,success,rebalance_drop,2026-07-13,ts500-lfr-2026-07-13,trisight_sim,ts500_rebalance_close,2026-08-03T15:50:00-04:00,locked_session_preclose_1545_1555_america_new_york,,,real_daily_close_as_of_price_as_of_date_not_an_intraday_observation,2026-08-03,False
trisight_500_late_failed_recovery_shadow,2026-08-03T15:50:00-04:00,PAPER,SELL,UPBD,UPBD,8.42751076614,19.84,167.2018136,19.84,0,PAPER,success,rebalance_drop,2026-07-13,ts500-lfr-2026-07-13,trisight_sim,ts500_rebalance_close,2026-08-03T15:50:00-04:00,locked_session_preclose_1545_1555_america_new_york,,,real_daily_close_as_of_price_as_of_date_not_an_intraday_observation,2026-08-03,False
trisight_500_late_failed_recovery_shadow,2026-08-03T15:50:00-04:00,PAPER,SELL,MAMA,MAMA,9.4682175607,18.64,176.487575332,18.64,0,PAPER,success,rebalance_drop,2026-07-13,ts500-lfr-2026-07-13,trisight_sim,ts500_rebalance_close,2026-08-03T15:50:00-04:00,locked_session_preclose_1545_1555_america_new_york,,,real_daily_close_as_of_price_as_of_date_not_an_intraday_observation,2026-08-03,False
trisight_500_late_failed_recovery_shadow,2026-08-03T15:50:00-04:00,PAPER,SELL,TFIN,TFIN,2.29953647094,76.35,175.569609556,76.35,0,PAPER,success,rebalance_drop,2026-07-13,ts500-lfr-2026-07-13,trisight_sim,ts500_rebalance_close,2026-08-03T15:50:00-04:00,locked_session_preclose_1545_1555_america_new_york,,,real_daily_close_as_of_price_as_of_date_not_an_intraday_observation,2026-08-03,False
trisight_500_late_failed_recovery_shadow,2026-08-03T15:50:00-04:00,PAPER,SELL,SGHC,SGHC,11.7918966087,13.81,162.846092165,13.81,0,PAPER,success,rebalance_drop,2026-07-13,ts500-lfr-2026-07-13,trisight_sim,ts500_rebalance_close,2026-08-03T15:50:00-04:00,locked_session_preclose_1545_1555_america_new_york,,,real_daily_close_as_of_price_as_of_date_not_an_intraday_observation,2026-08-03,False
trisight_500_late_failed_recovery_shadow,2026-08-03T15:50:00-04:00,PAPER,SELL,FLUT,FLUT,1.55555711111,106.5725,165.779610224,106.5725,0,PAPER,success,rebalance_drop,2026-07-13,ts500-lfr-2026-07-13,trisight_sim,ts500_rebalance_close,2026-08-03T15:50:00-04:00,locked_session_preclose_1545_1555_america_new_york,,,real_daily_close_as_of_price_as_of_date_not_an_intraday_observation,2026-08-03,False
trisight_500_late_failed_recovery_shadow,2026-08-03T15:50:00-04:00,PAPER,SELL,EXPD,EXPD,1.01848499339,167.77,170.871227341,167.77,0,PAPER,success,rebalance_drop,2026-07-13,ts500-lfr-2026-07-13,trisight_sim,ts500_rebalance_close,2026-08-03T15:50:00-04:00,locked_session_preclose_1545_1555_america_new_york,,,real_daily_close_as_of_price_as_of_date_not_an_intraday_observation,2026-08-03,False
trisight_500_late_failed_recovery_shadow,2026-08-03T15:50:00-04:00,PAPER,SELL,CF,CF,1.49353597629,120.74,180.329533778,120.74,0,PAPER,success,rebalance_drop,2026-07-13,ts500-lfr-2026-07-13,trisight_sim,ts500_rebalance_close,2026-08-03T15:50:00-04:00,locked_session_preclose_1545_1555_america_new_york,,,real_daily_close_as_of_price_as_of_date_not_an_intraday_observation,2026-08-03,False
trisight_500_late_failed_recovery_shadow,2026-08-03T15:50:00-04:00,PAPER,SELL,SHG,SHG,2.44594013684,71.1595,174.051877167,71.1595,0,PAPER,success,rebalance_drop,2026-07-13,ts500-lfr-2026-07-13,trisight_sim,ts500_rebalance_close,2026-08-03T15:50:00-04:00,locked_session_preclose_1545_1555_america_new_york,,,real_daily_close_as_of_price_as_of_date_not_an_intraday_observation,2026-08-03,False
trisight_500_late_failed_recovery_shadow,2026-08-03T15:50:00-04:00,PAPER,SELL,TD,TD,1.49676175594,120.38,180.18018018,120.38,0,PAPER,success,rebalance_drop,2026-07-13,ts500-lfr-2026-07-13,trisight_sim,ts500_rebalance_close,2026-08-03T15:50:00-04:00,locked_session_preclose_1545_1555_america_new_york,,,real_daily_close_as_of_price_as_of_date_not_an_intraday_observation,2026-08-03,False
trisight_500_late_failed_recovery_shadow,2026-08-03T15:50:00-04:00,PAPER,SELL,PNR,PNR,2.32760858003,66.84,155.577357489,66.84,0,PAPER,success,rebalance_drop,2026-07-13,ts500-lfr-2026-07-13,trisight_sim,ts500_rebalance_close,2026-08-03T15:50:00-04:00,locked_session_preclose_1545_1555_america_new_york,,,real_daily_close_as_of_price_as_of_date_not_an_intraday_observation,2026-08-03,False
trisight_500_late_failed_recovery_shadow,2026-08-03T15:50:00-04:00,PAPER,SELL,RHI,RHI,5.35135670271,39.24,209.987237014,39.24,0,PAPER,success,rebalance_drop,2026-07-13,ts500-lfr-2026-07-13,trisight_sim,ts500_rebalance_close,2026-08-03T15:50:00-04:00,locked_session_preclose_1545_1555_america_new_york,,,real_daily_close_as_of_price_as_of_date_not_an_intraday_observation,2026-08-03,False
trisight_500_late_failed_recovery_shadow,2026-08-03T15:50:00-04:00,PAPER,SELL,MEOH,MEOH,3.54127712618,53.98,191.158139271,53.98,0,PAPER,success,rebalance_drop,2026-07-13,ts500-lfr-2026-07-13,trisight_sim,ts500_rebalance_close,2026-08-03T15:50:00-04:00,locked_session_preclose_1545_1555_america_new_york,,,real_daily_close_as_of_price_as_of_date_not_an_intraday_observation,2026-08-03,False
trisight_500_late_failed_recovery_shadow,2026-08-03T15:50:00-04:00,PAPER,SELL,PGC,PGC,3.88906065573,46.07,179.16902441,46.07,0,PAPER,success,rebalance_drop,2026-07-13,ts500-lfr-2026-07-13,trisight_sim,ts500_rebalance_close,2026-08-03T15:50:00-04:00,locked_session_preclose_1545_1555_america_new_york,,,real_daily_close_as_of_price_as_of_date_not_an_intraday_observation,2026-08-03,False
trisight_500_late_failed_recovery_shadow,2026-08-03T15:50:00-04:00,PAPER,SELL,JKHY,JKHY,1.18174185204,156.32,184.729886311,156.32,0,PAPER,success,rebalance_drop,2026-07-13,ts500-lfr-2026-07-13,trisight_sim,ts500_rebalance_close,2026-08-03T15:50:00-04:00,locked_session_preclose_1545_1555_america_new_york,,,real_daily_close_as_of_price_as_of_date_not_an_intraday_observation,2026-08-03,False
trisight_500_late_failed_recovery_shadow,2026-08-03T15:50:00-04:00,PAPER,SELL,ICFI,ICFI,2.29528891949,82.785,190.0154932,82.785,0,PAPER,success,rebalance_drop,2026-07-13,ts500-lfr-2026-07-13,trisight_sim,ts500_rebalance_close,2026-08-03T15:50:00-04:00,locked_session_preclose_1545_1555_america_new_york,,,real_daily_close_as_of_price_as_of_date_not_an_intraday_observation,2026-08-03,False
trisight_500_late_failed_recovery_shadow,2026-08-03T15:50:00-04:00,PAPER,SELL,MOH,MOH,0.749127640862,197.47,147.930235241,197.47,0,PAPER,success,rebalance_drop,2026-07-13,ts500-lfr-2026-07-13,trisight_sim,ts500_rebalance_close,2026-08-03T15:50:00-04:00,locked_session_preclose_1545_1555_america_new_york,,,real_daily_close_as_of_price_as_of_date_not_an_intraday_observation,2026-08-03,False
trisight_500_late_failed_recovery_shadow,2026-08-03T15:50:00-04:00,PAPER,SELL,UPWK,UPWK,19.7457731704,9.415,185.9064544,9.415,0,PAPER,success,rebalance_drop,2026-07-13,ts500-lfr-2026-07-13,trisight_sim,ts500_rebalance_close,2026-08-03T15:50:00-04:00,locked_session_preclose_1545_1555_america_new_york,,,real_daily_close_as_of_price_as_of_date_not_an_intraday_observation,2026-08-03,False
trisight_500_late_failed_recovery_shadow,2026-08-03T15:50:00-04:00,PAPER,SELL,PSX,PSX,0.924380156886,211.31,195.330770952,211.31,0,PAPER,success,rebalance_drop,2026-07-13,ts500-lfr-2026-07-13,trisight_sim,ts500_rebalance_close,2026-08-03T15:50:00-04:00,locked_session_preclose_1545_1555_america_new_york,,,real_daily_close_as_of_price_as_of_date_not_an_intraday_observation,2026-08-03,False
trisight_500_late_failed_recovery_shadow,2026-08-03T15:50:00-04:00,PAPER,SELL,BBNX,BBNX,10.5000105,13.3,139.65013965,13.3,0,PAPER,success,rebalance_drop,2026-07-13,ts500-lfr-2026-07-13,trisight_sim,ts500_rebalance_close,2026-08-03T15:50:00-04:00,locked_session_preclose_1545_1555_america_new_york,,,real_daily_close_as_of_price_as_of_date_not_an_intraday_observation,2026-08-03,False
trisight_500_late_failed_recovery_shadow,2026-08-03T15:50:00-04:00,PAPER,SELL,PHVS,PHVS,5.21958807011,32.435,169.297339054,32.435,0,PAPER,success,rebalance_drop,2026-07-13,ts500-lfr-2026-07-13,trisight_sim,ts500_rebalance_close,2026-08-03T15:50:00-04:00,locked_session_preclose_1545_1555_america_new_york,,,real_daily_close_as_of_price_as_of_date_not_an_intraday_observation,2026-08-03,False
trisight_500_late_failed_recovery_shadow,2026-08-03T15:50:00-04:00,PAPER,SELL,GSL,GSL,4.40430653093,43.98,193.70140123,43.98,0,PAPER,success,rebalance_drop,2026-07-13,ts500-lfr-2026-07-13,trisight_sim,ts500_rebalance_close,2026-08-03T15:50:00-04:00,locked_session_preclose_1545_1555_america_new_york,,,real_daily_close_as_of_price_as_of_date_not_an_intraday_observation,2026-08-03,False
trisight_500_late_failed_recovery_shadow,2026-08-03T15:50:00-04:00,PAPER,SELL,HG,HG,5.13992811811,35.79,183.958027347,35.79,0,PAPER,success,rebalance_drop,2026-07-13,ts500-lfr-2026-07-13,trisight_sim,ts500_rebalance_close,2026-08-03T15:50:00-04:00,locked_session_preclose_1545_1555_america_new_york,,,real_daily_close_as_of_price_as_of_date_not_an_intraday_observation,2026-08-03,False
trisight_500_late_failed_recovery_shadow,2026-08-03T15:50:00-04:00,PAPER,SELL,NICE,NICE,1.74762541397,100.54,175.70625912,100.54,0,PAPER,success,rebalance_drop,2026-07-13,ts500-lfr-2026-07-13,trisight_sim,ts500_rebalance_close,2026-08-03T15:50:00-04:00,locked_session_preclose_1545_1555_america_new_york,,,real_daily_close_as_of_price_as_of_date_not_an_intraday_observation,2026-08-03,False
trisight_500_late_failed_recovery_shadow,2026-08-03T15:50:00-04:00,PAPER,SELL,FTI,FTI,2.44743521027,69.87,171.002298142,69.87,0,PAPER,success,rebalance_drop,2026-07-13,ts500-lfr-2026-07-13,trisight_sim,ts500_rebalance_close,2026-08-03T15:50:00-04:00,locked_session_preclose_1545_1555_america_new_york,,,real_daily_close_as_of_price_as_of_date_not_an_intraday_observation,2026-08-03,False
trisight_500_late_failed_recovery_shadow,2026-08-03T15:50:00-04:00,PAPER,SELL,PTGX,PTGX,1.41595426468,134.435,190.353811572,134.435,0,PAPER,success,rebalance_drop,2026-07-13,ts500-lfr-2026-07-13,trisight_sim,ts500_rebalance_close,2026-08-03T15:50:00-04:00,locked_session_preclose_1545_1555_america_new_york,,,real_daily_close_as_of_price_as_of_date_not_an_intraday_observation,2026-08-03,False
trisight_500_late_failed_recovery_shadow,2026-08-03T15:50:00-04:00,PAPER,SELL,VOYA,VOYA,1.8285906549,100.405,183.599644705,100.405,0,PAPER,success,rebalance_drop,2026-07-13,ts500-lfr-2026-07-13,trisight_sim,ts500_rebalance_close,2026-08-03T15:50:00-04:00,locked_session_preclose_1545_1555_america_new_york,,,real_daily_close_as_of_price_as_of_date_not_an_intraday_observation,2026-08-03,False
trisight_500_late_failed_recovery_shadow,2026-08-03T15:50:00-04:00,PAPER,SELL,XENE,XENE,2.6919684784,61.92,166.686688182,61.92,0,PAPER,success,rebalance_drop,2026-07-13,ts500-lfr-2026-07-13,trisight_sim,ts500_rebalance_close,2026-08-03T15:50:00-04:00,locked_session_preclose_1545_1555_america_new_york,,,real_daily_close_as_of_price_as_of_date_not_an_intraday_observation,2026-08-03,False
trisight_500_late_failed_recovery_shadow,2026-08-03T15:50:00-04:00,PAPER,SELL,TWLO,TWLO,0.825605664315,197.215,162.821821088,197.215,0,PAPER,success,rebalance_drop,2026-07-13,ts500-lfr-2026-07-13,trisight_sim,ts500_rebalance_close,2026-08-03T15:50:00-04:00,locked_session_preclose_1545_1555_america_new_york,,,real_daily_close_as_of_price_as_of_date_not_an_intraday_observation,2026-08-03,False
trisight_500_late_failed_recovery_shadow,2026-08-03T15:50:00-04:00,PAPER,SELL,EQNR,EQNR,5.08265670466,40.08,203.712880723,40.08,0,PAPER,success,rebalance_drop,2026-07-13,ts500-lfr-2026-07-13,trisight_sim,ts500_rebalance_close,2026-08-03T15:50:00-04:00,locked_session_preclose_1545_1555_america_new_york,,,real_daily_close_as_of_price_as_of_date_not_an_intraday_observation,2026-08-03,False
trisight_500_late_failed_recovery_shadow,2026-08-03T15:50:00-04:00,PAPER,SELL,BRBR,BRBR,14.3569864685,12.605,180.969814436,12.605,0,PAPER,success,rebalance_drop,2026-07-13,ts500-lfr-2026-07-13,trisight_sim,ts500_rebalance_close,2026-08-03T15:50:00-04:00,locked_session_preclose_1545_1555_america_new_york,,,real_daily_close_as_of_price_as_of_date_not_an_intraday_observation,2026-08-03,False
trisight_500_late_failed_recovery_shadow,2026-08-03T15:50:00-04:00,PAPER,SELL,YELP,YELP,6.85356333892,26.67,182.784534249,26.67,0,PAPER,success,rebalance_drop,2026-07-13,ts500-lfr-2026-07-13,trisight_sim,ts500_rebalance_close,2026-08-03T15:50:00-04:00,locked_session_preclose_1545_1555_america_new_york,,,real_daily_close_as_of_price_as_of_date_not_an_intraday_observation,2026-08-03,False
trisight_500_late_failed_recovery_shadow,2026-08-03T15:50:00-04:00,PAPER,SELL,QNST,QNST,10.4938951765,15.81,165.90848274,15.81,0,PAPER,success,rebalance_drop,2026-07-13,ts500-lfr-2026-07-13,trisight_sim,ts500_rebalance_close,2026-08-03T15:50:00-04:00,locked_session_preclose_1545_1555_america_new_york,,,real_daily_close_as_of_price_as_of_date_not_an_intraday_observation,2026-08-03,False
trisight_500_late_failed_recovery_shadow,2026-08-03T15:50:00-04:00,PAPER,SELL,CWST,CWST,1.84176817111,91.73,168.945394336,91.73,0,PAPER,success,rebalance_drop,2026-07-13,ts500-lfr-2026-07-13,trisight_sim,ts500_rebalance_close,2026-08-03T15:50:00-04:00,locked_session_preclose_1545_1555_america_new_york,,,real_daily_close_as_of_price_as_of_date_not_an_intraday_observation,2026-08-03,False
trisight_500_late_failed_recovery_shadow,2026-08-03T15:50:00-04:00,PAPER,SELL,DLTR,DLTR,1.4264918073,129.05,184.088767732,129.05,0,PAPER,success,rebalance_drop,2026-07-13,ts500-lfr-2026-07-13,trisight_sim,ts500_rebalance_close,2026-08-03T15:50:00-04:00,locked_session_preclose_1545_1555_america_new_york,,,real_daily_close_as_of_price_as_of_date_not_an_intraday_observation,2026-08-03,False
trisight_500_late_failed_recovery_shadow,2026-08-03T15:50:00-04:00,PAPER,SELL,EEFT,EEFT,2.30188668387,72.63,167.18602985,72.63,0,PAPER,success,rebalance_drop,2026-07-13,ts500-lfr-2026-07-13,trisight_sim,ts500_rebalance_close,2026-08-03T15:50:00-04:00,locked_session_preclose_1545_1555_america_new_york,,,real_daily_close_as_of_price_as_of_date_not_an_intraday_observation,2026-08-03,False
trisight_500_late_failed_recovery_shadow,2026-08-03T15:50:00-04:00,PAPER,SELL,IPAR,IPAR,1.50841507057,125.75,189.683195125,125.75,0,PAPER,success,rebalance_drop,2026-07-13,ts500-lfr-2026-07-13,trisight_sim,ts500_rebalance_close,2026-08-03T15:50:00-04:00,locked_session_preclose_1545_1555_america_new_york,,,real_daily_close_as_of_price_as_of_date_not_an_intraday_observation,2026-08-03,False
trisight_500_late_failed_recovery_shadow,2026-08-03T15:50:00-04:00,PAPER,SELL,OFIX,OFIX,15.2243498251,12.32,187.563989845,12.32,0,PAPER,success,rebalance_drop,2026-07-13,ts500-lfr-2026-07-13,trisight_sim,ts500_rebalance_close,2026-08-03T15:50:00-04:00,locked_session_preclose_1545_1555_america_new_york,,,real_daily_close_as_of_price_as_of_date_not_an_intraday_observation,2026-08-03,False
trisight_500_late_failed_recovery_shadow,2026-08-03T15:50:00-04:00,PAPER,SELL,TRIP,TRIP,12.6309274574,14.235,179.801252356,14.235,0,PAPER,success,rebalance_drop,2026-07-13,ts500-lfr-2026-07-13,trisight_sim,ts500_rebalance_close,2026-08-03T15:50:00-04:00,locked_session_preclose_1545_1555_america_new_york,,,real_daily_close_as_of_price_as_of_date_not_an_intraday_observation,2026-08-03,False
trisight_500_late_failed_recovery_shadow,2026-08-03T15:50:00-04:00,PAPER,SELL,OMC,OMC,2.16849416512,80.27,174.065026635,80.27,0,PAPER,success,rebalance_drop,2026-07-13,ts500-lfr-2026-07-13,trisight_sim,ts500_rebalance_close,2026-08-03T15:50:00-04:00,locked_session_preclose_1545_1555_america_new_york,,,real_daily_close_as_of_price_as_of_date_not_an_intraday_observation,2026-08-03,False
trisight_500_late_failed_recovery_shadow,2026-08-03T15:50:00-04:00,PAPER,SELL,INSP,INSP,3.47335287094,52.09,180.926951047,52.09,0,PAPER,success,rebalance_drop,2026-07-13,ts500-lfr-2026-07-13,trisight_sim,ts500_rebalance_close,2026-08-03T15:50:00-04:00,locked_session_preclose_1545_1555_america_new_york,,,real_daily_close_as_of_price_as_of_date_not_an_intraday_observation,2026-08-03,False
trisight_500_late_failed_recovery_shadow,2026-08-03T15:50:00-04:00,PAPER,SELL,DVA,DVA,0.762489918454,240.31,183.233952304,240.31,0,PAPER,success,rebalance_drop,2026-07-13,ts500-lfr-2026-07-13,trisight_sim,ts500_rebalance_close,2026-08-03T15:50:00-04:00,locked_session_preclose_1545_1555_america_new_york,,,real_daily_close_as_of_price_as_of_date_not_an_intraday_observation,2026-08-03,False
trisight_500_late_failed_recovery_shadow,2026-08-03T15:50:00-04:00,PAPER,SELL,BBY,BBY,2.18450528219,83.58,182.580951485,83.58,0,PAPER,success,rebalance_drop,2026-07-13,ts500-lfr-2026-07-13,trisight_sim,ts500_rebalance_close,2026-08-03T15:50:00-04:00,locked_session_preclose_1545_1555_america_new_york,,,real_daily_close_as_of_price_as_of_date_not_an_intraday_observation,2026-08-03,False
trisight_500_late_failed_recovery_shadow,2026-08-03T15:50:00-04:00,PAPER,SELL,TIGO,TIGO,1.84743340695,91.86,169.705232763,91.86,0,PAPER,success,rebalance_drop,2026-07-13,ts500-lfr-2026-07-13,trisight_sim,ts500_rebalance_close,2026-08-03T15:50:00-04:00,locked_session_preclose_1545_1555_america_new_york,,,real_daily_close_as_of_price_as_of_date_not_an_intraday_observation,2026-08-03,False
trisight_500_late_failed_recovery_shadow,2026-08-03T15:50:00-04:00,PAPER,SELL,PBA,PBA,3.62900665015,48.4462,175.811581975,48.4462,0,PAPER,success,rebalance_drop,2026-07-13,ts500-lfr-2026-07-13,trisight_sim,ts500_rebalance_close,2026-08-03T15:50:00-04:00,locked_session_preclose_1545_1555_america_new_york,,,real_daily_close_as_of_price_as_of_date_not_an_intraday_observation,2026-08-03,False
trisight_500_late_failed_recovery_shadow,2026-08-03T15:50:00-04:00,PAPER,SELL,RGA,RGA,0.76705057548,237.85,182.442979378,237.85,0,PAPER,success,rebalance_drop,2026-07-13,ts500-lfr-2026-07-13,trisight_sim,ts500_rebalance_close,2026-08-03T15:50:00-04:00,locked_session_preclose_1545_1555_america_new_york,,,real_daily_close_as_of_price_as_of_date_not_an_intraday_observation,2026-08-03,False
trisight_500_late_failed_recovery_shadow,2026-08-03T15:50:00-04:00,PAPER,SELL,PNC,PNC,0.712597113625,250.94,178.819119693,250.94,0,PAPER,success,rebalance_drop,2026-07-13,ts500-lfr-2026-07-13,trisight_sim,ts500_rebalance_close,2026-08-03T15:50:00-04:00,locked_session_preclose_1545_1555_america_new_york,,,real_daily_close_as_of_price_as_of_date_not_an_intraday_observation,2026-08-03,False
trisight_500_late_failed_recovery_shadow,2026-08-03T15:50:00-04:00,PAPER,SELL,AMN,AMN,5.31504956284,34.355,182.598527731,34.355,0,PAPER,success,rebalance_drop,2026-07-13,ts500-lfr-2026-07-13,trisight_sim,ts500_rebalance_close,2026-08-03T15:50:00-04:00,locked_session_preclose_1545_1555_america_new_york,,,real_daily_close_as_of_price_as_of_date_not_an_intraday_observation,2026-08-03,False
trisight_500_late_failed_recovery_shadow,2026-08-03T15:50:00-04:00,PAPER,SELL,CHRW,CHRW,0.91041473488,145.97,132.89323885,145.97,0,PAPER,success,rebalance_drop,2026-07-13,ts500-lfr-2026-07-13,trisight_sim,ts500_rebalance_close,2026-08-03T15:50:00-04:00,locked_session_preclose_1545_1555_america_new_york,,,real_daily_close_as_of_price_as_of_date_not_an_intraday_observation,2026-08-03,False
trisight_500_late_failed_recovery_shadow,2026-08-03T15:50:00-04:00,PAPER,SELL,LB,LB,2.25888773497,75.83,171.291456943,75.83,0,PAPER,success,rebalance_drop,2026-07-13,ts500-lfr-2026-07-13,trisight_sim,ts500_rebalance_close,2026-08-03T15:50:00-04:00,locked_session_preclose_1545_1555_america_new_york,,,real_daily_close_as_of_price_as_of_date_not_an_intraday_observation,2026-08-03,False
trisight_500_late_failed_recovery_shadow,2026-08-03T15:50:00-04:00,PAPER,SELL,GWRE,GWRE,1.29309731721,156.37,202.201627492,156.37,0,PAPER,success,rebalance_drop,2026-07-13,ts500-lfr-2026-07-13,trisight_sim,ts500_rebalance_close,2026-08-03T15:50:00-04:00,locked_session_preclose_1545_1555_america_new_york,,,real_daily_close_as_of_price_as_of_date_not_an_intraday_observation,2026-08-03,False
trisight_500_late_failed_recovery_shadow,2026-08-03T15:50:00-04:00,PAPER,SELL,BOX,BOX,6.18538208651,31.78,196.571442709,31.78,0,PAPER,success,rebalance_drop,2026-07-13,ts500-lfr-2026-07-13,trisight_sim,ts500_rebalance_close,2026-08-03T15:50:00-04:00,locked_session_preclose_1545_1555_america_new_york,,,real_daily_close_as_of_price_as_of_date_not_an_intraday_observation,2026-08-03,False
trisight_500_late_failed_recovery_shadow,2026-08-03T15:50:00-04:00,PAPER,SELL,MKC,MKC,3.35969010218,51.63,173.460799976,51.63,0,PAPER,success,rebalance_drop,2026-07-13,ts500-lfr-2026-07-13,trisight_sim,ts500_rebalance_close,2026-08-03T15:50:00-04:00,locked_session_preclose_1545_1555_america_new_york,,,real_daily_close_as_of_price_as_of_date_not_an_intraday_observation,2026-08-03,False
trisight_500_late_failed_recovery_shadow,2026-08-03T15:50:00-04:00,PAPER,SELL,MELI,MELI,0.096328826541,1882.03,181.293741415,1882.03,0,PAPER,success,rebalance_drop,2026-07-13,ts500-lfr-2026-07-13,trisight_sim,ts500_rebalance_close,2026-08-03T15:50:00-04:00,locked_session_preclose_1545_1555_america_new_york,,,real_daily_close_as_of_price_as_of_date_not_an_intraday_observation,2026-08-03,False
trisight_500_late_failed_recovery_shadow,2026-08-03T15:50:00-04:00,PAPER,SELL,FWONK,FWONK,1.79748783101,97.175,174.670879978,97.175,0,PAPER,success,rebalance_drop,2026-07-13,ts500-lfr-2026-07-13,trisight_sim,ts500_rebalance_close,2026-08-03T15:50:00-04:00,locked_session_preclose_1545_1555_america_new_york,,,real_daily_close_as_of_price_as_of_date_not_an_intraday_observation,2026-08-03,False
trisight_500_late_failed_recovery_shadow,2026-08-03T15:50:00-04:00,PAPER,SELL,FDUS,FDUS,8.97307185622,19.935,178.878187454,19.935,0,PAPER,success,rebalance_drop,2026-07-13,ts500-lfr-2026-07-13,trisight_sim,ts500_rebalance_close,2026-08-03T15:50:00-04:00,locked_session_preclose_1545_1555_america_new_york,,,real_daily_close_as_of_price_as_of_date_not_an_intraday_observation,2026-08-03,False
trisight_500_late_failed_recovery_shadow,2026-08-03T15:50:00-04:00,PAPER,SELL,FVRR,FVRR,15.8819021754,9.43,149.766337514,9.43,0,PAPER,success,rebalance_drop,2026-07-13,ts500-lfr-2026-07-13,trisight_sim,ts500_rebalance_close,2026-08-03T15:50:00-04:00,locked_session_preclose_1545_1555_america_new_york,,,real_daily_close_as_of_price_as_of_date_not_an_intraday_observation,2026-08-03,False
trisight_500_late_failed_recovery_shadow,2026-08-03T15:50:00-04:00,PAPER,SELL,ETSY,ETSY,2.23160986104,83.145,185.547201896,83.145,0,PAPER,success,rebalance_drop,2026-07-13,ts500-lfr-2026-07-13,trisight_sim,ts500_rebalance_close,2026-08-03T15:50:00-04:00,locked_session_preclose_1545_1555_america_new_york,,,real_daily_close_as_of_price_as_of_date_not_an_intraday_observation,2026-08-03,False
trisight_500_late_failed_recovery_shadow,2026-08-03T15:50:00-04:00,PAPER,SELL,DRVN,DRVN,11.5167900403,14.82,170.678828397,14.82,0,PAPER,success,rebalance_drop,2026-07-13,ts500-lfr-2026-07-13,trisight_sim,ts500_rebalance_close,2026-08-03T15:50:00-04:00,locked_session_preclose_1545_1555_america_new_york,,,real_daily_close_as_of_price_as_of_date_not_an_intraday_observation,2026-08-03,False
trisight_500_late_failed_recovery_shadow,2026-08-03T15:50:00-04:00,PAPER,SELL,KMPR,KMPR,6.04948161387,29.31,177.310306103,29.31,0,PAPER,success,rebalance_drop,2026-07-13,ts500-lfr-2026-07-13,trisight_sim,ts500_rebalance_close,2026-08-03T15:50:00-04:00,locked_session_preclose_1545_1555_america_new_york,,,real_daily_close_as_of_price_as_of_date_not_an_intraday_observation,2026-08-03,False
trisight_500_late_failed_recovery_shadow,2026-08-03T15:50:00-04:00,PAPER,SELL,CRTO,CRTO,7.86126440577,21.215,166.776724368,21.215,0,PAPER,success,rebalance_drop,2026-07-13,ts500-lfr-2026-07-13,trisight_sim,ts500_rebalance_close,2026-08-03T15:50:00-04:00,locked_session_preclose_1545_1555_america_new_york,,,real_daily_close_as_of_price_as_of_date_not_an_intraday_observation,2026-08-03,False
trisight_500_late_failed_recovery_shadow,2026-08-03T15:50:00-04:00,PAPER,SELL,PNTG,PNTG,4.40861708295,40.61,179.033939739,40.61,0,PAPER,success,rebalance_drop,2026-07-13,ts500-lfr-2026-07-13,trisight_sim,ts500_rebalance_close,2026-08-03T15:50:00-04:00,locked_session_preclose_1545_1555_america_new_york,,,real_daily_close_as_of_price_as_of_date_not_an_intraday_observation,2026-08-03,False
trisight_500_late_failed_recovery_shadow,2026-08-03T15:50:00-04:00,PAPER,SELL,PGNY,PGNY,5.70280677893,31.62,180.32275035,31.62,0,PAPER,success,rebalance_drop,2026-07-13,ts500-lfr-2026-07-13,trisight_sim,ts500_rebalance_close,2026-08-03T15:50:00-04:00,locked_session_preclose_1545_1555_america_new_york,,,real_daily_close_as_of_price_as_of_date_not_an_intraday_observation,2026-08-03,False
trisight_500_late_failed_recovery_shadow,2026-08-03T15:50:00-04:00,PAPER,SELL,GPN,GPN,2.33061932713,85.695,199.722423238,85.695,0,PAPER,success,rebalance_drop,2026-07-13,ts500-lfr-2026-07-13,trisight_sim,ts500_rebalance_close,2026-08-03T15:50:00-04:00,locked_session_preclose_1545_1555_america_new_york,,,real_daily_close_as_of_price_as_of_date_not_an_intraday_observation,2026-08-03,False
trisight_500_late_failed_recovery_shadow,2026-08-03T15:50:00-04:00,PAPER,SELL,GPC,GPC,1.42660475202,127.64,182.091830548,127.64,0,PAPER,success,rebalance_drop,2026-07-13,ts500-lfr-2026-07-13,trisight_sim,ts500_rebalance_close,2026-08-03T15:50:00-04:00,locked_session_preclose_1545_1555_america_new_york,,,real_daily_close_as_of_price_as_of_date_not_an_intraday_observation,2026-08-03,False
trisight_500_late_failed_recovery_shadow,2026-08-03T15:50:00-04:00,PAPER,SELL,DV,DV,15.1539260034,11.57,175.330923859,11.57,0,PAPER,success,rebalance_drop,2026-07-13,ts500-lfr-2026-07-13,trisight_sim,ts500_rebalance_close,2026-08-03T15:50:00-04:00,locked_session_preclose_1545_1555_america_new_york,,,real_daily_close_as_of_price_as_of_date_not_an_intraday_observation,2026-08-03,False
trisight_500_late_failed_recovery_shadow,2026-08-03T15:50:00-04:00,PAPER,SELL,MUSA,MUSA,0.298979806156,592.58,177.169453532,592.58,0,PAPER,success,rebalance_drop,2026-07-13,ts500-lfr-2026-07-13,trisight_sim,ts500_rebalance_close,2026-08-03T15:50:00-04:00,locked_session_preclose_1545_1555_america_new_york,,,real_daily_close_as_of_price_as_of_date_not_an_intraday_observation,2026-08-03,False
trisight_500_late_failed_recovery_shadow,2026-08-03T15:50:00-04:00,PAPER,SELL,NVST,NVST,6.90742496378,27.425,189.436129632,27.425,0,PAPER,success,rebalance_drop,2026-07-13,ts500-lfr-2026-07-13,trisight_sim,ts500_rebalance_close,2026-08-03T15:50:00-04:00,locked_session_preclose_1545_1555_america_new_york,,,real_daily_close_as_of_price_as_of_date_not_an_intraday_observation,2026-08-03,False
trisight_500_late_failed_recovery_shadow,2026-08-03T15:50:00-04:00,PAPER,SELL,VREX,VREX,16.2617491137,11.77,191.400787069,11.77,0,PAPER,success,rebalance_drop,2026-07-13,ts500-lfr-2026-07-13,trisight_sim,ts500_rebalance_close,2026-08-03T15:50:00-04:00,locked_session_preclose_1545_1555_america_new_york,,,real_daily_close_as_of_price_as_of_date_not_an_intraday_observation,2026-08-03,False
trisight_500_late_failed_recovery_shadow,2026-08-03T15:50:00-04:00,PAPER,SELL,TRUP,TRUP,6.71062123576,24.6,165.0812824,24.6,0,PAPER,success,rebalance_drop,2026-07-13,ts500-lfr-2026-07-13,trisight_sim,ts500_rebalance_close,2026-08-03T15:50:00-04:00,locked_session_preclose_1545_1555_america_new_york,,,real_daily_close_as_of_price_as_of_date_not_an_intraday_observation,2026-08-03,False
trisight_500_late_failed_recovery_shadow,2026-08-03T15:50:00-04:00,PAPER,SELL,SYF,SYF,2.46114164978,77.55,190.86153494,77.55,0,PAPER,success,rebalance_drop,2026-07-13,ts500-lfr-2026-07-13,trisight_sim,ts500_rebalance_close,2026-08-03T15:50:00-04:00,locked_session_preclose_1545_1555_america_new_york,,,real_daily_close_as_of_price_as_of_date_not_an_intraday_observation,2026-08-03,False
trisight_500_late_failed_recovery_shadow,2026-08-03T15:50:00-04:00,PAPER,SELL,AMP,AMP,0.35265140074,549.16,193.66204323,549.16,0,PAPER,success,rebalance_drop,2026-07-13,ts500-lfr-2026-07-13,trisight_sim,ts500_rebalance_close,2026-08-03T15:50:00-04:00,locked_session_preclose_1545_1555_america_new_york,,,real_daily_close_as_of_price_as_of_date_not_an_intraday_observation,2026-08-03,False
trisight_500_late_failed_recovery_shadow,2026-08-03T15:50:00-04:00,PAPER,SELL,AGIO,AGIO,4.47652621566,30.53,136.668345364,30.53,0,PAPER,success,rebalance_drop,2026-07-13,ts500-lfr-2026-07-13,trisight_sim,ts500_rebalance_close,2026-08-03T15:50:00-04:00,locked_session_preclose_1545_1555_america_new_york,,,real_daily_close_as_of_price_as_of_date_not_an_intraday_observation,2026-08-03,False
trisight_500_late_failed_recovery_shadow,2026-08-03T15:50:00-04:00,PAPER,SELL,FBIN,FBIN,3.56863101961,50.83,181.393514727,50.83,0,PAPER,success,rebalance_drop,2026-07-13,ts500-lfr-2026-07-13,trisight_sim,ts500_rebalance_close,2026-08-03T15:50:00-04:00,locked_session_preclose_1545_1555_america_new_york,,,real_daily_close_as_of_price_as_of_date_not_an_intraday_observation,2026-08-03,False
trisight_500_late_failed_recovery_shadow,2026-08-03T15:50:00-04:00,PAPER,SELL,PAA,PAA,7.693432117,24.29,186.873466122,24.29,0,PAPER,success,rebalance_drop,2026-07-13,ts500-lfr-2026-07-13,trisight_sim,ts500_rebalance_close,2026-08-03T15:50:00-04:00,locked_session_preclose_1545_1555_america_new_york,,,real_daily_close_as_of_price_as_of_date_not_an_intraday_observation,2026-08-03,False
trisight_500_late_failed_recovery_shadow,2026-08-03T15:50:00-04:00,PAPER,SELL,MNDY,MNDY,2.11107416731,89.2,188.307815724,89.2,0,PAPER,success,rebalance_drop,2026-07-13,ts500-lfr-2026-07-13,trisight_sim,ts500_rebalance_close,2026-08-03T15:50:00-04:00,locked_session_preclose_1545_1555_america_new_york,,,real_daily_close_as_of_price_as_of_date_not_an_intraday_observation,2026-08-03,False
trisight_500_late_failed_recovery_shadow,2026-08-03T15:50:00-04:00,PAPER,SELL,APEI,APEI,3.06168530468,49.63,151.951441671,49.63,0,PAPER,success,rebalance_drop,2026-07-13,ts500-lfr-2026-07-13,trisight_sim,ts500_rebalance_close,2026-08-03T15:50:00-04:00,locked_session_preclose_1545_1555_america_new_york,,,real_daily_close_as_of_price_as_of_date_not_an_intraday_observation,2026-08-03,False
trisight_500_late_failed_recovery_shadow,2026-08-03T15:50:00-04:00,PAPER,SELL,TXG,TXG,4.14207310759,47.8,197.991094543,47.8,0,PAPER,success,rebalance_drop,2026-07-13,ts500-lfr-2026-07-13,trisight_sim,ts500_rebalance_close,2026-08-03T15:50:00-04:00,locked_session_preclose_1545_1555_america_new_york,,,real_daily_close_as_of_price_as_of_date_not_an_intraday_observation,2026-08-03,False
trisight_500_late_failed_recovery_shadow,2026-08-03T15:50:00-04:00,PAPER,SELL,PSO,PSO,10.355182769,16.81,174.070622346,16.81,0,PAPER,success,rebalance_drop,2026-07-13,ts500-lfr-2026-07-13,trisight_sim,ts500_rebalance_close,2026-08-03T15:50:00-04:00,locked_session_preclose_1545_1555_america_new_york,,,real_daily_close_as_of_price_as_of_date_not_an_intraday_observation,2026-08-03,False
trisight_500_late_failed_recovery_shadow,2026-08-03T15:50:00-04:00,PAPER,SELL,INMD,INMD,11.8228464685,15.335,181.303350595,15.335,0,PAPER,success,rebalance_drop,2026-07-13,ts500-lfr-2026-07-13,trisight_sim,ts500_rebalance_close,2026-08-03T15:50:00-04:00,locked_session_preclose_1545_1555_america_new_york,,,real_daily_close_as_of_price_as_of_date_not_an_intraday_observation,2026-08-03,False
trisight_500_late_failed_recovery_shadow,2026-08-03T15:50:00-04:00,PAPER,SELL,CAH,CAH,0.765486363243,232.09,177.661730045,232.09,0,PAPER,success,rebalance_drop,2026-07-13,ts500-lfr-2026-07-13,trisight_sim,ts500_rebalance_close,2026-08-03T15:50:00-04:00,locked_session_preclose_1545_1555_america_new_york,,,real_daily_close_as_of_price_as_of_date_not_an_intraday_observation,2026-08-03,False
trisight_500_late_failed_recovery_shadow,2026-08-03T15:50:00-04:00,PAPER,SELL,NPCE,NPCE,10.4000104,13.53,140.712140712,13.53,0,PAPER,success,rebalance_drop,2026-07-13,ts500-lfr-2026-07-13,trisight_sim,ts500_rebalance_close,2026-08-03T15:50:00-04:00,locked_session_preclose_1545_1555_america_new_york,,,real_daily_close_as_of_price_as_of_date_not_an_intraday_observation,2026-08-03,False
trisight_500_late_failed_recovery_shadow,2026-08-03T15:50:00-04:00,PAPER,SELL,CFG,CFG,2.56083257789,72.1625,184.796080902,72.1625,0,PAPER,success,rebalance_drop,2026-07-13,ts500-lfr-2026-07-13,trisight_sim,ts500_rebalance_close,2026-08-03T15:50:00-04:00,locked_session_preclose_1545_1555_america_new_york,,,real_daily_close_as_of_price_as_of_date_not_an_intraday_observation,2026-08-03,False
trisight_500_late_failed_recovery_shadow,2026-08-03T15:50:00-04:00,PAPER,SELL,CXT,CXT,3.54615587837,52.88,187.520722848,52.88,0,PAPER,success,rebalance_drop,2026-07-13,ts500-lfr-2026-07-13,trisight_sim,ts500_rebalance_close,2026-08-03T15:50:00-04:00,locked_session_preclose_1545_1555_america_new_york,,,real_daily_close_as_of_price_as_of_date_not_an_intraday_observation,2026-08-03,False
trisight_500_late_failed_recovery_shadow,2026-08-03T15:50:00-04:00,PAPER,SELL,YPF,YPF,3.64000364,52.095,189.625989626,52.095,0,PAPER,success,rebalance_drop,2026-07-13,ts500-lfr-2026-07-13,trisight_sim,ts500_rebalance_close,2026-08-03T15:50:00-04:00,locked_session_preclose_1545_1555_america_new_york,,,real_daily_close_as_of_price_as_of_date_not_an_intraday_observation,2026-08-03,False
trisight_500_late_failed_recovery_shadow,2026-08-03T15:50:00-04:00,PAPER,SELL,CNA,CNA,3.46900616442,54.02,187.395713002,54.02,0,PAPER,success,rebalance_drop,2026-07-13,ts500-lfr-2026-07-13,trisight_sim,ts500_rebalance_close,2026-08-03T15:50:00-04:00,locked_session_preclose_1545_1555_america_new_york,,,real_daily_close_as_of_price_as_of_date_not_an_intraday_observation,2026-08-03,False
trisight_500_late_failed_recovery_shadow,2026-08-03T15:50:00-04:00,PAPER,SELL,ACIW,ACIW,3.16661125097,56.94,180.30684463,56.94,0,PAPER,success,rebalance_drop,2026-07-13,ts500-lfr-2026-07-13,trisight_sim,ts500_rebalance_close,2026-08-03T15:50:00-04:00,locked_session_preclose_1545_1555_america_new_york,,,real_daily_close_as_of_price_as_of_date_not_an_intraday_observation,2026-08-03,False
trisight_500_late_failed_recovery_shadow,2026-08-03T15:50:00-04:00,PAPER,SELL,OMCL,OMCL,3.91016016016,35.97,140.648460961,35.97,0,PAPER,success,rebalance_drop,2026-07-13,ts500-lfr-2026-07-13,trisight_sim,ts500_rebalance_close,2026-08-03T15:50:00-04:00,locked_session_preclose_1545_1555_america_new_york,,,real_daily_close_as_of_price_as_of_date_not_an_intraday_observation,2026-08-03,False
trisight_500_late_failed_recovery_shadow,2026-08-03T15:50:00-04:00,PAPER,SELL,ADM,ADM,2.20836107587,78.48,173.312177234,78.48,0,PAPER,success,rebalance_drop,2026-07-13,ts500-lfr-2026-07-13,trisight_sim,ts500_rebalance_close,2026-08-03T15:50:00-04:00,locked_session_preclose_1545_1555_america_new_york,,,real_daily_close_as_of_price_as_of_date_not_an_intraday_observation,2026-08-03,False
trisight_500_late_failed_recovery_shadow,2026-08-03T15:50:00-04:00,PAPER,SELL,AZN,AZN,1.06319808922,154.26,164.008937243,154.26,0,PAPER,success,rebalance_drop,2026-07-13,ts500-lfr-2026-07-13,trisight_sim,ts500_rebalance_close,2026-08-03T15:50:00-04:00,locked_session_preclose_1545_1555_america_new_york,,,real_daily_close_as_of_price_as_of_date_not_an_intraday_observation,2026-08-03,False
trisight_500_late_failed_recovery_shadow,2026-08-03T15:50:00-04:00,PAPER,SELL,EVRG,EVRG,2.08421261053,83.28,173.573226205,83.28,0,PAPER,success,rebalance_drop,2026-07-13,ts500-lfr-2026-07-13,trisight_sim,ts500_rebalance_close,2026-08-03T15:50:00-04:00,locked_session_preclose_1545_1555_america_new_york,,,real_daily_close_as_of_price_as_of_date_not_an_intraday_observation,2026-08-03,False
trisight_500_late_failed_recovery_shadow,2026-08-03T15:50:00-04:00,PAPER,SELL,CALM,CALM,2.07139369064,87.6275,181.511050626,87.6275,0,PAPER,success,rebalance_drop,2026-07-13,ts500-lfr-2026-07-13,trisight_sim,ts500_rebalance_close,2026-08-03T15:50:00-04:00,locked_session_preclose_1545_1555_america_new_york,,,real_daily_close_as_of_price_as_of_date_not_an_intraday_observation,2026-08-03,False
trisight_500_late_failed_recovery_shadow,2026-08-03T15:50:00-04:00,PAPER,SELL,ODFL,ODFL,0.773637527609,211.775,163.837087409,211.775,0,PAPER,success,rebalance_drop,2026-07-13,ts500-lfr-2026-07-13,trisight_sim,ts500_rebalance_close,2026-08-03T15:50:00-04:00,locked_session_preclose_1545_1555_america_new_york,,,real_daily_close_as_of_price_as_of_date_not_an_intraday_observation,2026-08-03,False
trisight_500_late_failed_recovery_shadow,2026-08-03T15:50:00-04:00,PAPER,SELL,ASTH,ASTH,3.76237586511,36.01,135.483154903,36.01,0,PAPER,success,rebalance_drop,2026-07-13,ts500-lfr-2026-07-13,trisight_sim,ts500_rebalance_close,2026-08-03T15:50:00-04:00,locked_session_preclose_1545_1555_america_new_york,,,real_daily_close_as_of_price_as_of_date_not_an_intraday_observation,2026-08-03,False
trisight_500_late_failed_recovery_shadow,2026-08-03T15:50:00-04:00,PAPER,SELL,WYFI,WYFI,4.69341443553,26.26,123.249063077,26.26,0,PAPER,success,rebalance_drop,2026-07-13,ts500-lfr-2026-07-13,trisight_sim,ts500_rebalance_close,2026-08-03T15:50:00-04:00,locked_session_preclose_1545_1555_america_new_york,,,real_daily_close_as_of_price_as_of_date_not_an_intraday_observation,2026-08-03,False
trisight_500_late_failed_recovery_shadow,2026-08-03T15:50:00-04:00,PAPER,SELL,FCN,FCN,1.1256336614,158.95,178.919470479,158.95,0,PAPER,success,rebalance_drop,2026-07-13,ts500-lfr-2026-07-13,trisight_sim,ts500_rebalance_close,2026-08-03T15:50:00-04:00,locked_session_preclose_1545_1555_america_new_york,,,real_daily_close_as_of_price_as_of_date_not_an_intraday_observation,2026-08-03,False
trisight_500_late_failed_recovery_shadow,2026-08-03T15:50:00-04:00,PAPER,SELL,ALL,ALL,0.711893244489,263.06,187.270636895,263.06,0,PAPER,success,rebalance_drop,2026-07-13,ts500-lfr-2026-07-13,trisight_sim,ts500_rebalance_close,2026-08-03T15:50:00-04:00,locked_session_preclose_1545_1555_america_new_york,,,real_daily_close_as_of_price_as_of_date_not_an_intraday_observation,2026-08-03,False
trisight_500_late_failed_recovery_shadow,2026-08-03T15:50:00-04:00,PAPER,SELL,RAPP,RAPP,4.4588017862,41.48,184.951098091,41.48,0,PAPER,success,rebalance_drop,2026-07-13,ts500-lfr-2026-07-13,trisight_sim,ts500_rebalance_close,2026-08-03T15:50:00-04:00,locked_session_preclose_1545_1555_america_new_york,,,real_daily_close_as_of_price_as_of_date_not_an_intraday_observation,2026-08-03,False
trisight_500_late_failed_recovery_shadow,2026-08-03T15:50:00-04:00,PAPER,SELL,XMTR,XMTR,1.88887912968,88.62,167.392468472,88.62,0,PAPER,success,rebalance_drop,2026-07-13,ts500-lfr-2026-07-13,trisight_sim,ts500_rebalance_close,2026-08-03T15:50:00-04:00,locked_session_preclose_1545_1555_america_new_york,,,real_daily_close_as_of_price_as_of_date_not_an_intraday_observation,2026-08-03,False
trisight_500_late_failed_recovery_shadow,2026-08-03T15:50:00-04:00,PAPER,SELL,NGNE,NGNE,4.730380157,33.515,158.538690962,33.515,0,PAPER,success,rebalance_drop,2026-07-13,ts500-lfr-2026-07-13,trisight_sim,ts500_rebalance_close,2026-08-03T15:50:00-04:00,locked_session_preclose_1545_1555_america_new_york,,,real_daily_close_as_of_price_as_of_date_not_an_intraday_observation,2026-08-03,False
trisight_500_late_failed_recovery_shadow,2026-08-03T15:50:00-04:00,PAPER,SELL,NTR,NTR,2.66027137428,67.41,179.32889334,67.41,0,PAPER,success,rebalance_drop,2026-07-13,ts500-lfr-2026-07-13,trisight_sim,ts500_rebalance_close,2026-08-03T15:50:00-04:00,locked_session_preclose_1545_1555_america_new_york,,,real_daily_close_as_of_price_as_of_date_not_an_intraday_observation,2026-08-03,False
trisight_500_late_failed_recovery_shadow,2026-08-03T15:50:00-04:00,PAPER,SELL,PRKS,PRKS,3.77973946256,45.255,171.052109378,45.255,0,PAPER,success,rebalance_drop,2026-07-13,ts500-lfr-2026-07-13,trisight_sim,ts500_rebalance_close,2026-08-03T15:50:00-04:00,locked_session_preclose_1545_1555_america_new_york,,,real_daily_close_as_of_price_as_of_date_not_an_intraday_observation,2026-08-03,False
trisight_500_late_failed_recovery_shadow,2026-08-03T15:50:00-04:00,PAPER,SELL,APPF,APPF,1.01776586652,188.765,192.118573795,188.765,0,PAPER,success,rebalance_drop,2026-07-13,ts500-lfr-2026-07-13,trisight_sim,ts500_rebalance_close,2026-08-03T15:50:00-04:00,locked_session_preclose_1545_1555_america_new_york,,,real_daily_close_as_of_price_as_of_date_not_an_intraday_observation,2026-08-03,False
trisight_500_late_failed_recovery_shadow,2026-08-03T15:50:00-04:00,PAPER,SELL,ADUS,ADUS,1.65060626768,115.88,191.272254299,115.88,0,PAPER,success,rebalance_drop,2026-07-13,ts500-lfr-2026-07-13,trisight_sim,ts500_rebalance_close,2026-08-03T15:50:00-04:00,locked_session_preclose_1545_1555_america_new_york,,,real_daily_close_as_of_price_as_of_date_not_an_intraday_observation,2026-08-03,False
trisight_500_late_failed_recovery_shadow,2026-08-03T15:50:00-04:00,PAPER,SELL,DAR,DAR,2.91624472251,60.43,176.228668581,60.43,0,PAPER,success,rebalance_drop,2026-07-13,ts500-lfr-2026-07-13,trisight_sim,ts500_rebalance_close,2026-08-03T15:50:00-04:00,locked_session_preclose_1545_1555_america_new_york,,,real_daily_close_as_of_price_as_of_date_not_an_intraday_observation,2026-08-03,False
trisight_500_late_failed_recovery_shadow,2026-08-03T15:50:00-04:00,PAPER,SELL,ACHC,ACHC,5.7354824186,30.73,176.251374723,30.73,0,PAPER,success,rebalance_drop,2026-07-13,ts500-lfr-2026-07-13,trisight_sim,ts500_rebalance_close,2026-08-03T15:50:00-04:00,locked_session_preclose_1545_1555_america_new_york,,,real_daily_close_as_of_price_as_of_date_not_an_intraday_observation,2026-08-03,False
trisight_500_late_failed_recovery_shadow,2026-08-03T15:50:00-04:00,PAPER,SELL,GRAL,GRAL,2.4972997946,71.23,177.882664369,71.23,0,PAPER,success,rebalance_drop,2026-07-13,ts500-lfr-2026-07-13,trisight_sim,ts500_rebalance_close,2026-08-03T15:50:00-04:00,locked_session_preclose_1545_1555_america_new_york,,,real_daily_close_as_of_price_as_of_date_not_an_intraday_observation,2026-08-03,False
trisight_500_late_failed_recovery_shadow,2026-08-03T15:50:00-04:00,PAPER,SELL,WMG,WMG,6.11817250187,26.12,159.806665749,26.12,0,PAPER,success,rebalance_drop,2026-07-13,ts500-lfr-2026-07-13,trisight_sim,ts500_rebalance_close,2026-08-03T15:50:00-04:00,locked_session_preclose_1545_1555_america_new_york,,,real_daily_close_as_of_price_as_of_date_not_an_intraday_observation,2026-08-03,False
trisight_500_late_failed_recovery_shadow,2026-08-03T15:50:00-04:00,PAPER,SELL,BCO,BCO,1.68408430863,116.71,196.54947966,116.71,0,PAPER,success,rebalance_drop,2026-07-13,ts500-lfr-2026-07-13,trisight_sim,ts500_rebalance_close,2026-08-03T15:50:00-04:00,locked_session_preclose_1545_1555_america_new_york,,,real_daily_close_as_of_price_as_of_date_not_an_intraday_observation,2026-08-03,False
trisight_500_late_failed_recovery_shadow,2026-08-03T15:50:00-04:00,PAPER,SELL,VRNS,VRNS,3.9118580152,41.36,161.794447509,41.36,0,PAPER,success,rebalance_drop,2026-07-13,ts500-lfr-2026-07-13,trisight_sim,ts500_rebalance_close,2026-08-03T15:50:00-04:00,locked_session_preclose_1545_1555_america_new_york,,,real_daily_close_as_of_price_as_of_date_not_an_intraday_observation,2026-08-03,False
trisight_500_late_failed_recovery_shadow,2026-08-03T15:50:00-04:00,PAPER,SELL,SHC,SHC,9.82443730535,18.07,177.527582108,18.07,0,PAPER,success,rebalance_drop,2026-07-13,ts500-lfr-2026-07-13,trisight_sim,ts500_rebalance_close,2026-08-03T15:50:00-04:00,locked_session_preclose_1545_1555_america_new_york,,,real_daily_close_as_of_price_as_of_date_not_an_intraday_observation,2026-08-03,False
trisight_500_late_failed_recovery_shadow,2026-08-03T15:50:00-04:00,PAPER,SELL,LW,LW,3.79326695116,52.985,200.986249407,52.985,0,PAPER,success,rebalance_drop,2026-07-13,ts500-lfr-2026-07-13,trisight_sim,ts500_rebalance_close,2026-08-03T15:50:00-04:00,locked_session_preclose_1545_1555_america_new_york,,,real_daily_close_as_of_price_as_of_date_not_an_intraday_observation,2026-08-03,False
trisight_500_late_failed_recovery_shadow,2026-08-03T15:50:00-04:00,PAPER,SELL,AVO,AVO,13.3863432526,12.815,171.545988782,12.815,0,PAPER,success,rebalance_drop,2026-07-13,ts500-lfr-2026-07-13,trisight_sim,ts500_rebalance_close,2026-08-03T15:50:00-04:00,locked_session_preclose_1545_1555_america_new_york,,,real_daily_close_as_of_price_as_of_date_not_an_intraday_observation,2026-08-03,False
trisight_500_late_failed_recovery_shadow,2026-08-03T15:50:00-04:00,PAPER,SELL,SLDE,SLDE,8.58000858001,20.5785,176.563706564,20.5785,0,PAPER,success,rebalance_drop,2026-07-13,ts500-lfr-2026-07-13,trisight_sim,ts500_rebalance_close,2026-08-03T15:50:00-04:00,locked_session_preclose_1545_1555_america_new_york,,,real_daily_close_as_of_price_as_of_date_not_an_intraday_observation,2026-08-03,False
trisight_500_late_failed_recovery_shadow,2026-08-03T15:50:00-04:00,PAPER,SELL,KOD,KOD,4.45769866849,41.53,185.128225702,41.53,0,PAPER,success,rebalance_drop,2026-07-13,ts500-lfr-2026-07-13,trisight_sim,ts500_rebalance_close,2026-08-03T15:50:00-04:00,locked_session_preclose_1545_1555_america_new_york,,,real_daily_close_as_of_price_as_of_date_not_an_intraday_observation,2026-08-03,False
trisight_500_late_failed_recovery_shadow,2026-08-03T15:50:00-04:00,PAPER,SELL,OXY,OXY,3.34100093047,55.95,186.92900206,55.95,0,PAPER,success,rebalance_drop,2026-07-13,ts500-lfr-2026-07-13,trisight_sim,ts500_rebalance_close,2026-08-03T15:50:00-04:00,locked_session_preclose_1545_1555_america_new_york,,,real_daily_close_as_of_price_as_of_date_not_an_intraday_observation,2026-08-03,False
trisight_500_late_failed_recovery_shadow,2026-08-03T15:50:00-04:00,PAPER,SELL,GIS,GIS,4.8763242268,36,175.547672165,36,0,PAPER,success,rebalance_drop,2026-07-13,ts500-lfr-2026-07-13,trisight_sim,ts500_rebalance_close,2026-08-03T15:50:00-04:00,locked_session_preclose_1545_1555_america_new_york,,,real_daily_close_as_of_price_as_of_date_not_an_intraday_observation,2026-08-03,False
trisight_500_late_failed_recovery_shadow,2026-08-03T15:50:00-04:00,PAPER,SELL,MAX,MAX,13.3516250597,12.925,172.569753896,12.925,0,PAPER,success,rebalance_drop,2026-07-13,ts500-lfr-2026-07-13,trisight_sim,ts500_rebalance_close,2026-08-03T15:50:00-04:00,locked_session_preclose_1545_1555_america_new_york,,,real_daily_close_as_of_price_as_of_date_not_an_intraday_observation,2026-08-03,False
trisight_500_late_failed_recovery_shadow,2026-08-03T15:50:00-04:00,PAPER,SELL,CART,CART,3.70588605883,45.445,168.413991943,45.445,0,PAPER,success,rebalance_drop,2026-07-13,ts500-lfr-2026-07-13,trisight_sim,ts500_rebalance_close,2026-08-03T15:50:00-04:00,locked_session_preclose_1545_1555_america_new_york,,,real_daily_close_as_of_price_as_of_date_not_an_intraday_observation,2026-08-03,False
trisight_500_late_failed_recovery_shadow,2026-08-03T15:50:00-04:00,PAPER,SELL,TECX,TECX,5.20451127037,27.98,145.622225345,27.98,0,PAPER,success,rebalance_drop,2026-07-13,ts500-lfr-2026-07-13,trisight_sim,ts500_rebalance_close,2026-08-03T15:50:00-04:00,locked_session_preclose_1545_1555_america_new_york,,,real_daily_close_as_of_price_as_of_date_not_an_intraday_observation,2026-08-03,False
trisight_500_late_failed_recovery_shadow,2026-08-03T15:50:00-04:00,PAPER,SELL,NESR,NESR,6.29340482641,27.68,174.201445595,27.68,0,PAPER,success,rebalance_drop,2026-07-13,ts500-lfr-2026-07-13,trisight_sim,ts500_rebalance_close,2026-08-03T15:50:00-04:00,locked_session_preclose_1545_1555_america_new_york,,,real_daily_close_as_of_price_as_of_date_not_an_intraday_observation,2026-08-03,False
trisight_500_late_failed_recovery_shadow,2026-08-03T15:50:00-04:00,PAPER,SELL,IPX,IPX,7.30361492421,21.625,157.940672736,21.625,0,PAPER,success,rebalance_drop,2026-07-13,ts500-lfr-2026-07-13,trisight_sim,ts500_rebalance_close,2026-08-03T15:50:00-04:00,locked_session_preclose_1545_1555_america_new_york,,,real_daily_close_as_of_price_as_of_date_not_an_intraday_observation,2026-08-03,False
trisight_500_late_failed_recovery_shadow,2026-08-03T15:50:00-04:00,PAPER,SELL,SMFG,SMFG,6.95542096816,25.17,175.067945769,25.17,0,PAPER,success,rebalance_drop,2026-07-13,ts500-lfr-2026-07-13,trisight_sim,ts500_rebalance_close,2026-08-03T15:50:00-04:00,locked_session_preclose_1545_1555_america_new_york,,,real_daily_close_as_of_price_as_of_date_not_an_intraday_observation,2026-08-03,False
trisight_500_late_failed_recovery_shadow,2026-08-03T15:50:00-04:00,PAPER,SELL,ONC,ONC,0.592775957956,311.045,184.379997842,311.045,0,PAPER,success,rebalance_drop,2026-07-13,ts500-lfr-2026-07-13,trisight_sim,ts500_rebalance_close,2026-08-03T15:50:00-04:00,locked_session_preclose_1545_1555_america_new_york,,,real_daily_close_as_of_price_as_of_date_not_an_intraday_observation,2026-08-03,False
trisight_500_late_failed_recovery_shadow,2026-08-03T15:50:00-04:00,PAPER,SELL,DG,DG,1.45965797294,126.69,184.924068592,126.69,0,PAPER,success,rebalance_drop,2026-07-13,ts500-lfr-2026-07-13,trisight_sim,ts500_rebalance_close,2026-08-03T15:50:00-04:00,locked_session_preclose_1545_1555_america_new_york,,,real_daily_close_as_of_price_as_of_date_not_an_intraday_observation,2026-08-03,False
trisight_500_late_failed_recovery_shadow,2026-08-03T15:50:00-04:00,PAPER,SELL,PAR,PAR,10.3850247942,17.49,181.634083651,17.49,0,PAPER,success,rebalance_drop,2026-07-13,ts500-lfr-2026-07-13,trisight_sim,ts500_rebalance_close,2026-08-03T15:50:00-04:00,locked_session_preclose_1545_1555_america_new_york,,,real_daily_close_as_of_price_as_of_date_not_an_intraday_observation,2026-08-03,False
trisight_500_late_failed_recovery_shadow,2026-08-03T15:50:00-04:00,PAPER,SELL,USFD,USFD,1.77464966197,99.685,176.905951554,99.685,0,PAPER,success,rebalance_drop,2026-07-13,ts500-lfr-2026-07-13,trisight_sim,ts500_rebalance_close,2026-08-03T15:50:00-04:00,locked_session_preclose_1545_1555_america_new_york,,,real_daily_close_as_of_price_as_of_date_not_an_intraday_observation,2026-08-03,False
trisight_500_late_failed_recovery_shadow,2026-08-03T15:50:00-04:00,PAPER,SELL,ALC,ALC,2.61130695913,69.68,181.955868912,69.68,0,PAPER,success,rebalance_drop,2026-07-13,ts500-lfr-2026-07-13,trisight_sim,ts500_rebalance_close,2026-08-03T15:50:00-04:00,locked_session_preclose_1545_1555_america_new_york,,,real_daily_close_as_of_price_as_of_date_not_an_intraday_observation,2026-08-03,False
trisight_500_late_failed_recovery_shadow,2026-08-03T15:50:00-04:00,PAPER,SELL,ELF,ELF,2.35084063122,83.18,195.542923705,83.18,0,PAPER,success,rebalance_drop,2026-07-13,ts500-lfr-2026-07-13,trisight_sim,ts500_rebalance_close,2026-08-03T15:50:00-04:00,locked_session_preclose_1545_1555_america_new_york,,,real_daily_close_as_of_price_as_of_date_not_an_intraday_observation,2026-08-03,False
trisight_500_late_failed_recovery_shadow,2026-08-03T15:50:00-04:00,PAPER,SELL,FTK,FTK,7.11331149547,25.46,181.104910675,25.46,0,PAPER,success,rebalance_drop,2026-07-13,ts500-lfr-2026-07-13,trisight_sim,ts500_rebalance_close,2026-08-03T15:50:00-04:00,locked_session_preclose_1545_1555_america_new_york,,,real_daily_close_as_of_price_as_of_date_not_an_intraday_observation,2026-08-03,False
trisight_500_late_failed_recovery_shadow,2026-08-03T15:50:00-04:00,PAPER,SELL,KIDS,KIDS,8.73812706984,20.9,182.62685576,20.9,0,PAPER,success,rebalance_drop,2026-07-13,ts500-lfr-2026-07-13,trisight_sim,ts500_rebalance_close,2026-08-03T15:50:00-04:00,locked_session_preclose_1545_1555_america_new_york,,,real_daily_close_as_of_price_as_of_date_not_an_intraday_observation,2026-08-03,False
trisight_500_late_failed_recovery_shadow,2026-08-03T15:50:00-04:00,PAPER,SELL,IOT,IOT,4.80993540257,37.87,182.152253695,37.87,0,PAPER,success,rebalance_drop,2026-07-13,ts500-lfr-2026-07-13,trisight_sim,ts500_rebalance_close,2026-08-03T15:50:00-04:00,locked_session_preclose_1545_1555_america_new_york,,,real_daily_close_as_of_price_as_of_date_not_an_intraday_observation,2026-08-03,False
trisight_500_late_failed_recovery_shadow,2026-08-03T15:50:00-04:00,PAPER,SELL,MMYT,MMYT,3.08000308,62.13,191.360591361,62.13,0,PAPER,success,rebalance_drop,2026-07-13,ts500-lfr-2026-07-13,trisight_sim,ts500_rebalance_close,2026-08-03T15:50:00-04:00,locked_session_preclose_1545_1555_america_new_york,,,real_daily_close_as_of_price_as_of_date_not_an_intraday_observation,2026-08-03,False
trisight_500_late_failed_recovery_shadow,2026-08-03T15:50:00-04:00,PAPER,SELL,CVS,CVS,1.70141813201,104.95,178.563832955,104.95,0,PAPER,success,rebalance_drop,2026-07-13,ts500-lfr-2026-07-13,trisight_sim,ts500_rebalance_close,2026-08-03T15:50:00-04:00,locked_session_preclose_1545_1555_america_new_york,,,real_daily_close_as_of_price_as_of_date_not_an_intraday_observation,2026-08-03,False
trisight_500_late_failed_recovery_shadow,2026-08-03T15:50:00-04:00,PAPER,SELL,KTB,KTB,2.11603265038,85.4,180.709188343,85.4,0,PAPER,success,rebalance_drop,2026-07-13,ts500-lfr-2026-07-13,trisight_sim,ts500_rebalance_close,2026-08-03T15:50:00-04:00,locked_session_preclose_1545_1555_america_new_york,,,real_daily_close_as_of_price_as_of_date_not_an_intraday_observation,2026-08-03,False
trisight_500_late_failed_recovery_shadow,2026-08-03T15:50:00-04:00,PAPER,SELL,TIMB,TIMB,8.10162680666,18.83,152.553632769,18.83,0,PAPER,success,rebalance_drop,2026-07-13,ts500-lfr-2026-07-13,trisight_sim,ts500_rebalance_close,2026-08-03T15:50:00-04:00,locked_session_preclose_1545_1555_america_new_york,,,real_daily_close_as_of_price_as_of_date_not_an_intraday_observation,2026-08-03,False
trisight_500_late_failed_recovery_shadow,2026-08-03T15:50:00-04:00,PAPER,SELL,BAX,BAX,7.98317147453,27.635,220.614943699,27.635,0,PAPER,success,rebalance_drop,2026-07-13,ts500-lfr-2026-07-13,trisight_sim,ts500_rebalance_close,2026-08-03T15:50:00-04:00,locked_session_preclose_1545_1555_america_new_york,,,real_daily_close_as_of_price_as_of_date_not_an_intraday_observation,2026-08-03,False
trisight_500_late_failed_recovery_shadow,2026-08-03T15:50:00-04:00,PAPER,SELL,XYL,XYL,1.47852279309,118.26,174.850105511,118.26,0,PAPER,success,rebalance_drop,2026-07-13,ts500-lfr-2026-07-13,trisight_sim,ts500_rebalance_close,2026-08-03T15:50:00-04:00,locked_session_preclose_1545_1555_america_new_york,,,real_daily_close_as_of_price_as_of_date_not_an_intraday_observation,2026-08-03,False
trisight_500_late_failed_recovery_shadow,2026-08-03T15:50:00-04:00,PAPER,SELL,SNOW,SNOW,0.669690318454,313.425,209.897688062,313.425,0,PAPER,success,rebalance_drop,2026-07-13,ts500-lfr-2026-07-13,trisight_sim,ts500_rebalance_close,2026-08-03T15:50:00-04:00,locked_session_preclose_1545_1555_america_new_york,,,real_daily_close_as_of_price_as_of_date_not_an_intraday_observation,2026-08-03,False
trisight_500_late_failed_recovery_shadow,2026-08-03T15:50:00-04:00,PAPER,SELL,KVUE,KVUE,9.36974415914,19.37,181.491944362,19.37,0,PAPER,success,rebalance_drop,2026-07-13,ts500-lfr-2026-07-13,trisight_sim,ts500_rebalance_close,2026-08-03T15:50:00-04:00,locked_session_preclose_1545_1555_america_new_york,,,real_daily_close_as_of_price_as_of_date_not_an_intraday_observation,2026-08-03,False
trisight_500_late_failed_recovery_shadow,2026-08-03T15:50:00-04:00,PAPER,SELL,SHAK,SHAK,2.93931778434,64.77,190.379612892,64.77,0,PAPER,success,rebalance_drop,2026-07-13,ts500-lfr-2026-07-13,trisight_sim,ts500_rebalance_close,2026-08-03T15:50:00-04:00,locked_session_preclose_1545_1555_america_new_york,,,real_daily_close_as_of_price_as_of_date_not_an_intraday_observation,2026-08-03,False
trisight_500_late_failed_recovery_shadow,2026-08-03T15:50:00-04:00,PAPER,SELL,RNR,RNR,0.561904135783,321.85,180.848846102,321.85,0,PAPER,success,rebalance_drop,2026-07-13,ts500-lfr-2026-07-13,trisight_sim,ts500_rebalance_close,2026-08-03T15:50:00-04:00,locked_session_preclose_1545_1555_america_new_york,,,real_daily_close_as_of_price_as_of_date_not_an_intraday_observation,2026-08-03,False
trisight_500_late_failed_recovery_shadow,2026-08-03T15:50:00-04:00,PAPER,SELL,CTVA,CTVA,2.08276708103,78.25,162.976524091,78.25,0,PAPER,success,rebalance_drop,2026-07-13,ts500-lfr-2026-07-13,trisight_sim,ts500_rebalance_close,2026-08-03T15:50:00-04:00,locked_session_preclose_1545_1555_america_new_york,,,real_daily_close_as_of_price_as_of_date_not_an_intraday_observation,2026-08-03,False
trisight_500_late_failed_recovery_shadow,2026-08-03T15:50:00-04:00,PAPER,SELL,CXW,CXW,5.70461232168,30.46,173.762491318,30.46,0,PAPER,success,rebalance_drop,2026-07-13,ts500-lfr-2026-07-13,trisight_sim,ts500_rebalance_close,2026-08-03T15:50:00-04:00,locked_session_preclose_1545_1555_america_new_york,,,real_daily_close_as_of_price_as_of_date_not_an_intraday_observation,2026-08-03,False
trisight_500_late_failed_recovery_shadow,2026-08-03T15:50:00-04:00,PAPER,SELL,AJG,AJG,0.701608894436,248.11,174.076182799,248.11,0,PAPER,success,rebalance_drop,2026-07-13,ts500-lfr-2026-07-13,trisight_sim,ts500_rebalance_close,2026-08-03T15:50:00-04:00,locked_session_preclose_1545_1555_america_new_york,,,real_daily_close_as_of_price_as_of_date_not_an_intraday_observation,2026-08-03,False
trisight_500_late_failed_recovery_shadow,2026-08-03T15:50:00-04:00,PAPER,SELL,RDDT,RDDT,0.891054745958,151.225,134.749753958,151.225,0,PAPER,success,rebalance_drop,2026-07-13,ts500-lfr-2026-07-13,trisight_sim,ts500_rebalance_close,2026-08-03T15:50:00-04:00,locked_session_preclose_1545_1555_america_new_york,,,real_daily_close_as_of_price_as_of_date_not_an_intraday_observation,2026-08-03,False
trisight_500_late_failed_recovery_shadow,2026-08-03T15:50:00-04:00,PAPER,SELL,PRVA,PRVA,6.50469964549,24.035,156.340455979,24.035,0,PAPER,success,rebalance_drop,2026-07-13,ts500-lfr-2026-07-13,trisight_sim,ts500_rebalance_close,2026-08-03T15:50:00-04:00,locked_session_preclose_1545_1555_america_new_york,,,real_daily_close_as_of_price_as_of_date_not_an_intraday_observation,2026-08-03,False
trisight_500_late_failed_recovery_shadow,2026-08-03T15:50:00-04:00,PAPER,SELL,WM,WM,0.762538322317,226.29,172.554796957,226.29,0,PAPER,success,rebalance_drop,2026-07-13,ts500-lfr-2026-07-13,trisight_sim,ts500_rebalance_close,2026-08-03T15:50:00-04:00,locked_session_preclose_1545_1555_america_new_york,,,real_daily_close_as_of_price_as_of_date_not_an_intraday_observation,2026-08-03,False
trisight_500_late_failed_recovery_shadow,2026-08-03T15:50:00-04:00,PAPER,SELL,HNGE,HNGE,2.0047864276,77.11,154.589081432,77.11,0,PAPER,success,rebalance_drop,2026-07-13,ts500-lfr-2026-07-13,trisight_sim,ts500_rebalance_close,2026-08-03T15:50:00-04:00,locked_session_preclose_1545_1555_america_new_york,,,real_daily_close_as_of_price_as_of_date_not_an_intraday_observation,2026-08-03,False
trisight_500_late_failed_recovery_shadow,2026-08-03T15:50:00-04:00,PAPER,SELL,AWR,AWR,2.11677843257,85.855,181.736012328,85.855,0,PAPER,success,rebalance_drop,2026-07-13,ts500-lfr-2026-07-13,trisight_sim,ts500_rebalance_close,2026-08-03T15:50:00-04:00,locked_session_preclose_1545_1555_america_new_york,,,real_daily_close_as_of_price_as_of_date_not_an_intraday_observation,2026-08-03,False
trisight_500_late_failed_recovery_shadow,2026-08-03T15:50:00-04:00,PAPER,SELL,VRSK,VRSK,0.947668333141,193.025,182.923680005,193.025,0,PAPER,success,rebalance_drop,2026-07-13,ts500-lfr-2026-07-13,trisight_sim,ts500_rebalance_close,2026-08-03T15:50:00-04:00,locked_session_preclose_1545_1555_america_new_york,,,real_daily_close_as_of_price_as_of_date_not_an_intraday_observation,2026-08-03,False
trisight_500_late_failed_recovery_shadow,2026-08-03T15:50:00-04:00,PAPER,SELL,EE,EE,4.57136065407,39.14,178.923056,39.14,0,PAPER,success,rebalance_drop,2026-07-13,ts500-lfr-2026-07-13,trisight_sim,ts500_rebalance_close,2026-08-03T15:50:00-04:00,locked_session_preclose_1545_1555_america_new_york,,,real_daily_close_as_of_price_as_of_date_not_an_intraday_observation,2026-08-03,False
trisight_500_late_failed_recovery_shadow,2026-08-03T15:50:00-04:00,PAPER,SELL,CCSI,CCSI,4.78185191561,37.635,179.964996844,37.635,0,PAPER,success,rebalance_drop,2026-07-13,ts500-lfr-2026-07-13,trisight_sim,ts500_rebalance_close,2026-08-03T15:50:00-04:00,locked_session_preclose_1545_1555_america_new_york,,,real_daily_close_as_of_price_as_of_date_not_an_intraday_observation,2026-08-03,False
trisight_500_late_failed_recovery_shadow,2026-08-03T15:50:00-04:00,PAPER,SELL,ANDE,ANDE,2.43981286635,70.17,171.201668832,70.17,0,PAPER,success,rebalance_drop,2026-07-13,ts500-lfr-2026-07-13,trisight_sim,ts500_rebalance_close,2026-08-03T15:50:00-04:00,locked_session_preclose_1545_1555_america_new_york,,,real_daily_close_as_of_price_as_of_date_not_an_intraday_observation,2026-08-03,False
trisight_500_late_failed_recovery_shadow,2026-08-03T15:50:00-04:00,PAPER,SELL,OXM,OXM,4.76037464148,38.78,184.607328597,38.78,0,PAPER,success,rebalance_drop,2026-07-13,ts500-lfr-2026-07-13,trisight_sim,ts500_rebalance_close,2026-08-03T15:50:00-04:00,locked_session_preclose_1545_1555_america_new_york,,,real_daily_close_as_of_price_as_of_date_not_an_intraday_observation,2026-08-03,False
trisight_500_late_failed_recovery_shadow,2026-08-03T15:50:00-04:00,PAPER,SELL,MTB,MTB,0.743133631033,248.21,184.453198559,248.21,0,PAPER,success,rebalance_drop,2026-07-13,ts500-lfr-2026-07-13,trisight_sim,ts500_rebalance_close,2026-08-03T15:50:00-04:00,locked_session_preclose_1545_1555_america_new_york,,,real_daily_close_as_of_price_as_of_date_not_an_intraday_observation,2026-08-03,False
trisight_500_late_failed_recovery_shadow,2026-08-03T15:50:00-04:00,PAPER,SELL,WRB,WRB,2.46653224066,72.36,178.478272934,72.36,0,PAPER,success,rebalance_drop,2026-07-13,ts500-lfr-2026-07-13,trisight_sim,ts500_rebalance_close,2026-08-03T15:50:00-04:00,locked_session_preclose_1545_1555_america_new_york,,,real_daily_close_as_of_price_as_of_date_not_an_intraday_observation,2026-08-03,False
trisight_500_late_failed_recovery_shadow,2026-08-03T15:50:00-04:00,PAPER,SELL,CAG,CAG,12.5342734038,14.75,184.880532707,14.75,0,PAPER,success,rebalance_drop,2026-07-13,ts500-lfr-2026-07-13,trisight_sim,ts500_rebalance_close,2026-08-03T15:50:00-04:00,locked_session_preclose_1545_1555_america_new_york,,,real_daily_close_as_of_price_as_of_date_not_an_intraday_observation,2026-08-03,False
trisight_500_late_failed_recovery_shadow,2026-08-03T15:50:00-04:00,PAPER,SELL,AHR,AHR,3.31762438189,54.995,182.452752882,54.995,0,PAPER,success,rebalance_drop,2026-07-13,ts500-lfr-2026-07-13,trisight_sim,ts500_rebalance_close,2026-08-03T15:50:00-04:00,locked_session_preclose_1545_1555_america_new_york,,,real_daily_close_as_of_price_as_of_date_not_an_intraday_observation,2026-08-03,False
trisight_500_late_failed_recovery_shadow,2026-08-03T15:50:00-04:00,PAPER,SELL,YUM,YUM,1.10299764427,150.82,166.354104709,150.82,0,PAPER,success,rebalance_drop,2026-07-13,ts500-lfr-2026-07-13,trisight_sim,ts500_rebalance_close,2026-08-03T15:50:00-04:00,locked_session_preclose_1545_1555_america_new_york,,,real_daily_close_as_of_price_as_of_date_not_an_intraday_observation,2026-08-03,False
trisight_500_late_failed_recovery_shadow,2026-08-03T15:50:00-04:00,PAPER,SELL,ESS,ESS,0.605240779913,284.81,172.378626527,284.81,0,PAPER,success,rebalance_drop,2026-07-13,ts500-lfr-2026-07-13,trisight_sim,ts500_rebalance_close,2026-08-03T15:50:00-04:00,locked_session_preclose_1545_1555_america_new_york,,,real_daily_close_as_of_price_as_of_date_not_an_intraday_observation,2026-08-03,False
trisight_500_late_failed_recovery_shadow,2026-08-03T15:50:00-04:00,PAPER,SELL,LYB,LYB,3.09162972169,61.86,191.248214584,61.86,0,PAPER,success,rebalance_drop,2026-07-13,ts500-lfr-2026-07-13,trisight_sim,ts500_rebalance_close,2026-08-03T15:50:00-04:00,locked_session_preclose_1545_1555_america_new_york,,,real_daily_close_as_of_price_as_of_date_not_an_intraday_observation,2026-08-03,False
trisight_500_late_failed_recovery_shadow,2026-08-03T15:50:00-04:00,PAPER,SELL,NCNO,NCNO,10.51839931,19.03,200.165138869,19.03,0,PAPER,success,rebalance_drop,2026-07-13,ts500-lfr-2026-07-13,trisight_sim,ts500_rebalance_close,2026-08-03T15:50:00-04:00,locked_session_preclose_1545_1555_america_new_york,,,real_daily_close_as_of_price_as_of_date_not_an_intraday_observation,2026-08-03,False
trisight_500_late_failed_recovery_shadow,2026-08-03T15:50:00-04:00,PAPER,SELL,NTRS,NTRS,0.978681622879,181.25,177.386044147,181.25,0,PAPER,success,rebalance_drop,2026-07-13,ts500-lfr-2026-07-13,trisight_sim,ts500_rebalance_close,2026-08-03T15:50:00-04:00,locked_session_preclose_1545_1555_america_new_york,,,real_daily_close_as_of_price_as_of_date_not_an_intraday_observation,2026-08-03,False
trisight_500_late_failed_recovery_shadow,2026-08-03T15:50:00-04:00,PAPER,SELL,FFBC,FFBC,5.23019390944,34.2,178.872631703,34.2,0,PAPER,success,rebalance_drop,2026-07-13,ts500-lfr-2026-07-13,trisight_sim,ts500_rebalance_close,2026-08-03T15:50:00-04:00,locked_session_preclose_1545_1555_america_new_york,,,real_daily_close_as_of_price_as_of_date_not_an_intraday_observation,2026-08-03,False
trisight_500_late_failed_recovery_shadow,2026-08-03T15:50:00-04:00,PAPER,SELL,TFC,TFC,3.46833840578,51.41,178.307277441,51.41,0,PAPER,success,rebalance_drop,2026-07-13,ts500-lfr-2026-07-13,trisight_sim,ts500_rebalance_close,2026-08-03T15:50:00-04:00,locked_session_preclose_1545_1555_america_new_york,,,real_daily_close_as_of_price_as_of_date_not_an_intraday_observation,2026-08-03,False
trisight_500_late_failed_recovery_shadow,2026-08-03T15:50:00-04:00,PAPER,SELL,CASY,CASY,0.209731323688,860.31,180.433955082,860.31,0,PAPER,success,rebalance_drop,2026-07-13,ts500-lfr-2026-07-13,trisight_sim,ts500_rebalance_close,2026-08-03T15:50:00-04:00,locked_session_preclose_1545_1555_america_new_york,,,real_daily_close_as_of_price_as_of_date_not_an_intraday_observation,2026-08-03,False
trisight_500_late_failed_recovery_shadow,2026-08-03T15:50:00-04:00,PAPER,SELL,NJR,NJR,3.03793930501,58.36,177.29413784,58.36,0,PAPER,success,rebalance_drop,2026-07-13,ts500-lfr-2026-07-13,trisight_sim,ts500_rebalance_close,2026-08-03T15:50:00-04:00,locked_session_preclose_1545_1555_america_new_york,,,real_daily_close_as_of_price_as_of_date_not_an_intraday_observation,2026-08-03,False
trisight_500_late_failed_recovery_shadow,2026-08-03T15:50:00-04:00,PAPER,SELL,AAPL,AAPL,0.565262616489,304.34,172.032024702,304.34,0,PAPER,success,rebalance_drop,2026-07-13,ts500-lfr-2026-07-13,trisight_sim,ts500_rebalance_close,2026-08-03T15:50:00-04:00,locked_session_preclose_1545_1555_america_new_york,,,real_daily_close_as_of_price_as_of_date_not_an_intraday_observation,2026-08-03,False
trisight_500_late_failed_recovery_shadow,2026-08-03T15:50:00-04:00,PAPER,SELL,SYY,SYY,2.14054268108,83.93,179.655747223,83.93,0,PAPER,success,rebalance_drop,2026-07-13,ts500-lfr-2026-07-13,trisight_sim,ts500_rebalance_close,2026-08-03T15:50:00-04:00,locked_session_preclose_1545_1555_america_new_york,,,real_daily_close_as_of_price_as_of_date_not_an_intraday_observation,2026-08-03,False
trisight_500_late_failed_recovery_shadow,2026-08-03T15:50:00-04:00,PAPER,SELL,PAG,PAG,0.926960065749,216.81,200.974211855,216.81,0,PAPER,success,rebalance_drop,2026-07-13,ts500-lfr-2026-07-13,trisight_sim,ts500_rebalance_close,2026-08-03T15:50:00-04:00,locked_session_preclose_1545_1555_america_new_york,,,real_daily_close_as_of_price_as_of_date_not_an_intraday_observation,2026-08-03,False
trisight_500_late_failed_recovery_shadow,2026-08-03T15:50:00-04:00,PAPER,SELL,HSIC,HSIC,2.11156896965,86.55,182.756294323,86.55,0,PAPER,success,rebalance_drop,2026-07-13,ts500-lfr-2026-07-13,trisight_sim,ts500_rebalance_close,2026-08-03T15:50:00-04:00,locked_session_preclose_1545_1555_america_new_york,,,real_daily_close_as_of_price_as_of_date_not_an_intraday_observation,2026-08-03,False
trisight_500_late_failed_recovery_shadow,2026-08-03T15:50:00-04:00,PAPER,SELL,TDW,TDW,2.43108925562,73.385,178.405485024,73.385,0,PAPER,success,rebalance_drop,2026-07-13,ts500-lfr-2026-07-13,trisight_sim,ts500_rebalance_close,2026-08-03T15:50:00-04:00,locked_session_preclose_1545_1555_america_new_york,,,real_daily_close_as_of_price_as_of_date_not_an_intraday_observation,2026-08-03,False
trisight_500_late_failed_recovery_shadow,2026-08-03T15:50:00-04:00,PAPER,SELL,COR,COR,0.592581004342,312.155,184.97712341,312.155,0,PAPER,success,rebalance_drop,2026-07-13,ts500-lfr-2026-07-13,trisight_sim,ts500_rebalance_close,2026-08-03T15:50:00-04:00,locked_session_preclose_1545_1555_america_new_york,,,real_daily_close_as_of_price_as_of_date_not_an_intraday_observation,2026-08-03,False
trisight_500_late_failed_recovery_shadow,2026-08-03T15:50:00-04:00,PAPER,SELL,GGAL,GGAL,3.41768171814,50.58,172.866341303,50.58,0,PAPER,success,rebalance_drop,2026-07-13,ts500-lfr-2026-07-13,trisight_sim,ts500_rebalance_close,2026-08-03T15:50:00-04:00,locked_session_preclose_1545_1555_america_new_york,,,real_daily_close_as_of_price_as_of_date_not_an_intraday_observation,2026-08-03,False
trisight_500_late_failed_recovery_shadow,2026-08-03T15:50:00-04:00,PAPER,SELL,EXEL,EXEL,3.21520664133,53.8,172.978117304,53.8,0,PAPER,success,rebalance_drop,2026-07-13,ts500-lfr-2026-07-13,trisight_sim,ts500_rebalance_close,2026-08-03T15:50:00-04:00,locked_session_preclose_1545_1555_america_new_york,,,real_daily_close_as_of_price_as_of_date_not_an_intraday_observation,2026-08-03,False
trisight_500_late_failed_recovery_shadow,2026-08-03T15:50:00-04:00,PAPER,SELL,SIGI,SIGI,1.85838977031,95.45,177.383303576,95.45,0,PAPER,success,rebalance_drop,2026-07-13,ts500-lfr-2026-07-13,trisight_sim,ts500_rebalance_close,2026-08-03T15:50:00-04:00,locked_session_preclose_1545_1555_america_new_york,,,real_daily_close_as_of_price_as_of_date_not_an_intraday_observation,2026-08-03,False
trisight_500_late_failed_recovery_shadow,2026-08-03T15:50:00-04:00,PAPER,SELL,OC,OC,1.26932145248,142.31,180.637135903,142.31,0,PAPER,success,rebalance_drop,2026-07-13,ts500-lfr-2026-07-13,trisight_sim,ts500_rebalance_close,2026-08-03T15:50:00-04:00,locked_session_preclose_1545_1555_america_new_york,,,real_daily_close_as_of_price_as_of_date_not_an_intraday_observation,2026-08-03,False
trisight_500_late_failed_recovery_shadow,2026-08-03T15:50:00-04:00,PAPER,SELL,APGE,APGE,1.34754453803,134.105,180.712460273,134.105,0,PAPER,success,rebalance_drop,2026-07-13,ts500-lfr-2026-07-13,trisight_sim,ts500_rebalance_close,2026-08-03T15:50:00-04:00,locked_session_preclose_1545_1555_america_new_york,,,real_daily_close_as_of_price_as_of_date_not_an_intraday_observation,2026-08-03,False
trisight_500_late_failed_recovery_shadow,2026-08-03T15:50:00-04:00,PAPER,SELL,EVER,EVER,7.28000728001,25.47,185.421785422,25.47,0,PAPER,success,rebalance_drop,2026-07-13,ts500-lfr-2026-07-13,trisight_sim,ts500_rebalance_close,2026-08-03T15:50:00-04:00,locked_session_preclose_1545_1555_america_new_york,,,real_daily_close_as_of_price_as_of_date_not_an_intraday_observation,2026-08-03,False
trisight_500_late_failed_recovery_shadow,2026-08-03T15:50:00-04:00,PAPER,SELL,TRNO,TRNO,2.56575550274,71.25,182.81007957,71.25,0,PAPER,success,rebalance_drop,2026-07-13,ts500-lfr-2026-07-13,trisight_sim,ts500_rebalance_close,2026-08-03T15:50:00-04:00,locked_session_preclose_1545_1555_america_new_york,,,real_daily_close_as_of_price_as_of_date_not_an_intraday_observation,2026-08-03,False
trisight_500_late_failed_recovery_shadow,2026-08-03T15:50:00-04:00,PAPER,SELL,GLBE,GLBE,4.68122058145,39.8,186.312579142,39.8,0,PAPER,success,rebalance_drop,2026-07-13,ts500-lfr-2026-07-13,trisight_sim,ts500_rebalance_close,2026-08-03T15:50:00-04:00,locked_session_preclose_1545_1555_america_new_york,,,real_daily_close_as_of_price_as_of_date_not_an_intraday_observation,2026-08-03,False
trisight_500_late_failed_recovery_shadow,2026-08-03T15:50:00-04:00,PAPER,SELL,LNG,LNG,0.686636104494,260.1196,178.607508846,260.1196,0,PAPER,success,rebalance_drop,2026-07-13,ts500-lfr-2026-07-13,trisight_sim,ts500_rebalance_close,2026-08-03T15:50:00-04:00,locked_session_preclose_1545_1555_america_new_york,,,real_daily_close_as_of_price_as_of_date_not_an_intraday_observation,2026-08-03,False
trisight_500_late_failed_recovery_shadow,2026-08-03T15:50:00-04:00,PAPER,SELL,PYPL,PYPL,3.86155551179,57.68,222.73452192,57.68,0,PAPER,success,rebalance_drop,2026-07-13,ts500-lfr-2026-07-13,trisight_sim,ts500_rebalance_close,2026-08-03T15:50:00-04:00,locked_session_preclose_1545_1555_america_new_york,,,real_daily_close_as_of_price_as_of_date_not_an_intraday_observation,2026-08-03,False
trisight_500_late_failed_recovery_shadow,2026-08-03T15:50:00-04:00,PAPER,SELL,MAIN,MAIN,3.41185722742,55.46,189.221601833,55.46,0,PAPER,success,rebalance_drop,2026-07-13,ts500-lfr-2026-07-13,trisight_sim,ts500_rebalance_close,2026-08-03T15:50:00-04:00,locked_session_preclose_1545_1555_america_new_york,,,real_daily_close_as_of_price_as_of_date_not_an_intraday_observation,2026-08-03,False
trisight_500_late_failed_recovery_shadow,2026-08-03T15:50:00-04:00,PAPER,SELL,RELX,RELX,5.47410542853,35.77,195.808751179,35.77,0,PAPER,success,rebalance_drop,2026-07-13,ts500-lfr-2026-07-13,trisight_sim,ts500_rebalance_close,2026-08-03T15:50:00-04:00,locked_session_preclose_1545_1555_america_new_york,,,real_daily_close_as_of_price_as_of_date_not_an_intraday_observation,2026-08-03,False
trisight_500_late_failed_recovery_shadow,2026-08-03T15:50:00-04:00,PAPER,SELL,CTAS,CTAS,0.988426025455,205.23,202.854673204,205.23,0,PAPER,success,rebalance_drop,2026-07-13,ts500-lfr-2026-07-13,trisight_sim,ts500_rebalance_close,2026-08-03T15:50:00-04:00,locked_session_preclose_1545_1555_america_new_york,,,real_daily_close_as_of_price_as_of_date_not_an_intraday_observation,2026-08-03,False
trisight_500_late_failed_recovery_shadow,2026-08-03T15:50:00-04:00,PAPER,SELL,O,O,2.8078569453,63.28,177.681187499,63.28,0,PAPER,success,rebalance_drop,2026-07-13,ts500-lfr-2026-07-13,trisight_sim,ts500_rebalance_close,2026-08-03T15:50:00-04:00,locked_session_preclose_1545_1555_america_new_york,,,real_daily_close_as_of_price_as_of_date_not_an_intraday_observation,2026-08-03,False
trisight_500_late_failed_recovery_shadow,2026-08-03T15:50:00-04:00,PAPER,SELL,MSM,MSM,1.44051950896,125.295,180.489891875,125.295,0,PAPER,success,rebalance_drop,2026-07-13,ts500-lfr-2026-07-13,trisight_sim,ts500_rebalance_close,2026-08-03T15:50:00-04:00,locked_session_preclose_1545_1555_america_new_york,,,real_daily_close_as_of_price_as_of_date_not_an_intraday_observation,2026-08-03,False
trisight_500_late_failed_recovery_shadow,2026-08-03T15:50:00-04:00,PAPER,SELL,SHOP,SHOP,1.45412137987,117.67,171.10646277,117.67,0,PAPER,success,rebalance_drop,2026-07-13,ts500-lfr-2026-07-13,trisight_sim,ts500_rebalance_close,2026-08-03T15:50:00-04:00,locked_session_preclose_1545_1555_america_new_york,,,real_daily_close_as_of_price_as_of_date_not_an_intraday_observation,2026-08-03,False
trisight_500_late_failed_recovery_shadow,2026-08-03T15:50:00-04:00,PAPER,SELL,DLX,DLX,7.230344309,26.7,193.05019305,26.7,0,PAPER,success,rebalance_drop,2026-07-13,ts500-lfr-2026-07-13,trisight_sim,ts500_rebalance_close,2026-08-03T15:50:00-04:00,locked_session_preclose_1545_1555_america_new_york,,,real_daily_close_as_of_price_as_of_date_not_an_intraday_observation,2026-08-03,False
trisight_500_late_failed_recovery_shadow,2026-08-03T15:50:00-04:00,PAPER,SELL,AES,AES,12.2073292805,14.71,179.569813716,14.71,0,PAPER,success,rebalance_drop,2026-07-13,ts500-lfr-2026-07-13,trisight_sim,ts500_rebalance_close,2026-08-03T15:50:00-04:00,locked_session_preclose_1545_1555_america_new_york,,,real_daily_close_as_of_price_as_of_date_not_an_intraday_observation,2026-08-03,False
trisight_500_late_failed_recovery_shadow,2026-08-03T15:50:00-04:00,PAPER,SELL,UBS,UBS,3.46967418025,52.55,182.331378172,52.55,0,PAPER,success,rebalance_drop,2026-07-13,ts500-lfr-2026-07-13,trisight_sim,ts500_rebalance_close,2026-08-03T15:50:00-04:00,locked_session_preclose_1545_1555_america_new_york,,,real_daily_close_as_of_price_as_of_date_not_an_intraday_observation,2026-08-03,False
trisight_500_late_failed_recovery_shadow,2026-08-03T15:50:00-04:00,PAPER,SELL,PRDO,PRDO,4.97666565889,32.04,159.452367711,32.04,0,PAPER,success,rebalance_drop,2026-07-13,ts500-lfr-2026-07-13,trisight_sim,ts500_rebalance_close,2026-08-03T15:50:00-04:00,locked_session_preclose_1545_1555_america_new_york,,,real_daily_close_as_of_price_as_of_date_not_an_intraday_observation,2026-08-03,False
trisight_500_late_failed_recovery_shadow,2026-08-03T15:50:00-04:00,PAPER,SELL,ET,ET,8.92865114867,20.4,182.144483433,20.4,0,PAPER,success,rebalance_drop,2026-07-13,ts500-lfr-2026-07-13,trisight_sim,ts500_rebalance_close,2026-08-03T15:50:00-04:00,locked_session_preclose_1545_1555_america_new_york,,,real_daily_close_as_of_price_as_of_date_not_an_intraday_observation,2026-08-03,False
trisight_500_late_failed_recovery_shadow,2026-08-03T15:50:00-04:00,PAPER,SELL,EFX,EFX,1.05547525148,175.175,184.892877178,175.175,0,PAPER,success,rebalance_drop,2026-07-13,ts500-lfr-2026-07-13,trisight_sim,ts500_rebalance_close,2026-08-03T15:50:00-04:00,locked_session_preclose_1545_1555_america_new_york,,,real_daily_close_as_of_price_as_of_date_not_an_intraday_observation,2026-08-03,False
trisight_500_late_failed_recovery_shadow,2026-08-03T15:50:00-04:00,PAPER,SELL,RF,RF,5.82447648877,31.26,182.073135039,31.26,0,PAPER,success,rebalance_drop,2026-07-13,ts500-lfr-2026-07-13,trisight_sim,ts500_rebalance_close,2026-08-03T15:50:00-04:00,locked_session_preclose_1545_1555_america_new_york,,,real_daily_close_as_of_price_as_of_date_not_an_intraday_observation,2026-08-03,False
trisight_500_late_failed_recovery_shadow,2026-08-03T15:50:00-04:00,PAPER,SELL,FHN,FHN,6.97831836484,25.75,179.691697895,25.75,0,PAPER,success,rebalance_drop,2026-07-13,ts500-lfr-2026-07-13,trisight_sim,ts500_rebalance_close,2026-08-03T15:50:00-04:00,locked_session_preclose_1545_1555_america_new_york,,,real_daily_close_as_of_price_as_of_date_not_an_intraday_observation,2026-08-03,False
trisight_500_late_failed_recovery_shadow,2026-08-03T15:50:00-04:00,PAPER,SELL,SOFI,SOFI,9.93823387646,17.435,173.273107636,17.435,0,PAPER,success,rebalance_drop,2026-07-13,ts500-lfr-2026-07-13,trisight_sim,ts500_rebalance_close,2026-08-03T15:50:00-04:00,locked_session_preclose_1545_1555_america_new_york,,,real_daily_close_as_of_price_as_of_date_not_an_intraday_observation,2026-08-03,False
trisight_500_late_failed_recovery_shadow,2026-08-03T15:50:00-04:00,PAPER,SELL,SLF,SLF,2.29616643533,82.97,190.512929139,82.97,0,PAPER,success,rebalance_drop,2026-07-13,ts500-lfr-2026-07-13,trisight_sim,ts500_rebalance_close,2026-08-03T15:50:00-04:00,locked_session_preclose_1545_1555_america_new_york,,,real_daily_close_as_of_price_as_of_date_not_an_intraday_observation,2026-08-03,False
trisight_500_late_failed_recovery_shadow,2026-08-03T15:50:00-04:00,PAPER,SELL,SLGN,SLGN,3.99158573727,40.48,161.579390645,40.48,0,PAPER,success,rebalance_drop,2026-07-13,ts500-lfr-2026-07-13,trisight_sim,ts500_rebalance_close,2026-08-03T15:50:00-04:00,locked_session_preclose_1545_1555_america_new_york,,,real_daily_close_as_of_price_as_of_date_not_an_intraday_observation,2026-08-03,False
trisight_500_late_failed_recovery_shadow,2026-08-03T15:50:00-04:00,PAPER,SELL,HUBG,HUBG,3.80850095498,45.795,174.410301233,45.795,0,PAPER,success,rebalance_drop,2026-07-13,ts500-lfr-2026-07-13,trisight_sim,ts500_rebalance_close,2026-08-03T15:50:00-04:00,locked_session_preclose_1545_1555_america_new_york,,,real_daily_close_as_of_price_as_of_date_not_an_intraday_observation,2026-08-03,False
trisight_500_late_failed_recovery_shadow,2026-08-03T15:50:00-04:00,PAPER,SELL,MMSI,MMSI,2.45510533016,85.84,210.746241541,85.84,0,PAPER,success,rebalance_drop,2026-07-13,ts500-lfr-2026-07-13,trisight_sim,ts500_rebalance_close,2026-08-03T15:50:00-04:00,locked_session_preclose_1545_1555_america_new_york,,,real_daily_close_as_of_price_as_of_date_not_an_intraday_observation,2026-08-03,False
trisight_500_late_failed_recovery_shadow,2026-08-03T15:50:00-04:00,PAPER,SELL,PUK,PUK,6.34437254156,30.12,191.092500952,30.12,0,PAPER,success,rebalance_drop,2026-07-13,ts500-lfr-2026-07-13,trisight_sim,ts500_rebalance_close,2026-08-03T15:50:00-04:00,locked_session_preclose_1545_1555_america_new_york,,,real_daily_close_as_of_price_as_of_date_not_an_intraday_observation,2026-08-03,False
trisight_500_late_failed_recovery_shadow,2026-08-03T15:50:00-04:00,PAPER,SELL,SU,SU,2.96008181666,66.594,197.123688499,66.594,0,PAPER,success,rebalance_drop,2026-07-13,ts500-lfr-2026-07-13,trisight_sim,ts500_rebalance_close,2026-08-03T15:50:00-04:00,locked_session_preclose_1545_1555_america_new_york,,,real_daily_close_as_of_price_as_of_date_not_an_intraday_observation,2026-08-03,False
trisight_500_late_failed_recovery_shadow,2026-08-03T15:50:00-04:00,PAPER,SELL,CMRE,CMRE,11.6245277536,15.42,179.25021796,15.42,0,PAPER,success,rebalance_drop,2026-07-13,ts500-lfr-2026-07-13,trisight_sim,ts500_rebalance_close,2026-08-03T15:50:00-04:00,locked_session_preclose_1545_1555_america_new_york,,,real_daily_close_as_of_price_as_of_date_not_an_intraday_observation,2026-08-03,False
trisight_500_late_failed_recovery_shadow,2026-08-03T15:50:00-04:00,PAPER,SELL,USNA,USNA,8.17329009663,22.8299,186.595395577,22.8299,0,PAPER,success,rebalance_drop,2026-07-13,ts500-lfr-2026-07-13,trisight_sim,ts500_rebalance_close,2026-08-03T15:50:00-04:00,locked_session_preclose_1545_1555_america_new_york,,,real_daily_close_as_of_price_as_of_date_not_an_intraday_observation,2026-08-03,False
trisight_500_late_failed_recovery_shadow,2026-08-03T15:50:00-04:00,PAPER,SELL,PFG,PFG,1.5859535268,115.34,182.923879782,115.34,0,PAPER,success,rebalance_drop,2026-07-13,ts500-lfr-2026-07-13,trisight_sim,ts500_rebalance_close,2026-08-03T15:50:00-04:00,locked_session_preclose_1545_1555_america_new_york,,,real_daily_close_as_of_price_as_of_date_not_an_intraday_observation,2026-08-03,False
trisight_500_late_failed_recovery_shadow,2026-08-03T15:50:00-04:00,PAPER,SELL,BHF,BHF,2.72422407288,62.55,170.400215759,62.55,0,PAPER,success,rebalance_drop,2026-07-13,ts500-lfr-2026-07-13,trisight_sim,ts500_rebalance_close,2026-08-03T15:50:00-04:00,locked_session_preclose_1545_1555_america_new_york,,,real_daily_close_as_of_price_as_of_date_not_an_intraday_observation,2026-08-03,False
trisight_500_late_failed_recovery_shadow,2026-08-03T15:50:00-04:00,PAPER,SELL,IRS,IRS,11.6737079555,15.35,179.191417116,15.35,0,PAPER,success,rebalance_drop,2026-07-13,ts500-lfr-2026-07-13,trisight_sim,ts500_rebalance_close,2026-08-03T15:50:00-04:00,locked_session_preclose_1545_1555_america_new_york,,,real_daily_close_as_of_price_as_of_date_not_an_intraday_observation,2026-08-03,False
trisight_500_late_failed_recovery_shadow,2026-08-03T15:50:00-04:00,PAPER,SELL,ALRM,ALRM,3.50408751809,56.1,196.579309765,56.1,0,PAPER,success,rebalance_drop,2026-07-13,ts500-lfr-2026-07-13,trisight_sim,ts500_rebalance_close,2026-08-03T15:50:00-04:00,locked_session_preclose_1545_1555_america_new_york,,,real_daily_close_as_of_price_as_of_date_not_an_intraday_observation,2026-08-03,False
trisight_500_late_failed_recovery_shadow,2026-08-03T15:50:00-04:00,PAPER,SELL,PRI,PRI,0.585532887626,320.755,187.81260137,320.755,0,PAPER,success,rebalance_drop,2026-07-13,ts500-lfr-2026-07-13,trisight_sim,ts500_rebalance_close,2026-08-03T15:50:00-04:00,locked_session_preclose_1545_1555_america_new_york,,,real_daily_close_as_of_price_as_of_date_not_an_intraday_observation,2026-08-03,False
trisight_500_late_failed_recovery_shadow,2026-08-03T15:50:00-04:00,PAPER,SELL,TRV,TRV,0.527598548154,374.27,197.464308618,374.27,0,PAPER,success,rebalance_drop,2026-07-13,ts500-lfr-2026-07-13,trisight_sim,ts500_rebalance_close,2026-08-03T15:50:00-04:00,locked_session_preclose_1545_1555_america_new_york,,,real_daily_close_as_of_price_as_of_date_not_an_intraday_observation,2026-08-03,False
trisight_500_late_failed_recovery_shadow,2026-08-03T15:50:00-04:00,PAPER,SELL,NWS,NWS,5.74279458742,31.65,181.759448692,31.65,0,PAPER,success,rebalance_drop,2026-07-13,ts500-lfr-2026-07-13,trisight_sim,ts500_rebalance_close,2026-08-03T15:50:00-04:00,locked_session_preclose_1545_1555_america_new_york,,,real_daily_close_as_of_price_as_of_date_not_an_intraday_observation,2026-08-03,False
trisight_500_late_failed_recovery_shadow,2026-08-03T15:50:00-04:00,PAPER,SELL,TTD,TTD,8.8811208685,18.565,164.878008924,18.565,0,PAPER,success,rebalance_drop,2026-07-13,ts500-lfr-2026-07-13,trisight_sim,ts500_rebalance_close,2026-08-03T15:50:00-04:00,locked_session_preclose_1545_1555_america_new_york,,,real_daily_close_as_of_price_as_of_date_not_an_intraday_observation,2026-08-03,False
trisight_500_late_failed_recovery_shadow,2026-08-03T15:50:00-04:00,PAPER,SELL,BNL,BNL,8.18628715039,21.33,174.613504918,21.33,0,PAPER,success,rebalance_drop,2026-07-13,ts500-lfr-2026-07-13,trisight_sim,ts500_rebalance_close,2026-08-03T15:50:00-04:00,locked_session_preclose_1545_1555_america_new_york,,,real_daily_close_as_of_price_as_of_date_not_an_intraday_observation,2026-08-03,False
trisight_500_late_failed_recovery_shadow,2026-08-03T15:50:00-04:00,PAPER,SELL,ACGL,ACGL,1.74830370833,100.8,176.229013799,100.8,0,PAPER,success,rebalance_drop,2026-07-13,ts500-lfr-2026-07-13,trisight_sim,ts500_rebalance_close,2026-08-03T15:50:00-04:00,locked_session_preclose_1545_1555_america_new_york,,,real_daily_close_as_of_price_as_of_date_not_an_intraday_observation,2026-08-03,False
trisight_500_late_failed_recovery_shadow,2026-08-03T15:50:00-04:00,PAPER,SELL,BRC,BRC,1.98422939162,96.034,190.553485395,96.034,0,PAPER,success,rebalance_drop,2026-07-13,ts500-lfr-2026-07-13,trisight_sim,ts500_rebalance_close,2026-08-03T15:50:00-04:00,locked_session_preclose_1545_1555_america_new_york,,,real_daily_close_as_of_price_as_of_date_not_an_intraday_observation,2026-08-03,False
trisight_500_late_failed_recovery_shadow,2026-08-03T15:50:00-04:00,PAPER,SELL,CON,CON,5.69829791841,31.895,181.747212108,31.895,0,PAPER,success,rebalance_drop,2026-07-13,ts500-lfr-2026-07-13,trisight_sim,ts500_rebalance_close,2026-08-03T15:50:00-04:00,locked_session_preclose_1545_1555_america_new_york,,,real_daily_close_as_of_price_as_of_date_not_an_intraday_observation,2026-08-03,False
trisight_500_late_failed_recovery_shadow,2026-08-03T15:50:00-04:00,PAPER,SELL,DAL,DAL,2.09049982806,91.28,190.820824305,91.28,0,PAPER,success,rebalance_drop,2026-07-13,ts500-lfr-2026-07-13,trisight_sim,ts500_rebalance_close,2026-08-03T15:50:00-04:00,locked_session_preclose_1545_1555_america_new_york,,,real_daily_close_as_of_price_as_of_date_not_an_intraday_observation,2026-08-03,False
trisight_500_late_failed_recovery_shadow,2026-08-03T15:50:00-04:00,PAPER,SELL,AFG,AFG,1.25692487046,142.155,178.67815496,142.155,0,PAPER,success,rebalance_drop,2026-07-13,ts500-lfr-2026-07-13,trisight_sim,ts500_rebalance_close,2026-08-03T15:50:00-04:00,locked_session_preclose_1545_1555_america_new_york,,,real_daily_close_as_of_price_as_of_date_not_an_intraday_observation,2026-08-03,False
trisight_500_late_failed_recovery_shadow,2026-08-03T15:50:00-04:00,PAPER,SELL,NWSA,NWSA,6.47431477471,27.83,180.18018018,27.83,0,PAPER,success,rebalance_drop,2026-07-13,ts500-lfr-2026-07-13,trisight_sim,ts500_rebalance_close,2026-08-03T15:50:00-04:00,locked_session_preclose_1545_1555_america_new_york,,,real_daily_close_as_of_price_as_of_date_not_an_intraday_observation,2026-08-03,False
trisight_500_late_failed_recovery_shadow,2026-08-03T15:50:00-04:00,PAPER,SELL,INFY,INFY,15.6678417548,12.305,192.792792793,12.305,0,PAPER,success,rebalance_drop,2026-07-13,ts500-lfr-2026-07-13,trisight_sim,ts500_rebalance_close,2026-08-03T15:50:00-04:00,locked_session_preclose_1545_1555_america_new_york,,,real_daily_close_as_of_price_as_of_date_not_an_intraday_observation,2026-08-03,False
trisight_500_late_failed_recovery_shadow,2026-08-03T15:50:00-04:00,PAPER,SELL,MCO,MCO,0.363728486142,478.63,174.091365322,478.63,0,PAPER,success,rebalance_drop,2026-07-13,ts500-lfr-2026-07-13,trisight_sim,ts500_rebalance_close,2026-08-03T15:50:00-04:00,locked_session_preclose_1545_1555_america_new_york,,,real_daily_close_as_of_price_as_of_date_not_an_intraday_observation,2026-08-03,False
trisight_500_late_failed_recovery_shadow,2026-08-03T15:50:00-04:00,PAPER,SELL,REYN,REYN,6.7915635198,25.12,170.604075617,25.12,0,PAPER,success,rebalance_drop,2026-07-13,ts500-lfr-2026-07-13,trisight_sim,ts500_rebalance_close,2026-08-03T15:50:00-04:00,locked_session_preclose_1545_1555_america_new_york,,,real_daily_close_as_of_price_as_of_date_not_an_intraday_observation,2026-08-03,False
trisight_500_late_failed_recovery_shadow,2026-08-03T15:50:00-04:00,PAPER,SELL,OSPN,OSPN,11.8150937823,15.82,186.914783636,15.82,0,PAPER,success,rebalance_drop,2026-07-13,ts500-lfr-2026-07-13,trisight_sim,ts500_rebalance_close,2026-08-03T15:50:00-04:00,locked_session_preclose_1545_1555_america_new_york,,,real_daily_close_as_of_price_as_of_date_not_an_intraday_observation,2026-08-03,False
trisight_500_late_failed_recovery_shadow,2026-08-03T15:50:00-04:00,PAPER,SELL,AON,AON,0.498927492988,359.52,179.374412279,359.52,0,PAPER,success,rebalance_drop,2026-07-13,ts500-lfr-2026-07-13,trisight_sim,ts500_rebalance_close,2026-08-03T15:50:00-04:00,locked_session_preclose_1545_1555_america_new_york,,,real_daily_close_as_of_price_as_of_date_not_an_intraday_observation,2026-08-03,False
trisight_500_late_failed_recovery_shadow,2026-08-03T15:50:00-04:00,PAPER,SELL,NE,NE,4.34692835175,40.97,178.093654571,40.97,0,PAPER,success,rebalance_drop,2026-07-13,ts500-lfr-2026-07-13,trisight_sim,ts500_rebalance_close,2026-08-03T15:50:00-04:00,locked_session_preclose_1545_1555_america_new_york,,,real_daily_close_as_of_price_as_of_date_not_an_intraday_observation,2026-08-03,False
trisight_500_late_failed_recovery_shadow,2026-08-03T15:50:00-04:00,PAPER,SELL,POOL,POOL,0.854785237346,191.845,163.986273859,191.845,0,PAPER,success,rebalance_drop,2026-07-13,ts500-lfr-2026-07-13,trisight_sim,ts500_rebalance_close,2026-08-03T15:50:00-04:00,locked_session_preclose_1545_1555_america_new_york,,,real_daily_close_as_of_price_as_of_date_not_an_intraday_observation,2026-08-03,False
trisight_500_late_failed_recovery_shadow,2026-08-03T15:50:00-04:00,PAPER,SELL,CLBT,CLBT,11.1016746876,14.94,165.859019833,14.94,0,PAPER,success,rebalance_drop,2026-07-13,ts500-lfr-2026-07-13,trisight_sim,ts500_rebalance_close,2026-08-03T15:50:00-04:00,locked_session_preclose_1545_1555_america_new_york,,,real_daily_close_as_of_price_as_of_date_not_an_intraday_observation,2026-08-03,False
trisight_500_late_failed_recovery_shadow,2026-08-03T15:50:00-04:00,PAPER,SELL,PFGC,PFGC,1.58840023079,113.29,179.949862147,113.29,0,PAPER,success,rebalance_drop,2026-07-13,ts500-lfr-2026-07-13,trisight_sim,ts500_rebalance_close,2026-08-03T15:50:00-04:00,locked_session_preclose_1545_1555_america_new_york,,,real_daily_close_as_of_price_as_of_date_not_an_intraday_observation,2026-08-03,False
trisight_500_late_failed_recovery_shadow,2026-08-03T15:50:00-04:00,PAPER,SELL,MCY,MCY,1.63044231454,107.83,175.810594777,107.83,0,PAPER,success,rebalance_drop,2026-07-13,ts500-lfr-2026-07-13,trisight_sim,ts500_rebalance_close,2026-08-03T15:50:00-04:00,locked_session_preclose_1545_1555_america_new_york,,,real_daily_close_as_of_price_as_of_date_not_an_intraday_observation,2026-08-03,False
trisight_500_late_failed_recovery_shadow,2026-08-03T15:50:00-04:00,PAPER,SELL,CALX,CALX,4.4588017862,36.905,164.55207992,36.905,0,PAPER,success,rebalance_drop,2026-07-13,ts500-lfr-2026-07-13,trisight_sim,ts500_rebalance_close,2026-08-03T15:50:00-04:00,locked_session_preclose_1545_1555_america_new_york,,,real_daily_close_as_of_price_as_of_date_not_an_intraday_observation,2026-08-03,False
trisight_500_late_failed_recovery_shadow,2026-08-03T15:50:00-04:00,PAPER,SELL,SYK,SYK,0.540529729946,334.52,180.818005262,334.52,0,PAPER,success,rebalance_drop,2026-07-13,ts500-lfr-2026-07-13,trisight_sim,ts500_rebalance_close,2026-08-03T15:50:00-04:00,locked_session_preclose_1545_1555_america_new_york,,,real_daily_close_as_of_price_as_of_date_not_an_intraday_observation,2026-08-03,False
trisight_500_late_failed_recovery_shadow,2026-08-03T15:50:00-04:00,PAPER,SELL,MSCI,MSCI,0.290505425697,572.55,166.328881483,572.55,0,PAPER,success,rebalance_drop,2026-07-13,ts500-lfr-2026-07-13,trisight_sim,ts500_rebalance_close,2026-08-03T15:50:00-04:00,locked_session_preclose_1545_1555_america_new_york,,,real_daily_close_as_of_price_as_of_date_not_an_intraday_observation,2026-08-03,False
trisight_500_late_failed_recovery_shadow,2026-08-03T15:50:00-04:00,PAPER,SELL,BEKE,BEKE,11.2122078519,17.145,192.233303621,17.145,0,PAPER,success,rebalance_drop,2026-07-13,ts500-lfr-2026-07-13,trisight_sim,ts500_rebalance_close,2026-08-03T15:50:00-04:00,locked_session_preclose_1545_1555_america_new_york,,,real_daily_close_as_of_price_as_of_date_not_an_intraday_observation,2026-08-03,False
trisight_500_late_failed_recovery_shadow,2026-08-03T15:50:00-04:00,PAPER,SELL,BV,BV,12.4091033182,13.28,164.792892066,13.28,0,PAPER,success,rebalance_drop,2026-07-13,ts500-lfr-2026-07-13,trisight_sim,ts500_rebalance_close,2026-08-03T15:50:00-04:00,locked_session_preclose_1545_1555_america_new_york,,,real_daily_close_as_of_price_as_of_date_not_an_intraday_observation,2026-08-03,False
trisight_500_late_failed_recovery_shadow,2026-08-03T15:50:00-04:00,PAPER,SELL,EQR,EQR,2.57953013859,66.99,172.802723984,66.99,0,PAPER,success,rebalance_drop,2026-07-13,ts500-lfr-2026-07-13,trisight_sim,ts500_rebalance_close,2026-08-03T15:50:00-04:00,locked_session_preclose_1545_1555_america_new_york,,,real_daily_close_as_of_price_as_of_date_not_an_intraday_observation,2026-08-03,False
trisight_500_late_failed_recovery_shadow,2026-08-03T15:50:00-04:00,PAPER,SELL,VITL,VITL,13.978291713,12.78,178.642568092,12.78,0,PAPER,success,rebalance_drop,2026-07-13,ts500-lfr-2026-07-13,trisight_sim,ts500_rebalance_close,2026-08-03T15:50:00-04:00,locked_session_preclose_1545_1555_america_new_york,,,real_daily_close_as_of_price_as_of_date_not_an_intraday_observation,2026-08-03,False
trisight_500_late_failed_recovery_shadow,2026-08-03T15:50:00-04:00,PAPER,SELL,LCII,LCII,1.74983009806,103.7,181.457381169,103.7,0,PAPER,success,rebalance_drop,2026-07-13,ts500-lfr-2026-07-13,trisight_sim,ts500_rebalance_close,2026-08-03T15:50:00-04:00,locked_session_preclose_1545_1555_america_new_york,,,real_daily_close_as_of_price_as_of_date_not_an_intraday_observation,2026-08-03,False
trisight_500_late_failed_recovery_shadow,2026-08-03T15:50:00-04:00,PAPER,SELL,ELV,ELV,0.423783851589,379.68,160.902252771,379.68,0,PAPER,success,rebalance_drop,2026-07-13,ts500-lfr-2026-07-13,trisight_sim,ts500_rebalance_close,2026-08-03T15:50:00-04:00,locked_session_preclose_1545_1555_america_new_york,,,real_daily_close_as_of_price_as_of_date_not_an_intraday_observation,2026-08-03,False
trisight_500_late_failed_recovery_shadow,2026-08-03T15:50:00-04:00,PAPER,SELL,MATX,MATX,0.864816435144,203.05,175.600977156,203.05,0,PAPER,success,rebalance_drop,2026-07-13,ts500-lfr-2026-07-13,trisight_sim,ts500_rebalance_close,2026-08-03T15:50:00-04:00,locked_session_preclose_1545_1555_america_new_york,,,real_daily_close_as_of_price_as_of_date_not_an_intraday_observation,2026-08-03,False
trisight_500_late_failed_recovery_shadow,2026-08-03T15:50:00-04:00,PAPER,SELL,VCTR,VCTR,1.96853687512,101.905,200.60375026,101.905,0,PAPER,success,rebalance_drop,2026-07-13,ts500-lfr-2026-07-13,trisight_sim,ts500_rebalance_close,2026-08-03T15:50:00-04:00,locked_session_preclose_1545_1555_america_new_york,,,real_daily_close_as_of_price_as_of_date_not_an_intraday_observation,2026-08-03,False
trisight_500_late_failed_recovery_shadow,2026-08-03T15:50:00-04:00,PAPER,SELL,CNQ,CNQ,4.21671378844,46.81,197.384372437,46.81,0,PAPER,success,rebalance_drop,2026-07-13,ts500-lfr-2026-07-13,trisight_sim,ts500_rebalance_close,2026-08-03T15:50:00-04:00,locked_session_preclose_1545_1555_america_new_york,,,real_daily_close_as_of_price_as_of_date_not_an_intraday_observation,2026-08-03,False
trisight_500_late_failed_recovery_shadow,2026-08-03T15:50:00-04:00,PAPER,SELL,GLPI,GLPI,4.09128474524,44.4,181.653042688,44.4,0,PAPER,success,rebalance_drop,2026-07-13,ts500-lfr-2026-07-13,trisight_sim,ts500_rebalance_close,2026-08-03T15:50:00-04:00,locked_session_preclose_1545_1555_america_new_york,,,real_daily_close_as_of_price_as_of_date_not_an_intraday_observation,2026-08-03,False
trisight_500_late_failed_recovery_shadow,2026-08-03T15:50:00-04:00,PAPER,SELL,WCN,WCN,1.04198577481,167.3,174.324220126,167.3,0,PAPER,success,rebalance_drop,2026-07-13,ts500-lfr-2026-07-13,trisight_sim,ts500_rebalance_close,2026-08-03T15:50:00-04:00,locked_session_preclose_1545_1555_america_new_york,,,real_daily_close_as_of_price_as_of_date_not_an_intraday_observation,2026-08-03,False
trisight_500_late_failed_recovery_shadow,2026-08-03T15:50:00-04:00,PAPER,SELL,TECK,TECK,3.08158337917,60.4,186.127636102,60.4,0,PAPER,success,rebalance_drop,2026-07-13,ts500-lfr-2026-07-13,trisight_sim,ts500_rebalance_close,2026-08-03T15:50:00-04:00,locked_session_preclose_1545_1555_america_new_york,,,real_daily_close_as_of_price_as_of_date_not_an_intraday_observation,2026-08-03,False
trisight_500_late_failed_recovery_shadow,2026-08-03T15:50:00-04:00,PAPER,SELL,NOW,NOW,1.64008753114,114.73,188.167242448,114.73,0,PAPER,success,rebalance_drop,2026-07-13,ts500-lfr-2026-07-13,trisight_sim,ts500_rebalance_close,2026-08-03T15:50:00-04:00,locked_session_preclose_1545_1555_america_new_york,,,real_daily_close_as_of_price_as_of_date_not_an_intraday_observation,2026-08-03,False
trisight_500_late_failed_recovery_shadow,2026-08-03T15:50:00-04:00,PAPER,SELL,FOXA,FOXA,3.22325903721,59.23,190.913632774,59.23,0,PAPER,success,rebalance_drop,2026-07-13,ts500-lfr-2026-07-13,trisight_sim,ts500_rebalance_close,2026-08-03T15:50:00-04:00,locked_session_preclose_1545_1555_america_new_york,,,real_daily_close_as_of_price_as_of_date_not_an_intraday_observation,2026-08-03,False
trisight_500_late_failed_recovery_shadow,2026-08-03T15:50:00-04:00,PAPER,SELL,AIZ,AIZ,0.644940242256,282.09,181.931192938,282.09,0,PAPER,success,rebalance_drop,2026-07-13,ts500-lfr-2026-07-13,trisight_sim,ts500_rebalance_close,2026-08-03T15:50:00-04:00,locked_session_preclose_1545_1555_america_new_york,,,real_daily_close_as_of_price_as_of_date_not_an_intraday_observation,2026-08-03,False
trisight_500_late_failed_recovery_shadow,2026-08-03T15:50:00-04:00,PAPER,SELL,WHR,WHR,4.49439212223,39.5,177.528488828,39.5,0,PAPER,success,rebalance_drop,2026-07-13,ts500-lfr-2026-07-13,trisight_sim,ts500_rebalance_close,2026-08-03T15:50:00-04:00,locked_session_preclose_1545_1555_america_new_york,,,real_daily_close_as_of_price_as_of_date_not_an_intraday_observation,2026-08-03,False
trisight_500_late_failed_recovery_shadow,2026-08-03T15:50:00-04:00,PAPER,SELL,WST,WST,0.500917932111,347.81,174.224265967,347.81,0,PAPER,success,rebalance_drop,2026-07-13,ts500-lfr-2026-07-13,trisight_sim,ts500_rebalance_close,2026-08-03T15:50:00-04:00,locked_session_preclose_1545_1555_america_new_york,,,real_daily_close_as_of_price_as_of_date_not_an_intraday_observation,2026-08-03,False
trisight_500_late_failed_recovery_shadow,2026-08-03T15:50:00-04:00,PAPER,SELL,ARMK,ARMK,3.08659837568,57.055,176.105870324,57.055,0,PAPER,success,rebalance_drop,2026-07-13,ts500-lfr-2026-07-13,trisight_sim,ts500_rebalance_close,2026-08-03T15:50:00-04:00,locked_session_preclose_1545_1555_america_new_york,,,real_daily_close_as_of_price_as_of_date_not_an_intraday_observation,2026-08-03,False
trisight_500_late_failed_recovery_shadow,2026-08-03T15:50:00-04:00,PAPER,SELL,FR,FR,2.75483801208,65.45,180.304147891,65.45,0,PAPER,success,rebalance_drop,2026-07-13,ts500-lfr-2026-07-13,trisight_sim,ts500_rebalance_close,2026-08-03T15:50:00-04:00,locked_session_preclose_1545_1555_america_new_york,,,real_daily_close_as_of_price_as_of_date_not_an_intraday_observation,2026-08-03,False
trisight_500_late_failed_recovery_shadow,2026-08-03T15:50:00-04:00,PAPER,SELL,ANAB,ANAB,2.72319474314,53.42,145.473063179,53.42,0,PAPER,success,rebalance_drop,2026-07-13,ts500-lfr-2026-07-13,trisight_sim,ts500_rebalance_close,2026-08-03T15:50:00-04:00,locked_session_preclose_1545_1555_america_new_york,,,real_daily_close_as_of_price_as_of_date_not_an_intraday_observation,2026-08-03,False
trisight_500_late_failed_recovery_shadow,2026-08-03T15:50:00-04:00,PAPER,SELL,LOCO,LOCO,10.7506074093,16.56,178.030058698,16.56,0,PAPER,success,rebalance_drop,2026-07-13,ts500-lfr-2026-07-13,trisight_sim,ts500_rebalance_close,2026-08-03T15:50:00-04:00,locked_session_preclose_1545_1555_america_new_york,,,real_daily_close_as_of_price_as_of_date_not_an_intraday_observation,2026-08-03,False
trisight_500_late_failed_recovery_shadow,2026-08-03T15:50:00-04:00,PAPER,SELL,BPOP,BPOP,1.06489468192,175.145,186.510979064,175.145,0,PAPER,success,rebalance_drop,2026-07-13,ts500-lfr-2026-07-13,trisight_sim,ts500_rebalance_close,2026-08-03T15:50:00-04:00,locked_session_preclose_1545_1555_america_new_york,,,real_daily_close_as_of_price_as_of_date_not_an_intraday_observation,2026-08-03,False
trisight_500_late_failed_recovery_shadow,2026-08-03T15:50:00-04:00,PAPER,SELL,SIRI,SIRI,5.80010237181,30.91,179.281164313,30.91,0,PAPER,success,rebalance_drop,2026-07-13,ts500-lfr-2026-07-13,trisight_sim,ts500_rebalance_close,2026-08-03T15:50:00-04:00,locked_session_preclose_1545_1555_america_new_york,,,real_daily_close_as_of_price_as_of_date_not_an_intraday_observation,2026-08-03,False
trisight_500_late_failed_recovery_shadow,2026-08-03T15:50:00-04:00,PAPER,SELL,RLI,RLI,2.95183781422,61.21,180.681992609,61.21,0,PAPER,success,rebalance_drop,2026-07-13,ts500-lfr-2026-07-13,trisight_sim,ts500_rebalance_close,2026-08-03T15:50:00-04:00,locked_session_preclose_1545_1555_america_new_york,,,real_daily_close_as_of_price_as_of_date_not_an_intraday_observation,2026-08-03,False
trisight_500_late_failed_recovery_shadow,2026-08-03T15:50:00-04:00,PAPER,SELL,ABNB,ABNB,1.23132768523,151.5,186.546144313,151.5,0,PAPER,success,rebalance_drop,2026-07-13,ts500-lfr-2026-07-13,trisight_sim,ts500_rebalance_close,2026-08-03T15:50:00-04:00,locked_session_preclose_1545_1555_america_new_york,,,real_daily_close_as_of_price_as_of_date_not_an_intraday_observation,2026-08-03,False
trisight_500_late_failed_recovery_shadow,2026-08-03T15:50:00-04:00,PAPER,SELL,NVRI,NVRI,7.72973745947,22.67,175.233148206,22.67,0,PAPER,success,rebalance_drop,2026-07-13,ts500-lfr-2026-07-13,trisight_sim,ts500_rebalance_close,2026-08-03T15:50:00-04:00,locked_session_preclose_1545_1555_america_new_york,,,real_daily_close_as_of_price_as_of_date_not_an_intraday_observation,2026-08-03,False
trisight_500_late_failed_recovery_shadow,2026-08-03T15:50:00-04:00,PAPER,SELL,EBC,EBC,8.0870816957,23.135,187.09463503,23.135,0,PAPER,success,rebalance_drop,2026-07-13,ts500-lfr-2026-07-13,trisight_sim,ts500_rebalance_close,2026-08-03T15:50:00-04:00,locked_session_preclose_1545_1555_america_new_york,,,real_daily_close_as_of_price_as_of_date_not_an_intraday_observation,2026-08-03,False
trisight_500_late_failed_recovery_shadow,2026-08-03T15:50:00-04:00,PAPER,SELL,IBM,IBM,0.616569757315,227.44,140.232625604,227.44,0,PAPER,success,rebalance_drop,2026-07-13,ts500-lfr-2026-07-13,trisight_sim,ts500_rebalance_close,2026-08-03T15:50:00-04:00,locked_session_preclose_1545_1555_america_new_york,,,real_daily_close_as_of_price_as_of_date_not_an_intraday_observation,2026-08-03,False
trisight_500_late_failed_recovery_shadow,2026-08-03T15:50:00-04:00,PAPER,SELL,SCHW,SCHW,1.75605652922,105.87,185.913704748,105.87,0,PAPER,success,rebalance_drop,2026-07-13,ts500-lfr-2026-07-13,trisight_sim,ts500_rebalance_close,2026-08-03T15:50:00-04:00,locked_session_preclose_1545_1555_america_new_york,,,real_daily_close_as_of_price_as_of_date_not_an_intraday_observation,2026-08-03,False
trisight_500_late_failed_recovery_shadow,2026-08-03T15:50:00-04:00,PAPER,SELL,SEIC,SEIC,1.88463134962,102.93,193.985104816,102.93,0,PAPER,success,rebalance_drop,2026-07-13,ts500-lfr-2026-07-13,trisight_sim,ts500_rebalance_close,2026-08-03T15:50:00-04:00,locked_session_preclose_1545_1555_america_new_york,,,real_daily_close_as_of_price_as_of_date_not_an_intraday_observation,2026-08-03,False
trisight_500_late_failed_recovery_shadow,2026-08-03T15:50:00-04:00,PAPER,SELL,ORI,ORI,4.28592245909,43.33,185.709020152,43.33,0,PAPER,success,rebalance_drop,2026-07-13,ts500-lfr-2026-07-13,trisight_sim,ts500_rebalance_close,2026-08-03T15:50:00-04:00,locked_session_preclose_1545_1555_america_new_york,,,real_daily_close_as_of_price_as_of_date_not_an_intraday_observation,2026-08-03,False
trisight_500_late_failed_recovery_shadow,2026-08-03T15:50:00-04:00,PAPER,SELL,VNO,VNO,4.65521716006,39.76,185.091434284,39.76,0,PAPER,success,rebalance_drop,2026-07-13,ts500-lfr-2026-07-13,trisight_sim,ts500_rebalance_close,2026-08-03T15:50:00-04:00,locked_session_preclose_1545_1555_america_new_york,,,real_daily_close_as_of_price_as_of_date_not_an_intraday_observation,2026-08-03,False
trisight_500_late_failed_recovery_shadow,2026-08-03T15:50:00-04:00,PAPER,SELL,SPNT,SPNT,7.21875721876,23.76,171.517671518,23.76,0,PAPER,success,rebalance_drop,2026-07-13,ts500-lfr-2026-07-13,trisight_sim,ts500_rebalance_close,2026-08-03T15:50:00-04:00,locked_session_preclose_1545_1555_america_new_york,,,real_daily_close_as_of_price_as_of_date_not_an_intraday_observation,2026-08-03,False
trisight_500_late_failed_recovery_shadow,2026-08-03T15:50:00-04:00,PAPER,SELL,HWC,HWC,2.38428186026,77.749,185.375530354,77.749,0,PAPER,success,rebalance_drop,2026-07-13,ts500-lfr-2026-07-13,trisight_sim,ts500_rebalance_close,2026-08-03T15:50:00-04:00,locked_session_preclose_1545_1555_america_new_york,,,real_daily_close_as_of_price_as_of_date_not_an_intraday_observation,2026-08-03,False
trisight_500_late_failed_recovery_shadow,2026-08-03T15:50:00-04:00,PAPER,SELL,CLX,CLX,1.89563577254,98.195,186.141954685,98.195,0,PAPER,success,rebalance_drop,2026-07-13,ts500-lfr-2026-07-13,trisight_sim,ts500_rebalance_close,2026-08-03T15:50:00-04:00,locked_session_preclose_1545_1555_america_new_york,,,real_daily_close_as_of_price_as_of_date_not_an_intraday_observation,2026-08-03,False
trisight_500_late_failed_recovery_shadow,2026-08-03T15:50:00-04:00,PAPER,SELL,FITB,FITB,3.15110493495,56.865,179.187582126,56.865,0,PAPER,success,rebalance_drop,2026-07-13,ts500-lfr-2026-07-13,trisight_sim,ts500_rebalance_close,2026-08-03T15:50:00-04:00,locked_session_preclose_1545_1555_america_new_york,,,real_daily_close_as_of_price_as_of_date_not_an_intraday_observation,2026-08-03,False
trisight_500_late_failed_recovery_shadow,2026-08-03T15:50:00-04:00,PAPER,SELL,INSW,INSW,2.07365842076,95.16,197.32933532,95.16,0,PAPER,success,rebalance_drop,2026-07-13,ts500-lfr-2026-07-13,trisight_sim,ts500_rebalance_close,2026-08-03T15:50:00-04:00,locked_session_preclose_1545_1555_america_new_york,,,real_daily_close_as_of_price_as_of_date_not_an_intraday_observation,2026-08-03,False
trisight_500_late_failed_recovery_shadow,2026-08-03T15:50:00-04:00,PAPER,SELL,PODD,PODD,1.10989392744,167.575,185.99047489,167.575,0,PAPER,success,rebalance_drop,2026-07-13,ts500-lfr-2026-07-13,trisight_sim,ts500_rebalance_close,2026-08-03T15:50:00-04:00,locked_session_preclose_1545_1555_america_new_york,,,real_daily_close_as_of_price_as_of_date_not_an_intraday_observation,2026-08-03,False
trisight_500_late_failed_recovery_shadow,2026-08-03T15:50:00-04:00,PAPER,SELL,KMB,KMB,1.61959712522,110.5,178.965482336,110.5,0,PAPER,success,rebalance_drop,2026-07-13,ts500-lfr-2026-07-13,trisight_sim,ts500_rebalance_close,2026-08-03T15:50:00-04:00,locked_session_preclose_1545_1555_america_new_york,,,real_daily_close_as_of_price_as_of_date_not_an_intraday_observation,2026-08-03,False
trisight_500_late_failed_recovery_shadow,2026-08-03T15:50:00-04:00,PAPER,SELL,HIG,HIG,1.29309731721,142.51,184.279298676,142.51,0,PAPER,success,rebalance_drop,2026-07-13,ts500-lfr-2026-07-13,trisight_sim,ts500_rebalance_close,2026-08-03T15:50:00-04:00,locked_session_preclose_1545_1555_america_new_york,,,real_daily_close_as_of_price_as_of_date_not_an_intraday_observation,2026-08-03,False
trisight_500_late_failed_recovery_shadow,2026-08-03T15:50:00-04:00,PAPER,SELL,UTI,UTI,0.372273099546,40.06,14.9132603678,40.06,0,PAPER,success,rebalance_drop,2026-07-13,ts500-lfr-2026-07-13,trisight_sim,ts500_rebalance_close,2026-08-03T15:50:00-04:00,locked_session_preclose_1545_1555_america_new_york,,,real_daily_close_as_of_price_as_of_date_not_an_intraday_observation,2026-08-03,False
trisight_500_late_failed_recovery_shadow,2026-08-03T15:50:00-04:00,PAPER,SELL,COKE,COKE,0.100879111013,185.32,18.6949168529,185.32,0,PAPER,success,rebalance_drop,2026-07-13,ts500-lfr-2026-07-13,trisight_sim,ts500_rebalance_close,2026-08-03T15:50:00-04:00,locked_session_preclose_1545_1555_america_new_york,,,real_daily_close_as_of_price_as_of_date_not_an_intraday_observation,2026-08-03,False
trisight_500_late_failed_recovery_shadow,2026-08-03T15:50:00-04:00,PAPER,SELL,PGR,PGR,0.0776672184922,210.66,16.3613762476,210.66,0,PAPER,success,rebalance_drop,2026-07-13,ts500-lfr-2026-07-13,trisight_sim,ts500_rebalance_close,2026-08-03T15:50:00-04:00,locked_session_preclose_1545_1555_america_new_york,,,real_daily_close_as_of_price_as_of_date_not_an_intraday_observation,2026-08-03,False
trisight_500_late_failed_recovery_shadow,2026-08-03T15:50:00-04:00,PAPER,SELL,BRO,BRO,0.262691617116,71.45,18.769316043,71.45,0,PAPER,success,rebalance_drop,2026-07-13,ts500-lfr-2026-07-13,trisight_sim,ts500_rebalance_close,2026-08-03T15:50:00-04:00,locked_session_preclose_1545_1555_america_new_york,,,real_daily_close_as_of_price_as_of_date_not_an_intraday_observation,2026-08-03,False
trisight_500_late_failed_recovery_shadow,2026-08-03T15:50:00-04:00,PAPER,SELL,DHR,DHR,0.0900180756295,196.41,17.6804502344,196.41,0,PAPER,success,rebalance_drop,2026-07-13,ts500-lfr-2026-07-13,trisight_sim,ts500_rebalance_close,2026-08-03T15:50:00-04:00,locked_session_preclose_1545_1555_america_new_york,,,real_daily_close_as_of_price_as_of_date_not_an_intraday_observation,2026-08-03,False
trisight_500_late_failed_recovery_shadow,2026-08-03T15:50:00-04:00,PAPER,SELL,SION,SION,0.417180319935,47.22,19.6992547073,47.22,0,PAPER,success,rebalance_drop,2026-07-13,ts500-lfr-2026-07-13,trisight_sim,ts500_rebalance_close,2026-08-03T15:50:00-04:00,locked_session_preclose_1545_1555_america_new_york,,,real_daily_close_as_of_price_as_of_date_not_an_intraday_observation,2026-08-03,False
trisight_500_late_failed_recovery_shadow,2026-08-03T15:50:00-04:00,PAPER,SELL,S,S,0.980839304192,19.84,19.4598517952,19.84,0,PAPER,success,rebalance_drop,2026-07-13,ts500-lfr-2026-07-13,trisight_sim,ts500_rebalance_close,2026-08-03T15:50:00-04:00,locked_session_preclose_1545_1555_america_new_york,,,real_daily_close_as_of_price_as_of_date_not_an_intraday_observation,2026-08-03,False
trisight_500_late_failed_recovery_shadow,2026-08-03T15:50:00-04:00,PAPER,SELL,DAVE,DAVE,0.0459373786248,396.6,18.2187643626,396.6,0,PAPER,success,rebalance_drop,2026-07-13,ts500-lfr-2026-07-13,trisight_sim,ts500_rebalance_close,2026-08-03T15:50:00-04:00,locked_session_preclose_1545_1555_america_new_york,,,real_daily_close_as_of_price_as_of_date_not_an_intraday_observation,2026-08-03,False
trisight_500_late_failed_recovery_shadow,2026-08-03T15:50:00-04:00,PAPER,SELL,VIST,VIST,0.269811590566,68.68,18.5306600401,68.68,0,PAPER,success,rebalance_drop,2026-07-13,ts500-lfr-2026-07-13,trisight_sim,ts500_rebalance_close,2026-08-03T15:50:00-04:00,locked_session_preclose_1545_1555_america_new_york,,,real_daily_close_as_of_price_as_of_date_not_an_intraday_observation,2026-08-03,False
trisight_500_late_failed_recovery_shadow,2026-08-03T15:50:00-04:00,PAPER,SELL,STT,STT,0.101207762838,182.64,18.4845858047,182.64,0,PAPER,success,rebalance_drop,2026-07-13,ts500-lfr-2026-07-13,trisight_sim,ts500_rebalance_close,2026-08-03T15:50:00-04:00,locked_session_preclose_1545_1555_america_new_york,,,real_daily_close_as_of_price_as_of_date_not_an_intraday_observation,2026-08-03,False
trisight_500_late_failed_recovery_shadow,2026-08-03T15:50:00-04:00,PAPER,SELL,PLMR,PLMR,0.132841950957,135.56,18.0080548717,135.56,0,PAPER,success,rebalance_drop,2026-07-13,ts500-lfr-2026-07-13,trisight_sim,ts500_rebalance_close,2026-08-03T15:50:00-04:00,locked_session_preclose_1545_1555_america_new_york,,,real_daily_close_as_of_price_as_of_date_not_an_intraday_observation,2026-08-03,False
trisight_500_late_failed_recovery_shadow,2026-08-03T15:50:00-04:00,PAPER,SELL,LTC,LTC,0.456672614827,39.3839,17.9855485951,39.3839,0,PAPER,success,rebalance_drop,2026-07-13,ts500-lfr-2026-07-13,trisight_sim,ts500_rebalance_close,2026-08-03T15:50:00-04:00,locked_session_preclose_1545_1555_america_new_york,,,real_daily_close_as_of_price_as_of_date_not_an_intraday_observation,2026-08-03,False
trisight_500_late_failed_recovery_shadow,2026-08-03T15:50:00-04:00,PAPER,SELL,MET,MET,0.193679651919,96.32,18.6552240728,96.32,0,PAPER,success,rebalance_drop,2026-07-13,ts500-lfr-2026-07-13,trisight_sim,ts500_rebalance_close,2026-08-03T15:50:00-04:00,locked_session_preclose_1545_1555_america_new_york,,,real_daily_close_as_of_price_as_of_date_not_an_intraday_observation,2026-08-03,False
trisight_500_late_failed_recovery_shadow,2026-08-03T15:50:00-04:00,PAPER,SELL,RELY,RELY,0.752318080084,23.88,17.9653557524,23.88,0,PAPER,success,rebalance_drop,2026-07-13,ts500-lfr-2026-07-13,trisight_sim,ts500_rebalance_close,2026-08-03T15:50:00-04:00,locked_session_preclose_1545_1555_america_new_york,,,real_daily_close_as_of_price_as_of_date_not_an_intraday_observation,2026-08-03,False
trisight_500_late_failed_recovery_shadow,2026-08-03T15:50:00-04:00,PAPER,SELL,NTST,NTST,0.829177083203,21.335,17.6904930701,21.335,0,PAPER,success,rebalance_drop,2026-07-13,ts500-lfr-2026-07-13,trisight_sim,ts500_rebalance_close,2026-08-03T15:50:00-04:00,locked_session_preclose_1545_1555_america_new_york,,,real_daily_close_as_of_price_as_of_date_not_an_intraday_observation,2026-08-03,False
trisight_500_late_failed_recovery_shadow,2026-08-03T15:50:00-04:00,PAPER,SELL,LAUR,LAUR,0.446432557433,36.92,16.4822900204,36.92,0,PAPER,success,rebalance_drop,2026-07-13,ts500-lfr-2026-07-13,trisight_sim,ts500_rebalance_close,2026-08-03T15:50:00-04:00,locked_session_preclose_1545_1555_america_new_york,,,real_daily_close_as_of_price_as_of_date_not_an_intraday_observation,2026-08-03,False
trisight_500_late_failed_recovery_shadow,2026-08-03T15:50:00-04:00,PAPER,SELL,VLTO,VLTO,0.193191636927,94.27,18.2121756131,94.27,0,PAPER,success,rebalance_drop,2026-07-13,ts500-lfr-2026-07-13,trisight_sim,ts500_rebalance_close,2026-08-03T15:50:00-04:00,locked_session_preclose_1545_1555_america_new_york,,,real_daily_close_as_of_price_as_of_date_not_an_intraday_observation,2026-08-03,False
trisight_500_late_failed_recovery_shadow,2026-08-03T15:50:00-04:00,PAPER,SELL,OSK,OSK,0.123538004923,145.64,17.992075037,145.64,0,PAPER,success,rebalance_drop,2026-07-13,ts500-lfr-2026-07-13,trisight_sim,ts500_rebalance_close,2026-08-03T15:50:00-04:00,locked_session_preclose_1545_1555_america_new_york,,,real_daily_close_as_of_price_as_of_date_not_an_intraday_observation,2026-08-03,False
trisight_500_late_failed_recovery_shadow,2026-08-03T15:50:00-04:00,PAPER,SELL,HR,HR,0.863552265421,20.68,17.8582608489,20.68,0,PAPER,success,rebalance_drop,2026-07-13,ts500-lfr-2026-07-13,trisight_sim,ts500_rebalance_close,2026-08-03T15:50:00-04:00,locked_session_preclose_1545_1555_america_new_york,,,real_daily_close_as_of_price_as_of_date_not_an_intraday_observation,2026-08-03,False
trisight_500_late_failed_recovery_shadow,2026-08-03T15:50:00-04:00,PAPER,SELL,EG,EG,0.0479483155517,374.91,17.9763029835,374.91,0,PAPER,success,rebalance_drop,2026-07-13,ts500-lfr-2026-07-13,trisight_sim,ts500_rebalance_close,2026-08-03T15:50:00-04:00,locked_session_preclose_1545_1555_america_new_york,,,real_daily_close_as_of_price_as_of_date_not_an_intraday_observation,2026-08-03,False
trisight_500_late_failed_recovery_shadow,2026-08-03T15:50:00-04:00,PAPER,SELL,EW,EW,0.19625332772,87.965,17.2634239729,87.965,0,PAPER,success,rebalance_drop,2026-07-13,ts500-lfr-2026-07-13,trisight_sim,ts500_rebalance_close,2026-08-03T15:50:00-04:00,locked_session_preclose_1545_1555_america_new_york,,,real_daily_close_as_of_price_as_of_date_not_an_intraday_observation,2026-08-03,False
trisight_500_late_failed_recovery_shadow,2026-08-03T15:50:00-04:00,PAPER,SELL,GCMG,GCMG,1.319034994,12.97,17.1078838722,12.97,0,PAPER,success,rebalance_drop,2026-07-13,ts500-lfr-2026-07-13,trisight_sim,ts500_rebalance_close,2026-08-03T15:50:00-04:00,locked_session_preclose_1545_1555_america_new_york,,,real_daily_close_as_of_price_as_of_date_not_an_intraday_observation,2026-08-03,False
trisight_500_late_failed_recovery_shadow,2026-08-03T15:50:00-04:00,PAPER,SELL,D,D,0.255538477067,68.72,17.5606041441,68.72,0,PAPER,success,rebalance_drop,2026-07-13,ts500-lfr-2026-07-13,trisight_sim,ts500_rebalance_close,2026-08-03T15:50:00-04:00,locked_session_preclose_1545_1555_america_new_york,,,real_daily_close_as_of_price_as_of_date_not_an_intraday_observation,2026-08-03,False
trisight_500_late_failed_recovery_shadow,2026-08-03T15:50:00-04:00,PAPER,SELL,ELAN,ELAN,0.716707160621,25.62,18.3620374551,25.62,0,PAPER,success,rebalance_drop,2026-07-13,ts500-lfr-2026-07-13,trisight_sim,ts500_rebalance_close,2026-08-03T15:50:00-04:00,locked_session_preclose_1545_1555_america_new_york,,,real_daily_close_as_of_price_as_of_date_not_an_intraday_observation,2026-08-03,False
trisight_500_late_failed_recovery_shadow,2026-08-03T15:50:00-04:00,PAPER,SELL,CRL,CRL,0.077580271337,230.455,17.878761431,230.455,0,PAPER,success,rebalance_drop,2026-07-13,ts500-lfr-2026-07-13,trisight_sim,ts500_rebalance_close,2026-08-03T15:50:00-04:00,locked_session_preclose_1545_1555_america_new_york,,,real_daily_close_as_of_price_as_of_date_not_an_intraday_observation,2026-08-03,False
trisight_500_late_failed_recovery_shadow,2026-08-03T15:50:00-04:00,PAPER,SELL,CI,CI,0.0591724729656,282.7,16.7280581074,282.7,0,PAPER,success,rebalance_drop,2026-07-13,ts500-lfr-2026-07-13,trisight_sim,ts500_rebalance_close,2026-08-03T15:50:00-04:00,locked_session_preclose_1545_1555_america_new_york,,,real_daily_close_as_of_price_as_of_date_not_an_intraday_observation,2026-08-03,False
trisight_500_late_failed_recovery_shadow,2026-08-03T15:50:00-04:00,PAPER,SELL,OGS,OGS,0.223437723438,78.57,17.5555019305,78.57,0,PAPER,success,rebalance_drop,2026-07-13,ts500-lfr-2026-07-13,trisight_sim,ts500_rebalance_close,2026-08-03T15:50:00-04:00,locked_session_preclose_1545_1555_america_new_york,,,real_daily_close_as_of_price_as_of_date_not_an_intraday_observation,2026-08-03,False
trisight_500_late_failed_recovery_shadow,2026-08-03T15:50:00-04:00,PAPER,SELL,EPC,EPC,0.663891599779,27.96,18.5624091298,27.96,0,PAPER,success,rebalance_drop,2026-07-13,ts500-lfr-2026-07-13,trisight_sim,ts500_rebalance_close,2026-08-03T15:50:00-04:00,locked_session_preclose_1545_1555_america_new_york,,,real_daily_close_as_of_price_as_of_date_not_an_intraday_observation,2026-08-03,False
trisight_500_late_failed_recovery_shadow,2026-08-03T15:50:00-04:00,PAPER,SELL,LINC,LINC,0.332068153668,41.98,13.940221091,41.98,0,PAPER,success,rebalance_drop,2026-07-13,ts500-lfr-2026-07-13,trisight_sim,ts500_rebalance_close,2026-08-03T15:50:00-04:00,locked_session_preclose_1545_1555_america_new_york,,,real_daily_close_as_of_price_as_of_date_not_an_intraday_observation,2026-08-03,False
trisight_500_late_failed_recovery_shadow,2026-08-03T15:50:00-04:00,PAPER,SELL,PANW,PANW,0.0545504632698,338.02,18.4391475945,338.02,0,PAPER,success,rebalance_drop,2026-07-13,ts500-lfr-2026-07-13,trisight_sim,ts500_rebalance_close,2026-08-03T15:50:00-04:00,locked_session_preclose_1545_1555_america_new_york,,,real_daily_close_as_of_price_as_of_date_not_an_intraday_observation,2026-08-03,False
trisight_500_late_failed_recovery_shadow,2026-08-03T15:50:00-04:00,PAPER,SELL,HTO,HTO,0.290894704844,62.12,18.0703790649,62.12,0,PAPER,success,rebalance_drop,2026-07-13,ts500-lfr-2026-07-13,trisight_sim,ts500_rebalance_close,2026-08-03T15:50:00-04:00,locked_session_preclose_1545_1555_america_new_york,,,real_daily_close_as_of_price_as_of_date_not_an_intraday_observation,2026-08-03,False
trisight_500_late_failed_recovery_shadow,2026-08-03T15:50:00-04:00,PAPER,SELL,RSG,RSG,0.0812537452898,210.605,17.1124450268,210.605,0,PAPER,success,rebalance_drop,2026-07-13,ts500-lfr-2026-07-13,trisight_sim,ts500_rebalance_close,2026-08-03T15:50:00-04:00,locked_session_preclose_1545_1555_america_new_york,,,real_daily_close_as_of_price_as_of_date_not_an_intraday_observation,2026-08-03,False
trisight_500_late_failed_recovery_shadow,2026-08-03T15:50:00-04:00,PAPER,SELL,WES,WES,0.393922562702,46.21,18.2031616225,46.21,0,PAPER,success,rebalance_drop,2026-07-13,ts500-lfr-2026-07-13,trisight_sim,ts500_rebalance_close,2026-08-03T15:50:00-04:00,locked_session_preclose_1545_1555_america_new_york,,,real_daily_close_as_of_price_as_of_date_not_an_intraday_observation,2026-08-03,False
trisight_500_late_failed_recovery_shadow,2026-08-03T15:50:00-04:00,PAPER,SELL,UPS,UPS,0.159268257916,106.32,16.9334011816,106.32,0,PAPER,success,rebalance_drop,2026-07-13,ts500-lfr-2026-07-13,trisight_sim,ts500_rebalance_close,2026-08-03T15:50:00-04:00,locked_session_preclose_1545_1555_america_new_york,,,real_daily_close_as_of_price_as_of_date_not_an_intraday_observation,2026-08-03,False
trisight_500_late_failed_recovery_shadow,2026-08-03T15:50:00-04:00,PAPER,SELL,NDAQ,NDAQ,0.201973074969,93.89,18.9632520089,93.89,0,PAPER,success,rebalance_drop,2026-07-13,ts500-lfr-2026-07-13,trisight_sim,ts500_rebalance_close,2026-08-03T15:50:00-04:00,locked_session_preclose_1545_1555_america_new_york,,,real_daily_close_as_of_price_as_of_date_not_an_intraday_observation,2026-08-03,False
trisight_500_late_failed_recovery_shadow,2026-08-03T15:50:00-04:00,PAPER,SELL,RIGL,RIGL,0.426361051065,36.99,15.7710952789,36.99,0,PAPER,success,rebalance_drop,2026-07-13,ts500-lfr-2026-07-13,trisight_sim,ts500_rebalance_close,2026-08-03T15:50:00-04:00,locked_session_preclose_1545_1555_america_new_york,,,real_daily_close_as_of_price_as_of_date_not_an_intraday_observation,2026-08-03,False
trisight_500_late_failed_recovery_shadow,2026-08-03T15:50:00-04:00,PAPER,SELL,OVV,OVV,0.318846540754,61.63,19.6505123067,61.63,0,PAPER,success,rebalance_drop,2026-07-13,ts500-lfr-2026-07-13,trisight_sim,ts500_rebalance_close,2026-08-03T15:50:00-04:00,locked_session_preclose_1545_1555_america_new_york,,,real_daily_close_as_of_price_as_of_date_not_an_intraday_observation,2026-08-03,False
trisight_500_late_failed_recovery_shadow,2026-08-03T15:50:00-04:00,PAPER,SELL,CB,CB,0.0512210194673,348.4525,17.8480922859,348.4525,0,PAPER,success,rebalance_drop,2026-07-13,ts500-lfr-2026-07-13,trisight_sim,ts500_rebalance_close,2026-08-03T15:50:00-04:00,locked_session_preclose_1545_1555_america_new_york,,,real_daily_close_as_of_price_as_of_date_not_an_intraday_observation,2026-08-03,False
trisight_500_late_failed_recovery_shadow,2026-08-03T15:50:00-04:00,PAPER,SELL,JJSF,JJSF,0.230704456056,78.47,18.1033786668,78.47,0,PAPER,success,rebalance_drop,2026-07-13,ts500-lfr-2026-07-13,trisight_sim,ts500_rebalance_close,2026-08-03T15:50:00-04:00,locked_session_preclose_1545_1555_america_new_york,,,real_daily_close_as_of_price_as_of_date_not_an_intraday_observation,2026-08-03,False
trisight_500_late_failed_recovery_shadow,2026-08-03T15:50:00-04:00,PAPER,SELL,MSI,MSI,0.0426552828248,439.41,18.743157826,439.41,0,PAPER,success,rebalance_drop,2026-07-13,ts500-lfr-2026-07-13,trisight_sim,ts500_rebalance_close,2026-08-03T15:50:00-04:00,locked_session_preclose_1545_1555_america_new_york,,,real_daily_close_as_of_price_as_of_date_not_an_intraday_observation,2026-08-03,False
trisight_500_late_failed_recovery_shadow,2026-08-03T15:50:00-04:00,PAPER,BUY,ITRI,ITRI,5.36090985362,100.83,540.540540541,100.83,0,PAPER,success,rebalance_entry,2026-08-03,ts500-lfr-2026-08-03,trisight_sim,ts500_rebalance_entry,2026-08-03T15:50:00-04:00,locked_session_preclose_1545_1555_america_new_york,,,real_daily_close_as_of_price_as_of_date_not_an_intraday_observation,2026-08-03,False
trisight_500_late_failed_recovery_shadow,2026-08-03T15:50:00-04:00,PAPER,BUY,MHK,MHK,4.11370274384,131.4,540.540540541,131.4,0,PAPER,success,rebalance_entry,2026-08-03,ts500-lfr-2026-08-03,trisight_sim,ts500_rebalance_entry,2026-08-03T15:50:00-04:00,locked_session_preclose_1545_1555_america_new_york,,,real_daily_close_as_of_price_as_of_date_not_an_intraday_observation,2026-08-03,False
trisight_500_late_failed_recovery_shadow,2026-08-03T15:50:00-04:00,PAPER,BUY,GKOS,GKOS,3.15939295424,171.09,540.540540541,171.09,0,PAPER,success,rebalance_entry,2026-08-03,ts500-lfr-2026-08-03,trisight_sim,ts500_rebalance_entry,2026-08-03T15:50:00-04:00,locked_session_preclose_1545_1555_america_new_york,,,real_daily_close_as_of_price_as_of_date_not_an_intraday_observation,2026-08-03,False
trisight_500_late_failed_recovery_shadow,2026-08-03T15:50:00-04:00,PAPER,BUY,HII,HII,1.64123437237,329.35,540.540540541,329.35,0,PAPER,success,rebalance_entry,2026-08-03,ts500-lfr-2026-08-03,trisight_sim,ts500_rebalance_entry,2026-08-03T15:50:00-04:00,locked_session_preclose_1545_1555_america_new_york,,,real_daily_close_as_of_price_as_of_date_not_an_intraday_observation,2026-08-03,False
trisight_500_late_failed_recovery_shadow,2026-08-03T15:50:00-04:00,PAPER,BUY,OPCH,OPCH,22.5366079025,23.985,540.540540541,23.985,0,PAPER,success,rebalance_entry,2026-08-03,ts500-lfr-2026-08-03,trisight_sim,ts500_rebalance_entry,2026-08-03T15:50:00-04:00,locked_session_preclose_1545_1555_america_new_york,,,real_daily_close_as_of_price_as_of_date_not_an_intraday_observation,2026-08-03,False
trisight_500_late_failed_recovery_shadow,2026-08-03T15:50:00-04:00,PAPER,BUY,MYE,MYE,15.5216235618,34.825,540.540540541,34.825,0,PAPER,success,rebalance_entry,2026-08-03,ts500-lfr-2026-08-03,trisight_sim,ts500_rebalance_entry,2026-08-03T15:50:00-04:00,locked_session_preclose_1545_1555_america_new_york,,,real_daily_close_as_of_price_as_of_date_not_an_intraday_observation,2026-08-03,False
trisight_500_late_failed_recovery_shadow,2026-08-03T15:50:00-04:00,PAPER,BUY,LECO,LECO,2.0443271455,264.41,540.540540541,264.41,0,PAPER,success,rebalance_entry,2026-08-03,ts500-lfr-2026-08-03,trisight_sim,ts500_rebalance_entry,2026-08-03T15:50:00-04:00,locked_session_preclose_1545_1555_america_new_york,,,real_daily_close_as_of_price_as_of_date_not_an_intraday_observation,2026-08-03,False
trisight_500_late_failed_recovery_shadow,2026-08-03T15:50:00-04:00,PAPER,BUY,AMBA,AMBA,6.42888368864,84.08,540.540540541,84.08,0,PAPER,success,rebalance_entry,2026-08-03,ts500-lfr-2026-08-03,trisight_sim,ts500_rebalance_entry,2026-08-03T15:50:00-04:00,locked_session_preclose_1545_1555_america_new_york,,,real_daily_close_as_of_price_as_of_date_not_an_intraday_observation,2026-08-03,False
trisight_500_late_failed_recovery_shadow,2026-08-03T15:50:00-04:00,PAPER,BUY,AN,AN,2.48375931875,217.63,540.540540541,217.63,0,PAPER,success,rebalance_entry,2026-08-03,ts500-lfr-2026-08-03,trisight_sim,ts500_rebalance_entry,2026-08-03T15:50:00-04:00,locked_session_preclose_1545_1555_america_new_york,,,real_daily_close_as_of_price_as_of_date_not_an_intraday_observation,2026-08-03,False
trisight_500_late_failed_recovery_shadow,2026-08-03T15:50:00-04:00,PAPER,BUY,OWL,OWL,49.7506249922,10.865,540.540540541,10.865,0,PAPER,success,rebalance_entry,2026-08-03,ts500-lfr-2026-08-03,trisight_sim,ts500_rebalance_entry,2026-08-03T15:50:00-04:00,locked_session_preclose_1545_1555_america_new_york,,,real_daily_close_as_of_price_as_of_date_not_an_intraday_observation,2026-08-03,False
trisight_500_late_failed_recovery_shadow,2026-08-03T15:50:00-04:00,PAPER,BUY,SWK,SWK,5.59884551805,96.545,540.540540541,96.545,0,PAPER,success,rebalance_entry,2026-08-03,ts500-lfr-2026-08-03,trisight_sim,ts500_rebalance_entry,2026-08-03T15:50:00-04:00,locked_session_preclose_1545_1555_america_new_york,,,real_daily_close_as_of_price_as_of_date_not_an_intraday_observation,2026-08-03,False
trisight_500_late_failed_recovery_shadow,2026-08-03T15:50:00-04:00,PAPER,BUY,PCOR,PCOR,9.74649369889,55.46,540.540540541,55.46,0,PAPER,success,rebalance_entry,2026-08-03,ts500-lfr-2026-08-03,trisight_sim,ts500_rebalance_entry,2026-08-03T15:50:00-04:00,locked_session_preclose_1545_1555_america_new_york,,,real_daily_close_as_of_price_as_of_date_not_an_intraday_observation,2026-08-03,False
trisight_500_late_failed_recovery_shadow,2026-08-03T15:50:00-04:00,PAPER,BUY,CMCO,CMCO,27.6916260523,19.52,540.540540541,19.52,0,PAPER,success,rebalance_entry,2026-08-03,ts500-lfr-2026-08-03,trisight_sim,ts500_rebalance_entry,2026-08-03T15:50:00-04:00,locked_session_preclose_1545_1555_america_new_york,,,real_daily_close_as_of_price_as_of_date_not_an_intraday_observation,2026-08-03,False
trisight_500_late_failed_recovery_shadow,2026-08-03T15:50:00-04:00,PAPER,BUY,CHEF,CHEF,4.72789766938,114.33,540.540540541,114.33,0,PAPER,success,rebalance_entry,2026-08-03,ts500-lfr-2026-08-03,trisight_sim,ts500_rebalance_entry,2026-08-03T15:50:00-04:00,locked_session_preclose_1545_1555_america_new_york,,,real_daily_close_as_of_price_as_of_date_not_an_intraday_observation,2026-08-03,False
trisight_500_late_failed_recovery_shadow,2026-08-03T15:50:00-04:00,PAPER,BUY,AMZN,AMZN,1.89796538111,284.8,540.540540541,284.8,0,PAPER,success,rebalance_entry,2026-08-03,ts500-lfr-2026-08-03,trisight_sim,ts500_rebalance_entry,2026-08-03T15:50:00-04:00,locked_session_preclose_1545_1555_america_new_york,,,real_daily_close_as_of_price_as_of_date_not_an_intraday_observation,2026-08-03,False
trisight_500_late_failed_recovery_shadow,2026-08-03T15:50:00-04:00,PAPER,BUY,LAD,LAD,1.40436617444,384.9,540.540540541,384.9,0,PAPER,success,rebalance_entry,2026-08-03,ts500-lfr-2026-08-03,trisight_sim,ts500_rebalance_entry,2026-08-03T15:50:00-04:00,locked_session_preclose_1545_1555_america_new_york,,,real_daily_close_as_of_price_as_of_date_not_an_intraday_observation,2026-08-03,False
trisight_500_late_failed_recovery_shadow,2026-08-03T15:50:00-04:00,PAPER,BUY,CNK,CNK,14.1985957589,38.07,540.540540541,38.07,0,PAPER,success,rebalance_entry,2026-08-03,ts500-lfr-2026-08-03,trisight_sim,ts500_rebalance_entry,2026-08-03T15:50:00-04:00,locked_session_preclose_1545_1555_america_new_york,,,real_daily_close_as_of_price_as_of_date_not_an_intraday_observation,2026-08-03,False
trisight_500_late_failed_recovery_shadow,2026-08-03T15:50:00-04:00,PAPER,BUY,CDNA,CDNA,11.2301677343,48.1329,540.540540541,48.1329,0,PAPER,success,rebalance_entry,2026-08-03,ts500-lfr-2026-08-03,trisight_sim,ts500_rebalance_entry,2026-08-03T15:50:00-04:00,locked_session_preclose_1545_1555_america_new_york,,,real_daily_close_as_of_price_as_of_date_not_an_intraday_observation,2026-08-03,False
trisight_500_late_failed_recovery_shadow,2026-08-03T15:50:00-04:00,PAPER,BUY,LOGI,LOGI,5.12457850342,105.48,540.540540541,105.48,0,PAPER,success,rebalance_entry,2026-08-03,ts500-lfr-2026-08-03,trisight_sim,ts500_rebalance_entry,2026-08-03T15:50:00-04:00,locked_session_preclose_1545_1555_america_new_york,,,real_daily_close_as_of_price_as_of_date_not_an_intraday_observation,2026-08-03,False
trisight_500_late_failed_recovery_shadow,2026-08-03T15:50:00-04:00,PAPER,BUY,WHD,WHD,8.40066113203,64.345,540.540540541,64.345,0,PAPER,success,rebalance_entry,2026-08-03,ts500-lfr-2026-08-03,trisight_sim,ts500_rebalance_entry,2026-08-03T15:50:00-04:00,locked_session_preclose_1545_1555_america_new_york,,,real_daily_close_as_of_price_as_of_date_not_an_intraday_observation,2026-08-03,False
trisight_500_late_failed_recovery_shadow,2026-08-03T15:50:00-04:00,PAPER,BUY,ZG,ZG,15.30192613,35.325,540.540540541,35.325,0,PAPER,success,rebalance_entry,2026-08-03,ts500-lfr-2026-08-03,trisight_sim,ts500_rebalance_entry,2026-08-03T15:50:00-04:00,locked_session_preclose_1545_1555_america_new_york,,,real_daily_close_as_of_price_as_of_date_not_an_intraday_observation,2026-08-03,False
trisight_500_late_failed_recovery_shadow,2026-08-03T15:50:00-04:00,PAPER,BUY,PI,PI,3.38027978576,159.91,540.540540541,159.91,0,PAPER,success,rebalance_entry,2026-08-03,ts500-lfr-2026-08-03,trisight_sim,ts500_rebalance_entry,2026-08-03T15:50:00-04:00,locked_session_preclose_1545_1555_america_new_york,,,real_daily_close_as_of_price_as_of_date_not_an_intraday_observation,2026-08-03,False
trisight_500_late_failed_recovery_shadow,2026-08-03T15:50:00-04:00,PAPER,BUY,DLB,DLB,9.01652277799,59.95,540.540540541,59.95,0,PAPER,success,rebalance_entry,2026-08-03,ts500-lfr-2026-08-03,trisight_sim,ts500_rebalance_entry,2026-08-03T15:50:00-04:00,locked_session_preclose_1545_1555_america_new_york,,,real_daily_close_as_of_price_as_of_date_not_an_intraday_observation,2026-08-03,False
trisight_500_late_failed_recovery_shadow,2026-08-03T15:50:00-04:00,PAPER,BUY,RACE,RACE,1.35468726875,399.015,540.540540541,399.015,0,PAPER,success,rebalance_entry,2026-08-03,ts500-lfr-2026-08-03,trisight_sim,ts500_rebalance_entry,2026-08-03T15:50:00-04:00,locked_session_preclose_1545_1555_america_new_york,,,real_daily_close_as_of_price_as_of_date_not_an_intraday_observation,2026-08-03,False
trisight_500_late_failed_recovery_shadow,2026-08-03T15:50:00-04:00,PAPER,BUY,GRMN,GRMN,1.79429566494,301.255,540.540540541,301.255,0,PAPER,success,rebalance_entry,2026-08-03,ts500-lfr-2026-08-03,trisight_sim,ts500_rebalance_entry,2026-08-03T15:50:00-04:00,locked_session_preclose_1545_1555_america_new_york,,,real_daily_close_as_of_price_as_of_date_not_an_intraday_observation,2026-08-03,False
trisight_500_late_failed_recovery_shadow,2026-08-03T15:50:00-04:00,PAPER,BUY,SKYT,SKYT,16.6525120314,32.46,540.540540541,32.46,0,PAPER,success,rebalance_entry,2026-08-03,ts500-lfr-2026-08-03,trisight_sim,ts500_rebalance_entry,2026-08-03T15:50:00-04:00,locked_session_preclose_1545_1555_america_new_york,,,real_daily_close_as_of_price_as_of_date_not_an_intraday_observation,2026-07-30,False
trisight_500_late_failed_recovery_shadow,2026-08-03T15:50:00-04:00,PAPER,BUY,CLW,CLW,25.2235436556,21.43,540.540540541,21.43,0,PAPER,success,rebalance_entry,2026-08-03,ts500-lfr-2026-08-03,trisight_sim,ts500_rebalance_entry,2026-08-03T15:50:00-04:00,locked_session_preclose_1545_1555_america_new_york,,,real_daily_close_as_of_price_as_of_date_not_an_intraday_observation,2026-08-03,False
trisight_500_late_failed_recovery_shadow,2026-08-03T15:50:00-04:00,PAPER,BUY,SONO,SONO,34.6278373184,15.61,540.540540541,15.61,0,PAPER,success,rebalance_entry,2026-08-03,ts500-lfr-2026-08-03,trisight_sim,ts500_rebalance_entry,2026-08-03T15:50:00-04:00,locked_session_preclose_1545_1555_america_new_york,,,real_daily_close_as_of_price_as_of_date_not_an_intraday_observation,2026-08-03,False
trisight_500_late_failed_recovery_shadow,2026-08-03T15:50:00-04:00,PAPER,BUY,CTSH,CTSH,9.73596074461,55.52,540.540540541,55.52,0,PAPER,success,rebalance_entry,2026-08-03,ts500-lfr-2026-08-03,trisight_sim,ts500_rebalance_entry,2026-08-03T15:50:00-04:00,locked_session_preclose_1545_1555_america_new_york,,,real_daily_close_as_of_price_as_of_date_not_an_intraday_observation,2026-08-03,False
trisight_500_late_failed_recovery_shadow,2026-08-03T15:50:00-04:00,PAPER,BUY,KNSA,KNSA,7.33692402395,73.674,540.540540541,73.674,0,PAPER,success,rebalance_entry,2026-08-03,ts500-lfr-2026-08-03,trisight_sim,ts500_rebalance_entry,2026-08-03T15:50:00-04:00,locked_session_preclose_1545_1555_america_new_york,,,real_daily_close_as_of_price_as_of_date_not_an_intraday_observation,2026-08-03,False
trisight_500_late_failed_recovery_shadow,2026-08-03T15:50:00-04:00,PAPER,BUY,AII,AII,26.000026,20.79,540.540540541,20.79,0,PAPER,success,rebalance_entry,2026-08-03,ts500-lfr-2026-08-03,trisight_sim,ts500_rebalance_entry,2026-08-03T15:50:00-04:00,locked_session_preclose_1545_1555_america_new_york,,,real_daily_close_as_of_price_as_of_date_not_an_intraday_observation,2026-08-03,False
trisight_500_late_failed_recovery_shadow,2026-08-03T15:50:00-04:00,PAPER,BUY,REGN,REGN,0.235084063122,766.45,180.18018018,766.45,0,PAPER,success,rebalance_entry,2026-08-03,ts500-lfr-2026-08-03,trisight_sim,ts500_rebalance_entry,2026-08-03T15:50:00-04:00,locked_session_preclose_1545_1555_america_new_york,,,real_daily_close_as_of_price_as_of_date_not_an_intraday_observation,2026-08-03,False
trisight_500_late_failed_recovery_shadow,2026-08-03T15:50:00-04:00,PAPER,BUY,SOLV,SOLV,2.06155576687,87.4001,180.18018018,87.4001,0,PAPER,success,rebalance_entry,2026-08-03,ts500-lfr-2026-08-03,trisight_sim,ts500_rebalance_entry,2026-08-03T15:50:00-04:00,locked_session_preclose_1545_1555_america_new_york,,,real_daily_close_as_of_price_as_of_date_not_an_intraday_observation,2026-08-03,False
trisight_500_late_failed_recovery_shadow,2026-08-03T15:50:00-04:00,PAPER,BUY,ARES,ARES,1.32915447167,135.56,180.18018018,135.56,0,PAPER,success,rebalance_entry,2026-08-03,ts500-lfr-2026-08-03,trisight_sim,ts500_rebalance_entry,2026-08-03T15:50:00-04:00,locked_session_preclose_1545_1555_america_new_york,,,real_daily_close_as_of_price_as_of_date_not_an_intraday_observation,2026-08-03,False
trisight_500_late_failed_recovery_shadow,2026-08-03T15:50:00-04:00,PAPER,BUY,PSN,PSN,3.84138535722,46.905,180.18018018,46.905,0,PAPER,success,rebalance_entry,2026-08-03,ts500-lfr-2026-08-03,trisight_sim,ts500_rebalance_entry,2026-08-03T15:50:00-04:00,locked_session_preclose_1545_1555_america_new_york,,,real_daily_close_as_of_price_as_of_date_not_an_intraday_observation,2026-08-03,False
trisight_500_late_failed_recovery_shadow,2026-08-03T15:50:00-04:00,PAPER,BUY,PTC,PTC,1.2732681802,141.51,180.18018018,141.51,0,PAPER,success,rebalance_entry,2026-08-03,ts500-lfr-2026-08-03,trisight_sim,ts500_rebalance_entry,2026-08-03T15:50:00-04:00,locked_session_preclose_1545_1555_america_new_york,,,real_daily_close_as_of_price_as_of_date_not_an_intraday_observation,2026-08-03,False
trisight_500_late_failed_recovery_shadow,2026-08-03T15:50:00-04:00,PAPER,BUY,LIND,LIND,5.59739609134,32.19,180.18018018,32.19,0,PAPER,success,rebalance_entry,2026-08-03,ts500-lfr-2026-08-03,trisight_sim,ts500_rebalance_entry,2026-08-03T15:50:00-04:00,locked_session_preclose_1545_1555_america_new_york,,,real_daily_close_as_of_price_as_of_date_not_an_intraday_observation,2026-08-03,False
trisight_500_late_failed_recovery_shadow,2026-08-03T15:50:00-04:00,PAPER,BUY,BE,BE,0.821989873085,219.2,180.18018018,219.2,0,PAPER,success,rebalance_entry,2026-08-03,ts500-lfr-2026-08-03,trisight_sim,ts500_rebalance_entry,2026-08-03T15:50:00-04:00,locked_session_preclose_1545_1555_america_new_york,,,real_daily_close_as_of_price_as_of_date_not_an_intraday_observation,2026-08-03,False
trisight_500_late_failed_recovery_shadow,2026-08-03T15:50:00-04:00,PAPER,BUY,QURE,QURE,4.07002891756,44.27,180.18018018,44.27,0,PAPER,success,rebalance_entry,2026-08-03,ts500-lfr-2026-08-03,trisight_sim,ts500_rebalance_entry,2026-08-03T15:50:00-04:00,locked_session_preclose_1545_1555_america_new_york,,,real_daily_close_as_of_price_as_of_date_not_an_intraday_observation,2026-08-03,False
trisight_500_late_failed_recovery_shadow,2026-08-03T15:50:00-04:00,PAPER,BUY,UHS,UHS,1.04688966463,172.11,180.18018018,172.11,0,PAPER,success,rebalance_entry,2026-08-03,ts500-lfr-2026-08-03,trisight_sim,ts500_rebalance_entry,2026-08-03T15:50:00-04:00,locked_session_preclose_1545_1555_america_new_york,,,real_daily_close_as_of_price_as_of_date_not_an_intraday_observation,2026-08-03,False
trisight_500_late_failed_recovery_shadow,2026-08-03T15:50:00-04:00,PAPER,BUY,AAMI,AAMI,2.03134363225,88.7,180.18018018,88.7,0,PAPER,success,rebalance_entry,2026-08-03,ts500-lfr-2026-08-03,trisight_sim,ts500_rebalance_entry,2026-08-03T15:50:00-04:00,locked_session_preclose_1545_1555_america_new_york,,,real_daily_close_as_of_price_as_of_date_not_an_intraday_observation,2026-08-03,False
trisight_500_late_failed_recovery_shadow,2026-08-03T15:50:00-04:00,PAPER,BUY,IDCC,IDCC,0.589894024064,305.445,180.18018018,305.445,0,PAPER,success,rebalance_entry,2026-08-03,ts500-lfr-2026-08-03,trisight_sim,ts500_rebalance_entry,2026-08-03T15:50:00-04:00,locked_session_preclose_1545_1555_america_new_york,,,real_daily_close_as_of_price_as_of_date_not_an_intraday_observation,2026-08-03,False
trisight_500_late_failed_recovery_shadow,2026-08-03T15:50:00-04:00,PAPER,BUY,NEO,NEO,11.2296777925,16.045,180.18018018,16.045,0,PAPER,success,rebalance_entry,2026-08-03,ts500-lfr-2026-08-03,trisight_sim,ts500_rebalance_entry,2026-08-03T15:50:00-04:00,locked_session_preclose_1545_1555_america_new_york,,,real_daily_close_as_of_price_as_of_date_not_an_intraday_observation,2026-08-03,False
trisight_500_late_failed_recovery_shadow,2026-08-03T15:50:00-04:00,PAPER,BUY,LTH,LTH,4.01381555313,44.89,180.18018018,44.89,0,PAPER,success,rebalance_entry,2026-08-03,ts500-lfr-2026-08-03,trisight_sim,ts500_rebalance_entry,2026-08-03T15:50:00-04:00,locked_session_preclose_1545_1555_america_new_york,,,real_daily_close_as_of_price_as_of_date_not_an_intraday_observation,2026-08-03,False
trisight_500_late_failed_recovery_shadow,2026-08-03T15:50:00-04:00,PAPER,BUY,COHU,COHU,3.68994839607,48.83,180.18018018,48.83,0,PAPER,success,rebalance_entry,2026-08-03,ts500-lfr-2026-08-03,trisight_sim,ts500_rebalance_entry,2026-08-03T15:50:00-04:00,locked_session_preclose_1545_1555_america_new_york,,,real_daily_close_as_of_price_as_of_date_not_an_intraday_observation,2026-08-03,False
trisight_500_late_failed_recovery_shadow,2026-08-03T15:50:00-04:00,PAPER,BUY,SONY,SONY,7.94795677901,22.67,180.18018018,22.67,0,PAPER,success,rebalance_entry,2026-08-03,ts500-lfr-2026-08-03,trisight_sim,ts500_rebalance_entry,2026-08-03T15:50:00-04:00,locked_session_preclose_1545_1555_america_new_york,,,real_daily_close_as_of_price_as_of_date_not_an_intraday_observation,2026-08-03,False
trisight_500_late_failed_recovery_shadow,2026-08-03T15:50:00-04:00,PAPER,BUY,KBR,KBR,4.85137803393,37.14,180.18018018,37.14,0,PAPER,success,rebalance_entry,2026-08-03,ts500-lfr-2026-08-03,trisight_sim,ts500_rebalance_entry,2026-08-03T15:50:00-04:00,locked_session_preclose_1545_1555_america_new_york,,,real_daily_close_as_of_price_as_of_date_not_an_intraday_observation,2026-08-03,False
trisight_500_late_failed_recovery_shadow,2026-08-03T15:50:00-04:00,PAPER,BUY,TT,TT,0.391385487994,460.365,180.18018018,460.365,0,PAPER,success,rebalance_entry,2026-08-03,ts500-lfr-2026-08-03,trisight_sim,ts500_rebalance_entry,2026-08-03T15:50:00-04:00,locked_session_preclose_1545_1555_america_new_york,,,real_daily_close_as_of_price_as_of_date_not_an_intraday_observation,2026-08-03,False
trisight_500_late_failed_recovery_shadow,2026-08-03T15:50:00-04:00,PAPER,BUY,SFM,SFM,2.01206231357,89.55,180.18018018,89.55,0,PAPER,success,rebalance_entry,2026-08-03,ts500-lfr-2026-08-03,trisight_sim,ts500_rebalance_entry,2026-08-03T15:50:00-04:00,locked_session_preclose_1545_1555_america_new_york,,,real_daily_close_as_of_price_as_of_date_not_an_intraday_observation,2026-08-03,False
trisight_500_late_failed_recovery_shadow,2026-08-03T15:50:00-04:00,PAPER,BUY,WY,WY,7.20720720721,25,180.18018018,25,0,PAPER,success,rebalance_entry,2026-08-03,ts500-lfr-2026-08-03,trisight_sim,ts500_rebalance_entry,2026-08-03T15:50:00-04:00,locked_session_preclose_1545_1555_america_new_york,,,real_daily_close_as_of_price_as_of_date_not_an_intraday_observation,2026-08-03,False
trisight_500_late_failed_recovery_shadow,2026-08-03T15:50:00-04:00,PAPER,BUY,ETN,ETN,0.41914064432,429.88,180.18018018,429.88,0,PAPER,success,rebalance_entry,2026-08-03,ts500-lfr-2026-08-03,trisight_sim,ts500_rebalance_entry,2026-08-03T15:50:00-04:00,locked_session_preclose_1545_1555_america_new_york,,,real_daily_close_as_of_price_as_of_date_not_an_intraday_observation,2026-08-03,False
trisight_500_late_failed_recovery_shadow,2026-08-03T15:50:00-04:00,PAPER,BUY,EPAM,EPAM,1.72421225053,104.5,180.18018018,104.5,0,PAPER,success,rebalance_entry,2026-08-03,ts500-lfr-2026-08-03,trisight_sim,ts500_rebalance_entry,2026-08-03T15:50:00-04:00,locked_session_preclose_1545_1555_america_new_york,,,real_daily_close_as_of_price_as_of_date_not_an_intraday_observation,2026-08-03,False
trisight_500_late_failed_recovery_shadow,2026-08-03T15:50:00-04:00,PAPER,BUY,TW,TW,1.8238706365,98.79,180.18018018,98.79,0,PAPER,success,rebalance_entry,2026-08-03,ts500-lfr-2026-08-03,trisight_sim,ts500_rebalance_entry,2026-08-03T15:50:00-04:00,locked_session_preclose_1545_1555_america_new_york,,,real_daily_close_as_of_price_as_of_date_not_an_intraday_observation,2026-08-03,False
trisight_500_late_failed_recovery_shadow,2026-08-03T15:50:00-04:00,PAPER,BUY,TNDM,TNDM,9.00900900901,20,180.18018018,20,0,PAPER,success,rebalance_entry,2026-08-03,ts500-lfr-2026-08-03,trisight_sim,ts500_rebalance_entry,2026-08-03T15:50:00-04:00,locked_session_preclose_1545_1555_america_new_york,,,real_daily_close_as_of_price_as_of_date_not_an_intraday_observation,2026-08-03,False
trisight_500_late_failed_recovery_shadow,2026-08-03T15:50:00-04:00,PAPER,BUY,GEF,GEF,2.0802422234,86.615,180.18018018,86.615,0,PAPER,success,rebalance_entry,2026-08-03,ts500-lfr-2026-08-03,trisight_sim,ts500_rebalance_entry,2026-08-03T15:50:00-04:00,locked_session_preclose_1545_1555_america_new_york,,,real_daily_close_as_of_price_as_of_date_not_an_intraday_observation,2026-08-03,False
trisight_500_late_failed_recovery_shadow,2026-08-03T15:50:00-04:00,PAPER,BUY,AAUC,AAUC,9.34786927005,19.275,180.18018018,19.275,0,PAPER,success,rebalance_entry,2026-08-03,ts500-lfr-2026-08-03,trisight_sim,ts500_rebalance_entry,2026-08-03T15:50:00-04:00,locked_session_preclose_1545_1555_america_new_york,,,real_daily_close_as_of_price_as_of_date_not_an_intraday_observation,2026-08-03,False
trisight_500_late_failed_recovery_shadow,2026-08-03T15:50:00-04:00,PAPER,BUY,ZBRA,ZBRA,0.616611957771,292.21,180.18018018,292.21,0,PAPER,success,rebalance_entry,2026-08-03,ts500-lfr-2026-08-03,trisight_sim,ts500_rebalance_entry,2026-08-03T15:50:00-04:00,locked_session_preclose_1545_1555_america_new_york,,,real_daily_close_as_of_price_as_of_date_not_an_intraday_observation,2026-08-03,False
trisight_500_late_failed_recovery_shadow,2026-08-03T15:50:00-04:00,PAPER,BUY,ARX,ARX,15.0275379633,11.99,180.18018018,11.99,0,PAPER,success,rebalance_entry,2026-08-03,ts500-lfr-2026-08-03,trisight_sim,ts500_rebalance_entry,2026-08-03T15:50:00-04:00,locked_session_preclose_1545_1555_america_new_york,,,real_daily_close_as_of_price_as_of_date_not_an_intraday_observation,2026-08-03,False
trisight_500_late_failed_recovery_shadow,2026-08-03T15:50:00-04:00,PAPER,BUY,ROCK,ROCK,4.02817304226,44.73,180.18018018,44.73,0,PAPER,success,rebalance_entry,2026-08-03,ts500-lfr-2026-08-03,trisight_sim,ts500_rebalance_entry,2026-08-03T15:50:00-04:00,locked_session_preclose_1545_1555_america_new_york,,,real_daily_close_as_of_price_as_of_date_not_an_intraday_observation,2026-08-03,False
trisight_500_late_failed_recovery_shadow,2026-08-03T15:50:00-04:00,PAPER,BUY,DFIN,DFIN,3.72619543336,48.355,180.18018018,48.355,0,PAPER,success,rebalance_entry,2026-08-03,ts500-lfr-2026-08-03,trisight_sim,ts500_rebalance_entry,2026-08-03T15:50:00-04:00,locked_session_preclose_1545_1555_america_new_york,,,real_daily_close_as_of_price_as_of_date_not_an_intraday_observation,2026-08-03,False
trisight_500_late_failed_recovery_shadow,2026-08-03T15:50:00-04:00,PAPER,BUY,NVT,NVT,1.13406457817,158.88,180.18018018,158.88,0,PAPER,success,rebalance_entry,2026-08-03,ts500-lfr-2026-08-03,trisight_sim,ts500_rebalance_entry,2026-08-03T15:50:00-04:00,locked_session_preclose_1545_1555_america_new_york,,,real_daily_close_as_of_price_as_of_date_not_an_intraday_observation,2026-08-03,False
trisight_500_late_failed_recovery_shadow,2026-08-03T15:50:00-04:00,PAPER,BUY,TFSL,TFSL,9.64561992399,18.68,180.18018018,18.68,0,PAPER,success,rebalance_entry,2026-08-03,ts500-lfr-2026-08-03,trisight_sim,ts500_rebalance_entry,2026-08-03T15:50:00-04:00,locked_session_preclose_1545_1555_america_new_york,,,real_daily_close_as_of_price_as_of_date_not_an_intraday_observation,2026-08-03,False
trisight_500_late_failed_recovery_shadow,2026-08-03T15:50:00-04:00,PAPER,BUY,KSS,KSS,8.90218281523,20.24,180.18018018,20.24,0,PAPER,success,rebalance_entry,2026-08-03,ts500-lfr-2026-08-03,trisight_sim,ts500_rebalance_entry,2026-08-03T15:50:00-04:00,locked_session_preclose_1545_1555_america_new_york,,,real_daily_close_as_of_price_as_of_date_not_an_intraday_observation,2026-08-03,False
trisight_500_late_failed_recovery_shadow,2026-08-03T15:50:00-04:00,PAPER,BUY,XHR,XHR,8.72120910843,20.66,180.18018018,20.66,0,PAPER,success,rebalance_entry,2026-08-03,ts500-lfr-2026-08-03,trisight_sim,ts500_rebalance_entry,2026-08-03T15:50:00-04:00,locked_session_preclose_1545_1555_america_new_york,,,real_daily_close_as_of_price_as_of_date_not_an_intraday_observation,2026-08-03,False
trisight_500_late_failed_recovery_shadow,2026-08-03T15:50:00-04:00,PAPER,BUY,MOD,MOD,0.896686474471,200.94,180.18018018,200.94,0,PAPER,success,rebalance_entry,2026-08-03,ts500-lfr-2026-08-03,trisight_sim,ts500_rebalance_entry,2026-08-03T15:50:00-04:00,locked_session_preclose_1545_1555_america_new_york,,,real_daily_close_as_of_price_as_of_date_not_an_intraday_observation,2026-08-03,False
trisight_500_late_failed_recovery_shadow,2026-08-03T15:50:00-04:00,PAPER,BUY,CRI,CRI,4.48991228956,40.13,180.18018018,40.13,0,PAPER,success,rebalance_entry,2026-08-03,ts500-lfr-2026-08-03,trisight_sim,ts500_rebalance_entry,2026-08-03T15:50:00-04:00,locked_session_preclose_1545_1555_america_new_york,,,real_daily_close_as_of_price_as_of_date_not_an_intraday_observation,2026-08-03,False
trisight_500_late_failed_recovery_shadow,2026-08-03T15:50:00-04:00,PAPER,BUY,WCC,WCC,0.501880672349,359.01,180.18018018,359.01,0,PAPER,success,rebalance_entry,2026-08-03,ts500-lfr-2026-08-03,trisight_sim,ts500_rebalance_entry,2026-08-03T15:50:00-04:00,locked_session_preclose_1545_1555_america_new_york,,,real_daily_close_as_of_price_as_of_date_not_an_intraday_observation,2026-08-03,False
trisight_500_late_failed_recovery_shadow,2026-08-03T15:50:00-04:00,PAPER,BUY,AVTR,AVTR,13.1374538957,13.715,180.18018018,13.715,0,PAPER,success,rebalance_entry,2026-08-03,ts500-lfr-2026-08-03,trisight_sim,ts500_rebalance_entry,2026-08-03T15:50:00-04:00,locked_session_preclose_1545_1555_america_new_york,,,real_daily_close_as_of_price_as_of_date_not_an_intraday_observation,2026-08-03,False
trisight_500_late_failed_recovery_shadow,2026-08-03T15:50:00-04:00,PAPER,BUY,CGAU,CGAU,10.3492349328,17.41,180.18018018,17.41,0,PAPER,success,rebalance_entry,2026-08-03,ts500-lfr-2026-08-03,trisight_sim,ts500_rebalance_entry,2026-08-03T15:50:00-04:00,locked_session_preclose_1545_1555_america_new_york,,,real_daily_close_as_of_price_as_of_date_not_an_intraday_observation,2026-08-03,False
trisight_500_late_failed_recovery_shadow,2026-08-03T15:50:00-04:00,PAPER,BUY,AXGN,AXGN,3.92848970196,45.865,180.18018018,45.865,0,PAPER,success,rebalance_entry,2026-08-03,ts500-lfr-2026-08-03,trisight_sim,ts500_rebalance_entry,2026-08-03T15:50:00-04:00,locked_session_preclose_1545_1555_america_new_york,,,real_daily_close_as_of_price_as_of_date_not_an_intraday_observation,2026-08-03,False
trisight_500_late_failed_recovery_shadow,2026-08-03T15:50:00-04:00,PAPER,BUY,PWP,PWP,10.6805086058,16.87,180.18018018,16.87,0,PAPER,success,rebalance_entry,2026-08-03,ts500-lfr-2026-08-03,trisight_sim,ts500_rebalance_entry,2026-08-03T15:50:00-04:00,locked_session_preclose_1545_1555_america_new_york,,,real_daily_close_as_of_price_as_of_date_not_an_intraday_observation,2026-08-03,False
trisight_500_late_failed_recovery_shadow,2026-08-03T15:50:00-04:00,PAPER,BUY,BDC,BDC,1.43962751078,125.1575,180.18018018,125.1575,0,PAPER,success,rebalance_entry,2026-08-03,ts500-lfr-2026-08-03,trisight_sim,ts500_rebalance_entry,2026-08-03T15:50:00-04:00,locked_session_preclose_1545_1555_america_new_york,,,real_daily_close_as_of_price_as_of_date_not_an_intraday_observation,2026-08-03,False
trisight_500_late_failed_recovery_shadow,2026-08-03T15:50:00-04:00,PAPER,BUY,JLL,JLL,0.498958579889,361.1125,180.18018018,361.1125,0,PAPER,success,rebalance_entry,2026-08-03,ts500-lfr-2026-08-03,trisight_sim,ts500_rebalance_entry,2026-08-03T15:50:00-04:00,locked_session_preclose_1545_1555_america_new_york,,,real_daily_close_as_of_price_as_of_date_not_an_intraday_observation,2026-08-03,False
trisight_500_late_failed_recovery_shadow,2026-08-03T15:50:00-04:00,PAPER,BUY,BSX,BSX,3.77340691477,47.75,180.18018018,47.75,0,PAPER,success,rebalance_entry,2026-08-03,ts500-lfr-2026-08-03,trisight_sim,ts500_rebalance_entry,2026-08-03T15:50:00-04:00,locked_session_preclose_1545_1555_america_new_york,,,real_daily_close_as_of_price_as_of_date_not_an_intraday_observation,2026-08-03,False
trisight_500_late_failed_recovery_shadow,2026-08-03T15:50:00-04:00,PAPER,BUY,HAE,HAE,2.06865878508,87.1,180.18018018,87.1,0,PAPER,success,rebalance_entry,2026-08-03,ts500-lfr-2026-08-03,trisight_sim,ts500_rebalance_entry,2026-08-03T15:50:00-04:00,locked_session_preclose_1545_1555_america_new_york,,,real_daily_close_as_of_price_as_of_date_not_an_intraday_observation,2026-08-03,False
trisight_500_late_failed_recovery_shadow,2026-08-03T15:50:00-04:00,PAPER,BUY,HSAI,HSAI,10.1367189975,17.775,180.18018018,17.775,0,PAPER,success,rebalance_entry,2026-08-03,ts500-lfr-2026-08-03,trisight_sim,ts500_rebalance_entry,2026-08-03T15:50:00-04:00,locked_session_preclose_1545_1555_america_new_york,,,real_daily_close_as_of_price_as_of_date_not_an_intraday_observation,2026-08-03,False
trisight_500_late_failed_recovery_shadow,2026-08-03T15:50:00-04:00,PAPER,BUY,PWR,PWR,0.268041505155,672.21,180.18018018,672.21,0,PAPER,success,rebalance_entry,2026-08-03,ts500-lfr-2026-08-03,trisight_sim,ts500_rebalance_entry,2026-08-03T15:50:00-04:00,locked_session_preclose_1545_1555_america_new_york,,,real_daily_close_as_of_price_as_of_date_not_an_intraday_observation,2026-08-03,False
trisight_500_late_failed_recovery_shadow,2026-08-03T15:50:00-04:00,PAPER,BUY,VRT,VRT,0.707365657114,254.72,180.18018018,254.72,0,PAPER,success,rebalance_entry,2026-08-03,ts500-lfr-2026-08-03,trisight_sim,ts500_rebalance_entry,2026-08-03T15:50:00-04:00,locked_session_preclose_1545_1555_america_new_york,,,real_daily_close_as_of_price_as_of_date_not_an_intraday_observation,2026-08-03,False
trisight_500_late_failed_recovery_shadow,2026-08-03T15:50:00-04:00,PAPER,BUY,ATR,ATR,1.33333466667,135.135,180.18018018,135.135,0,PAPER,success,rebalance_entry,2026-08-03,ts500-lfr-2026-08-03,trisight_sim,ts500_rebalance_entry,2026-08-03T15:50:00-04:00,locked_session_preclose_1545_1555_america_new_york,,,real_daily_close_as_of_price_as_of_date_not_an_intraday_observation,2026-08-03,False
trisight_500_late_failed_recovery_shadow,2026-08-03T15:50:00-04:00,PAPER,BUY,CHYM,CHYM,7.57059580589,23.8,180.18018018,23.8,0,PAPER,success,rebalance_entry,2026-08-03,ts500-lfr-2026-08-03,trisight_sim,ts500_rebalance_entry,2026-08-03T15:50:00-04:00,locked_session_preclose_1545_1555_america_new_york,,,real_daily_close_as_of_price_as_of_date_not_an_intraday_observation,2026-08-03,False
trisight_500_late_failed_recovery_shadow,2026-08-03T15:50:00-04:00,PAPER,BUY,LNTH,LNTH,1.76284297212,102.21,180.18018018,102.21,0,PAPER,success,rebalance_entry,2026-08-03,ts500-lfr-2026-08-03,trisight_sim,ts500_rebalance_entry,2026-08-03T15:50:00-04:00,locked_session_preclose_1545_1555_america_new_york,,,real_daily_close_as_of_price_as_of_date_not_an_intraday_observation,2026-08-03,False
trisight_500_late_failed_recovery_shadow,2026-08-03T15:50:00-04:00,PAPER,BUY,SHOO,SHOO,3.81212694764,47.265,180.18018018,47.265,0,PAPER,success,rebalance_entry,2026-08-03,ts500-lfr-2026-08-03,trisight_sim,ts500_rebalance_entry,2026-08-03T15:50:00-04:00,locked_session_preclose_1545_1555_america_new_york,,,real_daily_close_as_of_price_as_of_date_not_an_intraday_observation,2026-08-03,False
trisight_500_late_failed_recovery_shadow,2026-08-03T15:50:00-04:00,PAPER,BUY,CORZ,CORZ,8.1235428395,22.18,180.18018018,22.18,0,PAPER,success,rebalance_entry,2026-08-03,ts500-lfr-2026-08-03,trisight_sim,ts500_rebalance_entry,2026-08-03T15:50:00-04:00,locked_session_preclose_1545_1555_america_new_york,,,real_daily_close_as_of_price_as_of_date_not_an_intraday_observation,2026-08-03,False
trisight_500_late_failed_recovery_shadow,2026-08-03T15:50:00-04:00,PAPER,BUY,FTAI,FTAI,0.805814759303,223.6,180.18018018,223.6,0,PAPER,success,rebalance_entry,2026-08-03,ts500-lfr-2026-08-03,trisight_sim,ts500_rebalance_entry,2026-08-03T15:50:00-04:00,locked_session_preclose_1545_1555_america_new_york,,,real_daily_close_as_of_price_as_of_date_not_an_intraday_observation,2026-08-03,False
trisight_500_late_failed_recovery_shadow,2026-08-03T15:50:00-04:00,PAPER,BUY,CHD,CHD,1.79462330857,100.4,180.18018018,100.4,0,PAPER,success,rebalance_entry,2026-08-03,ts500-lfr-2026-08-03,trisight_sim,ts500_rebalance_entry,2026-08-03T15:50:00-04:00,locked_session_preclose_1545_1555_america_new_york,,,real_daily_close_as_of_price_as_of_date_not_an_intraday_observation,2026-08-03,False
trisight_500_late_failed_recovery_shadow,2026-08-03T15:50:00-04:00,PAPER,BUY,DD,DD,1.29532839813,139.1,180.18018018,139.1,0,PAPER,success,rebalance_entry,2026-08-03,ts500-lfr-2026-08-03,trisight_sim,ts500_rebalance_entry,2026-08-03T15:50:00-04:00,locked_session_preclose_1545_1555_america_new_york,,,real_daily_close_as_of_price_as_of_date_not_an_intraday_observation,2026-08-03,False
trisight_500_late_failed_recovery_shadow,2026-08-03T15:50:00-04:00,PAPER,BUY,FLS,FLS,2.36612186711,76.15,180.18018018,76.15,0,PAPER,success,rebalance_entry,2026-08-03,ts500-lfr-2026-08-03,trisight_sim,ts500_rebalance_entry,2026-08-03T15:50:00-04:00,locked_session_preclose_1545_1555_america_new_york,,,real_daily_close_as_of_price_as_of_date_not_an_intraday_observation,2026-08-03,False
trisight_500_late_failed_recovery_shadow,2026-08-03T15:50:00-04:00,PAPER,BUY,AWI,AWI,1.01690425363,177.185,180.18018018,177.185,0,PAPER,success,rebalance_entry,2026-08-03,ts500-lfr-2026-08-03,trisight_sim,ts500_rebalance_entry,2026-08-03T15:50:00-04:00,locked_session_preclose_1545_1555_america_new_york,,,real_daily_close_as_of_price_as_of_date_not_an_intraday_observation,2026-08-03,False
trisight_500_late_failed_recovery_shadow,2026-08-03T15:50:00-04:00,PAPER,BUY,ILMN,ILMN,0.885058356323,203.58,180.18018018,203.58,0,PAPER,success,rebalance_entry,2026-08-03,ts500-lfr-2026-08-03,trisight_sim,ts500_rebalance_entry,2026-08-03T15:50:00-04:00,locked_session_preclose_1545_1555_america_new_york,,,real_daily_close_as_of_price_as_of_date_not_an_intraday_observation,2026-08-03,False
trisight_500_late_failed_recovery_shadow,2026-08-03T15:50:00-04:00,PAPER,BUY,PHIN,PHIN,2.33757369201,77.08,180.18018018,77.08,0,PAPER,success,rebalance_entry,2026-08-03,ts500-lfr-2026-08-03,trisight_sim,ts500_rebalance_entry,2026-08-03T15:50:00-04:00,locked_session_preclose_1545_1555_america_new_york,,,real_daily_close_as_of_price_as_of_date_not_an_intraday_observation,2026-08-03,False
trisight_500_late_failed_recovery_shadow,2026-08-03T15:50:00-04:00,PAPER,BUY,SBCF,SBCF,5.14653470952,35.01,180.18018018,35.01,0,PAPER,success,rebalance_entry,2026-08-03,ts500-lfr-2026-08-03,trisight_sim,ts500_rebalance_entry,2026-08-03T15:50:00-04:00,locked_session_preclose_1545_1555_america_new_york,,,real_daily_close_as_of_price_as_of_date_not_an_intraday_observation,2026-08-03,False
trisight_500_late_failed_recovery_shadow,2026-08-03T15:50:00-04:00,PAPER,BUY,G,G,5.06835949874,35.55,180.18018018,35.55,0,PAPER,success,rebalance_entry,2026-08-03,ts500-lfr-2026-08-03,trisight_sim,ts500_rebalance_entry,2026-08-03T15:50:00-04:00,locked_session_preclose_1545_1555_america_new_york,,,real_daily_close_as_of_price_as_of_date_not_an_intraday_observation,2026-08-03,False
trisight_500_late_failed_recovery_shadow,2026-08-03T15:50:00-04:00,PAPER,BUY,GH,GH,1.10903997895,162.465,180.18018018,162.465,0,PAPER,success,rebalance_entry,2026-08-03,ts500-lfr-2026-08-03,trisight_sim,ts500_rebalance_entry,2026-08-03T15:50:00-04:00,locked_session_preclose_1545_1555_america_new_york,,,real_daily_close_as_of_price_as_of_date_not_an_intraday_observation,2026-08-03,False
trisight_500_late_failed_recovery_shadow,2026-08-03T15:50:00-04:00,PAPER,BUY,IEX,IEX,0.77580271337,232.25,180.18018018,232.25,0,PAPER,success,rebalance_entry,2026-08-03,ts500-lfr-2026-08-03,trisight_sim,ts500_rebalance_entry,2026-08-03T15:50:00-04:00,locked_session_preclose_1545_1555_america_new_york,,,real_daily_close_as_of_price_as_of_date_not_an_intraday_observation,2026-08-03,False
trisight_500_late_failed_recovery_shadow,2026-08-03T15:50:00-04:00,PAPER,BUY,SAP,SAP,0.947967486611,190.07,180.18018018,190.07,0,PAPER,success,rebalance_entry,2026-08-03,ts500-lfr-2026-08-03,trisight_sim,ts500_rebalance_entry,2026-08-03T15:50:00-04:00,locked_session_preclose_1545_1555_america_new_york,,,real_daily_close_as_of_price_as_of_date_not_an_intraday_observation,2026-08-03,False
trisight_500_late_failed_recovery_shadow,2026-08-03T15:50:00-04:00,PAPER,BUY,ATHM,ATHM,7.84073891123,22.98,180.18018018,22.98,0,PAPER,success,rebalance_entry,2026-08-03,ts500-lfr-2026-08-03,trisight_sim,ts500_rebalance_entry,2026-08-03T15:50:00-04:00,locked_session_preclose_1545_1555_america_new_york,,,real_daily_close_as_of_price_as_of_date_not_an_intraday_observation,2026-08-03,False
trisight_500_late_failed_recovery_shadow,2026-08-03T15:50:00-04:00,PAPER,BUY,UFPI,UFPI,2.00847375075,89.71,180.18018018,89.71,0,PAPER,success,rebalance_entry,2026-08-03,ts500-lfr-2026-08-03,trisight_sim,ts500_rebalance_entry,2026-08-03T15:50:00-04:00,locked_session_preclose_1545_1555_america_new_york,,,real_daily_close_as_of_price_as_of_date_not_an_intraday_observation,2026-08-03,False
trisight_500_late_failed_recovery_shadow,2026-08-03T15:50:00-04:00,PAPER,BUY,TTMI,TTMI,1.50225262782,119.94,180.18018018,119.94,0,PAPER,success,rebalance_entry,2026-08-03,ts500-lfr-2026-08-03,trisight_sim,ts500_rebalance_entry,2026-08-03T15:50:00-04:00,locked_session_preclose_1545_1555_america_new_york,,,real_daily_close_as_of_price_as_of_date_not_an_intraday_observation,2026-08-03,False
trisight_500_late_failed_recovery_shadow,2026-08-03T15:50:00-04:00,PAPER,BUY,FTNT,FTNT,1.09859264789,164.01,180.18018018,164.01,0,PAPER,success,rebalance_entry,2026-08-03,ts500-lfr-2026-08-03,trisight_sim,ts500_rebalance_entry,2026-08-03T15:50:00-04:00,locked_session_preclose_1545_1555_america_new_york,,,real_daily_close_as_of_price_as_of_date_not_an_intraday_observation,2026-08-03,False
trisight_500_late_failed_recovery_shadow,2026-08-03T15:50:00-04:00,PAPER,BUY,ZWS,ZWS,3.54364512804,50.846,180.18018018,50.846,0,PAPER,success,rebalance_entry,2026-08-03,ts500-lfr-2026-08-03,trisight_sim,ts500_rebalance_entry,2026-08-03T15:50:00-04:00,locked_session_preclose_1545_1555_america_new_york,,,real_daily_close_as_of_price_as_of_date_not_an_intraday_observation,2026-08-03,False
trisight_500_late_failed_recovery_shadow,2026-08-03T15:50:00-04:00,PAPER,BUY,GLOB,GLOB,4.87105109976,36.99,180.18018018,36.99,0,PAPER,success,rebalance_entry,2026-08-03,ts500-lfr-2026-08-03,trisight_sim,ts500_rebalance_entry,2026-08-03T15:50:00-04:00,locked_session_preclose_1545_1555_america_new_york,,,real_daily_close_as_of_price_as_of_date_not_an_intraday_observation,2026-08-03,False
trisight_500_late_failed_recovery_shadow,2026-08-03T15:50:00-04:00,PAPER,BUY,ICUI,ICUI,1.04346419679,172.675,180.18018018,172.675,0,PAPER,success,rebalance_entry,2026-08-03,ts500-lfr-2026-08-03,trisight_sim,ts500_rebalance_entry,2026-08-03T15:50:00-04:00,locked_session_preclose_1545_1555_america_new_york,,,real_daily_close_as_of_price_as_of_date_not_an_intraday_observation,2026-08-03,False
trisight_500_late_failed_recovery_shadow,2026-08-03T15:50:00-04:00,PAPER,BUY,STRL,STRL,0.299670991219,601.26,180.18018018,601.26,0,PAPER,success,rebalance_entry,2026-08-03,ts500-lfr-2026-08-03,trisight_sim,ts500_rebalance_entry,2026-08-03T15:50:00-04:00,locked_session_preclose_1545_1555_america_new_york,,,real_daily_close_as_of_price_as_of_date_not_an_intraday_observation,2026-08-03,False
trisight_500_late_failed_recovery_shadow,2026-08-03T15:50:00-04:00,PAPER,BUY,BDX,BDX,1.0684308597,168.64,180.18018018,168.64,0,PAPER,success,rebalance_entry,2026-08-03,ts500-lfr-2026-08-03,trisight_sim,ts500_rebalance_entry,2026-08-03T15:50:00-04:00,locked_session_preclose_1545_1555_america_new_york,,,real_daily_close_as_of_price_as_of_date_not_an_intraday_observation,2026-08-03,False
trisight_500_late_failed_recovery_shadow,2026-08-03T15:50:00-04:00,PAPER,BUY,FSLR,FSLR,0.757218660139,237.95,180.18018018,237.95,0,PAPER,success,rebalance_entry,2026-08-03,ts500-lfr-2026-08-03,trisight_sim,ts500_rebalance_entry,2026-08-03T15:50:00-04:00,locked_session_preclose_1545_1555_america_new_york,,,real_daily_close_as_of_price_as_of_date_not_an_intraday_observation,2026-08-03,False
trisight_500_late_failed_recovery_shadow,2026-08-03T15:50:00-04:00,PAPER,BUY,BEN,BEN,5.11584838672,35.22,180.18018018,35.22,0,PAPER,success,rebalance_entry,2026-08-03,ts500-lfr-2026-08-03,trisight_sim,ts500_rebalance_entry,2026-08-03T15:50:00-04:00,locked_session_preclose_1545_1555_america_new_york,,,real_daily_close_as_of_price_as_of_date_not_an_intraday_observation,2026-08-03,False
trisight_500_late_failed_recovery_shadow,2026-08-03T15:50:00-04:00,PAPER,BUY,JCI,JCI,1.22363450037,147.25,180.18018018,147.25,0,PAPER,success,rebalance_entry,2026-08-03,ts500-lfr-2026-08-03,trisight_sim,ts500_rebalance_entry,2026-08-03T15:50:00-04:00,locked_session_preclose_1545_1555_america_new_york,,,real_daily_close_as_of_price_as_of_date_not_an_intraday_observation,2026-08-03,False
trisight_500_late_failed_recovery_shadow,2026-08-03T15:50:00-04:00,PAPER,BUY,LFUS,LFUS,0.408683043414,440.88,180.18018018,440.88,0,PAPER,success,rebalance_entry,2026-08-03,ts500-lfr-2026-08-03,trisight_sim,ts500_rebalance_entry,2026-08-03T15:50:00-04:00,locked_session_preclose_1545_1555_america_new_york,,,real_daily_close_as_of_price_as_of_date_not_an_intraday_observation,2026-08-03,False
trisight_500_late_failed_recovery_shadow,2026-08-03T15:50:00-04:00,PAPER,BUY,GVA,GVA,1.44201824874,124.95,180.18018018,124.95,0,PAPER,success,rebalance_entry,2026-08-03,ts500-lfr-2026-08-03,trisight_sim,ts500_rebalance_entry,2026-08-03T15:50:00-04:00,locked_session_preclose_1545_1555_america_new_york,,,real_daily_close_as_of_price_as_of_date_not_an_intraday_observation,2026-08-03,False
trisight_500_late_failed_recovery_shadow,2026-08-03T15:50:00-04:00,PAPER,BUY,USPH,USPH,2.26655991169,79.495,180.18018018,79.495,0,PAPER,success,rebalance_entry,2026-08-03,ts500-lfr-2026-08-03,trisight_sim,ts500_rebalance_entry,2026-08-03T15:50:00-04:00,locked_session_preclose_1545_1555_america_new_york,,,real_daily_close_as_of_price_as_of_date_not_an_intraday_observation,2026-08-03,False
trisight_500_late_failed_recovery_shadow,2026-08-03T15:50:00-04:00,PAPER,BUY,GLW,GLW,1.24986251512,144.16,180.18018018,144.16,0,PAPER,success,rebalance_entry,2026-08-03,ts500-lfr-2026-08-03,trisight_sim,ts500_rebalance_entry,2026-08-03T15:50:00-04:00,locked_session_preclose_1545_1555_america_new_york,,,real_daily_close_as_of_price_as_of_date_not_an_intraday_observation,2026-08-03,False
trisight_500_late_failed_recovery_shadow,2026-08-03T15:50:00-04:00,PAPER,BUY,VVX,VVX,1.97047441142,91.44,180.18018018,91.44,0,PAPER,success,rebalance_entry,2026-08-03,ts500-lfr-2026-08-03,trisight_sim,ts500_rebalance_entry,2026-08-03T15:50:00-04:00,locked_session_preclose_1545_1555_america_new_york,,,real_daily_close_as_of_price_as_of_date_not_an_intraday_observation,2026-08-03,False
trisight_500_late_failed_recovery_shadow,2026-08-03T15:50:00-04:00,PAPER,BUY,CNMD,CNMD,3.44446912981,52.31,180.18018018,52.31,0,PAPER,success,rebalance_entry,2026-08-03,ts500-lfr-2026-08-03,trisight_sim,ts500_rebalance_entry,2026-08-03T15:50:00-04:00,locked_session_preclose_1545_1555_america_new_york,,,real_daily_close_as_of_price_as_of_date_not_an_intraday_observation,2026-08-03,False
trisight_500_late_failed_recovery_shadow,2026-08-03T15:50:00-04:00,PAPER,BUY,LII,LII,0.424432724442,424.52,180.18018018,424.52,0,PAPER,success,rebalance_entry,2026-08-03,ts500-lfr-2026-08-03,trisight_sim,ts500_rebalance_entry,2026-08-03T15:50:00-04:00,locked_session_preclose_1545_1555_america_new_york,,,real_daily_close_as_of_price_as_of_date_not_an_intraday_observation,2026-08-03,False
trisight_500_late_failed_recovery_shadow,2026-08-03T15:50:00-04:00,PAPER,BUY,ST,ST,3.7749880616,47.73,180.18018018,47.73,0,PAPER,success,rebalance_entry,2026-08-03,ts500-lfr-2026-08-03,trisight_sim,ts500_rebalance_entry,2026-08-03T15:50:00-04:00,locked_session_preclose_1545_1555_america_new_york,,,real_daily_close_as_of_price_as_of_date_not_an_intraday_observation,2026-08-03,False
trisight_500_late_failed_recovery_shadow,2026-08-03T15:50:00-04:00,PAPER,BUY,BP,BP,4.06406180625,44.335,180.18018018,44.335,0,PAPER,success,rebalance_entry,2026-08-03,ts500-lfr-2026-08-03,trisight_sim,ts500_rebalance_entry,2026-08-03T15:50:00-04:00,locked_session_preclose_1545_1555_america_new_york,,,real_daily_close_as_of_price_as_of_date_not_an_intraday_observation,2026-08-03,False
trisight_500_late_failed_recovery_shadow,2026-08-03T15:50:00-04:00,PAPER,BUY,ASH,ASH,2.50737795965,71.86,180.18018018,71.86,0,PAPER,success,rebalance_entry,2026-08-03,ts500-lfr-2026-08-03,trisight_sim,ts500_rebalance_entry,2026-08-03T15:50:00-04:00,locked_session_preclose_1545_1555_america_new_york,,,real_daily_close_as_of_price_as_of_date_not_an_intraday_observation,2026-08-03,False
trisight_500_late_failed_recovery_shadow,2026-08-03T15:50:00-04:00,PAPER,BUY,ICE,ICE,1.1839160272,152.19,180.18018018,152.19,0,PAPER,success,rebalance_entry,2026-08-03,ts500-lfr-2026-08-03,trisight_sim,ts500_rebalance_entry,2026-08-03T15:50:00-04:00,locked_session_preclose_1545_1555_america_new_york,,,real_daily_close_as_of_price_as_of_date_not_an_intraday_observation,2026-08-03,False
trisight_500_late_failed_recovery_shadow,2026-08-03T15:50:00-04:00,PAPER,BUY,IMAX,IMAX,3.62244029313,49.74,180.18018018,49.74,0,PAPER,success,rebalance_entry,2026-08-03,ts500-lfr-2026-08-03,trisight_sim,ts500_rebalance_entry,2026-08-03T15:50:00-04:00,locked_session_preclose_1545_1555_america_new_york,,,real_daily_close_as_of_price_as_of_date_not_an_intraday_observation,2026-08-03,False
trisight_500_late_failed_recovery_shadow,2026-08-03T15:50:00-04:00,PAPER,BUY,CORT,CORT,1.58791028624,113.47,180.18018018,113.47,0,PAPER,success,rebalance_entry,2026-08-03,ts500-lfr-2026-08-03,trisight_sim,ts500_rebalance_entry,2026-08-03T15:50:00-04:00,locked_session_preclose_1545_1555_america_new_york,,,real_daily_close_as_of_price_as_of_date_not_an_intraday_observation,2026-08-03,False
trisight_500_late_failed_recovery_shadow,2026-08-03T15:50:00-04:00,PAPER,BUY,HLNE,HLNE,1.94894732483,92.45,180.18018018,92.45,0,PAPER,success,rebalance_entry,2026-08-03,ts500-lfr-2026-08-03,trisight_sim,ts500_rebalance_entry,2026-08-03T15:50:00-04:00,locked_session_preclose_1545_1555_america_new_york,,,real_daily_close_as_of_price_as_of_date_not_an_intraday_observation,2026-08-03,False
trisight_500_late_failed_recovery_shadow,2026-08-03T15:50:00-04:00,PAPER,BUY,MAS,MAS,2.4628236766,73.16,180.18018018,73.16,0,PAPER,success,rebalance_entry,2026-08-03,ts500-lfr-2026-08-03,trisight_sim,ts500_rebalance_entry,2026-08-03T15:50:00-04:00,locked_session_preclose_1545_1555_america_new_york,,,real_daily_close_as_of_price_as_of_date_not_an_intraday_observation,2026-08-03,False
trisight_500_late_failed_recovery_shadow,2026-08-03T15:50:00-04:00,PAPER,BUY,GTES,GTES,6.311039586,28.55,180.18018018,28.55,0,PAPER,success,rebalance_entry,2026-08-03,ts500-lfr-2026-08-03,trisight_sim,ts500_rebalance_entry,2026-08-03T15:50:00-04:00,locked_session_preclose_1545_1555_america_new_york,,,real_daily_close_as_of_price_as_of_date_not_an_intraday_observation,2026-08-03,False
trisight_500_late_failed_recovery_shadow,2026-08-03T15:50:00-04:00,PAPER,BUY,FEIM,FEIM,2.95522683582,60.97,180.18018018,60.97,0,PAPER,success,rebalance_entry,2026-08-03,ts500-lfr-2026-08-03,trisight_sim,ts500_rebalance_entry,2026-08-03T15:50:00-04:00,locked_session_preclose_1545_1555_america_new_york,,,real_daily_close_as_of_price_as_of_date_not_an_intraday_observation,2026-08-03,False
trisight_500_late_failed_recovery_shadow,2026-08-03T15:50:00-04:00,PAPER,BUY,NBIS,NBIS,0.840667102973,214.33,180.18018018,214.33,0,PAPER,success,rebalance_entry,2026-08-03,ts500-lfr-2026-08-03,trisight_sim,ts500_rebalance_entry,2026-08-03T15:50:00-04:00,locked_session_preclose_1545_1555_america_new_york,,,real_daily_close_as_of_price_as_of_date_not_an_intraday_observation,2026-08-03,False
trisight_500_late_failed_recovery_shadow,2026-08-03T15:50:00-04:00,PAPER,BUY,FMS,FMS,6.95945076015,25.89,180.18018018,25.89,0,PAPER,success,rebalance_entry,2026-08-03,ts500-lfr-2026-08-03,trisight_sim,ts500_rebalance_entry,2026-08-03T15:50:00-04:00,locked_session_preclose_1545_1555_america_new_york,,,real_daily_close_as_of_price_as_of_date_not_an_intraday_observation,2026-08-03,False
trisight_500_late_failed_recovery_shadow,2026-08-03T15:50:00-04:00,PAPER,BUY,SPHR,SPHR,1.20772290489,149.19,180.18018018,149.19,0,PAPER,success,rebalance_entry,2026-08-03,ts500-lfr-2026-08-03,trisight_sim,ts500_rebalance_entry,2026-08-03T15:50:00-04:00,locked_session_preclose_1545_1555_america_new_york,,,real_daily_close_as_of_price_as_of_date_not_an_intraday_observation,2026-08-03,False
trisight_500_late_failed_recovery_shadow,2026-08-03T15:50:00-04:00,PAPER,BUY,CRS,CRS,0.340449189512,529.2425,180.18018018,529.2425,0,PAPER,success,rebalance_entry,2026-08-03,ts500-lfr-2026-08-03,trisight_sim,ts500_rebalance_entry,2026-08-03T15:50:00-04:00,locked_session_preclose_1545_1555_america_new_york,,,real_daily_close_as_of_price_as_of_date_not_an_intraday_observation,2026-08-03,False
trisight_500_late_failed_recovery_shadow,2026-08-03T15:50:00-04:00,PAPER,BUY,HESM,HESM,4.38128097703,41.125,180.18018018,41.125,0,PAPER,success,rebalance_entry,2026-08-03,ts500-lfr-2026-08-03,trisight_sim,ts500_rebalance_entry,2026-08-03T15:50:00-04:00,locked_session_preclose_1545_1555_america_new_york,,,real_daily_close_as_of_price_as_of_date_not_an_intraday_observation,2026-08-03,False
trisight_500_late_failed_recovery_shadow,2026-08-03T15:50:00-04:00,PAPER,BUY,BUD,BUD,2.13205751012,84.51,180.18018018,84.51,0,PAPER,success,rebalance_entry,2026-08-03,ts500-lfr-2026-08-03,trisight_sim,ts500_rebalance_entry,2026-08-03T15:50:00-04:00,locked_session_preclose_1545_1555_america_new_york,,,real_daily_close_as_of_price_as_of_date_not_an_intraday_observation,2026-08-03,False
trisight_500_late_failed_recovery_shadow,2026-08-03T15:50:00-04:00,PAPER,BUY,INVX,INVX,6.33990781774,28.42,180.18018018,28.42,0,PAPER,success,rebalance_entry,2026-08-03,ts500-lfr-2026-08-03,trisight_sim,ts500_rebalance_entry,2026-08-03T15:50:00-04:00,locked_session_preclose_1545_1555_america_new_york,,,real_daily_close_as_of_price_as_of_date_not_an_intraday_observation,2026-08-03,False
trisight_500_late_failed_recovery_shadow,2026-08-03T15:50:00-04:00,PAPER,BUY,GSAT,GSAT,2.13294087221,84.475,180.18018018,84.475,0,PAPER,success,rebalance_entry,2026-08-03,ts500-lfr-2026-08-03,trisight_sim,ts500_rebalance_entry,2026-08-03T15:50:00-04:00,locked_session_preclose_1545_1555_america_new_york,,,real_daily_close_as_of_price_as_of_date_not_an_intraday_observation,2026-08-03,False
trisight_500_late_failed_recovery_shadow,2026-08-03T15:50:00-04:00,PAPER,BUY,CNX,CNX,5.01475591929,35.93,180.18018018,35.93,0,PAPER,success,rebalance_entry,2026-08-03,ts500-lfr-2026-08-03,trisight_sim,ts500_rebalance_entry,2026-08-03T15:50:00-04:00,locked_session_preclose_1545_1555_america_new_york,,,real_daily_close_as_of_price_as_of_date_not_an_intraday_observation,2026-08-03,False
trisight_500_late_failed_recovery_shadow,2026-08-03T15:50:00-04:00,PAPER,BUY,FSS,FSS,1.39076207155,129.555,180.18018018,129.555,0,PAPER,success,rebalance_entry,2026-08-03,ts500-lfr-2026-08-03,trisight_sim,ts500_rebalance_entry,2026-08-03T15:50:00-04:00,locked_session_preclose_1545_1555_america_new_york,,,real_daily_close_as_of_price_as_of_date_not_an_intraday_observation,2026-08-03,False
trisight_500_late_failed_recovery_shadow,2026-08-03T15:50:00-04:00,PAPER,BUY,NWG,NWG,9.3236833211,19.325,180.18018018,19.325,0,PAPER,success,rebalance_entry,2026-08-03,ts500-lfr-2026-08-03,trisight_sim,ts500_rebalance_entry,2026-08-03T15:50:00-04:00,locked_session_preclose_1545_1555_america_new_york,,,real_daily_close_as_of_price_as_of_date_not_an_intraday_observation,2026-08-03,False
trisight_500_late_failed_recovery_shadow,2026-08-03T15:50:00-04:00,PAPER,BUY,VTR,VTR,1.93919367357,92.915,180.18018018,92.915,0,PAPER,success,rebalance_entry,2026-08-03,ts500-lfr-2026-08-03,trisight_sim,ts500_rebalance_entry,2026-08-03T15:50:00-04:00,locked_session_preclose_1545_1555_america_new_york,,,real_daily_close_as_of_price_as_of_date_not_an_intraday_observation,2026-08-03,False
trisight_500_late_failed_recovery_shadow,2026-08-03T15:50:00-04:00,PAPER,BUY,CAL,CAL,13.000013,13.86,180.18018018,13.86,0,PAPER,success,rebalance_entry,2026-08-03,ts500-lfr-2026-08-03,trisight_sim,ts500_rebalance_entry,2026-08-03T15:50:00-04:00,locked_session_preclose_1545_1555_america_new_york,,,real_daily_close_as_of_price_as_of_date_not_an_intraday_observation,2026-08-03,False
trisight_500_late_failed_recovery_shadow,2026-08-03T15:50:00-04:00,PAPER,BUY,GIL,GIL,3.25882040478,55.29,180.18018018,55.29,0,PAPER,success,rebalance_entry,2026-08-03,ts500-lfr-2026-08-03,trisight_sim,ts500_rebalance_entry,2026-08-03T15:50:00-04:00,locked_session_preclose_1545_1555_america_new_york,,,real_daily_close_as_of_price_as_of_date_not_an_intraday_observation,2026-08-03,False
trisight_500_late_failed_recovery_shadow,2026-08-03T15:50:00-04:00,PAPER,BUY,BSY,BSY,5.02314413661,35.87,180.18018018,35.87,0,PAPER,success,rebalance_entry,2026-08-03,ts500-lfr-2026-08-03,trisight_sim,ts500_rebalance_entry,2026-08-03T15:50:00-04:00,locked_session_preclose_1545_1555_america_new_york,,,real_daily_close_as_of_price_as_of_date_not_an_intraday_observation,2026-08-03,False
trisight_500_late_failed_recovery_shadow,2026-08-03T15:50:00-04:00,PAPER,BUY,ACM,ACM,2.42699596148,74.24,180.18018018,74.24,0,PAPER,success,rebalance_entry,2026-08-03,ts500-lfr-2026-08-03,trisight_sim,ts500_rebalance_entry,2026-08-03T15:50:00-04:00,locked_session_preclose_1545_1555_america_new_york,,,real_daily_close_as_of_price_as_of_date_not_an_intraday_observation,2026-08-03,False
trisight_500_late_failed_recovery_shadow,2026-08-03T15:50:00-04:00,PAPER,BUY,INCY,INCY,1.50262847286,119.91,180.18018018,119.91,0,PAPER,success,rebalance_entry,2026-08-03,ts500-lfr-2026-08-03,trisight_sim,ts500_rebalance_entry,2026-08-03T15:50:00-04:00,locked_session_preclose_1545_1555_america_new_york,,,real_daily_close_as_of_price_as_of_date_not_an_intraday_observation,2026-08-03,False
trisight_500_late_failed_recovery_shadow,2026-08-03T15:50:00-04:00,PAPER,BUY,ELVN,ELVN,3.21148168934,56.105,180.18018018,56.105,0,PAPER,success,rebalance_entry,2026-08-03,ts500-lfr-2026-08-03,trisight_sim,ts500_rebalance_entry,2026-08-03T15:50:00-04:00,locked_session_preclose_1545_1555_america_new_york,,,real_daily_close_as_of_price_as_of_date_not_an_intraday_observation,2026-08-03,False
trisight_500_late_failed_recovery_shadow,2026-08-03T15:50:00-04:00,PAPER,BUY,GNRC,GNRC,0.885188799706,203.55,180.18018018,203.55,0,PAPER,success,rebalance_entry,2026-08-03,ts500-lfr-2026-08-03,trisight_sim,ts500_rebalance_entry,2026-08-03T15:50:00-04:00,locked_session_preclose_1545_1555_america_new_york,,,real_daily_close_as_of_price_as_of_date_not_an_intraday_observation,2026-08-03,False
trisight_500_late_failed_recovery_shadow,2026-08-03T15:50:00-04:00,PAPER,BUY,MKSI,MKSI,0.587030414193,306.935,180.18018018,306.935,0,PAPER,success,rebalance_entry,2026-08-03,ts500-lfr-2026-08-03,trisight_sim,ts500_rebalance_entry,2026-08-03T15:50:00-04:00,locked_session_preclose_1545_1555_america_new_york,,,real_daily_close_as_of_price_as_of_date_not_an_intraday_observation,2026-08-03,False
trisight_500_late_failed_recovery_shadow,2026-08-03T15:50:00-04:00,PAPER,BUY,GSHD,GSHD,2.76392361068,65.19,180.18018018,65.19,0,PAPER,success,rebalance_entry,2026-08-03,ts500-lfr-2026-08-03,trisight_sim,ts500_rebalance_entry,2026-08-03T15:50:00-04:00,locked_session_preclose_1545_1555_america_new_york,,,real_daily_close_as_of_price_as_of_date_not_an_intraday_observation,2026-08-03,False
trisight_500_late_failed_recovery_shadow,2026-08-03T15:50:00-04:00,PAPER,BUY,NFG,NFG,2.16250816347,83.32,180.18018018,83.32,0,PAPER,success,rebalance_entry,2026-08-03,ts500-lfr-2026-08-03,trisight_sim,ts500_rebalance_entry,2026-08-03T15:50:00-04:00,locked_session_preclose_1545_1555_america_new_york,,,real_daily_close_as_of_price_as_of_date_not_an_intraday_observation,2026-08-03,False
trisight_500_late_failed_recovery_shadow,2026-08-03T15:50:00-04:00,PAPER,BUY,E,E,3.30909421819,54.45,180.18018018,54.45,0,PAPER,success,rebalance_entry,2026-08-03,ts500-lfr-2026-08-03,trisight_sim,ts500_rebalance_entry,2026-08-03T15:50:00-04:00,locked_session_preclose_1545_1555_america_new_york,,,real_daily_close_as_of_price_as_of_date_not_an_intraday_observation,2026-08-03,False
trisight_500_late_failed_recovery_shadow,2026-08-03T15:50:00-04:00,PAPER,BUY,CTNM,CTNM,11.2894849737,15.96,180.18018018,15.96,0,PAPER,success,rebalance_entry,2026-08-03,ts500-lfr-2026-08-03,trisight_sim,ts500_rebalance_entry,2026-08-03T15:50:00-04:00,locked_session_preclose_1545_1555_america_new_york,,,real_daily_close_as_of_price_as_of_date_not_an_intraday_observation,2026-08-03,False
trisight_500_late_failed_recovery_shadow,2026-08-03T15:50:00-04:00,PAPER,BUY,FORM,FORM,1.64503040427,109.53,180.18018018,109.53,0,PAPER,success,rebalance_entry,2026-08-03,ts500-lfr-2026-08-03,trisight_sim,ts500_rebalance_entry,2026-08-03T15:50:00-04:00,locked_session_preclose_1545_1555_america_new_york,,,real_daily_close_as_of_price_as_of_date_not_an_intraday_observation,2026-08-03,False
trisight_500_late_failed_recovery_shadow,2026-08-03T15:50:00-04:00,PAPER,BUY,OLED,OLED,2.23105720877,80.76,180.18018018,80.76,0,PAPER,success,rebalance_entry,2026-08-03,ts500-lfr-2026-08-03,trisight_sim,ts500_rebalance_entry,2026-08-03T15:50:00-04:00,locked_session_preclose_1545_1555_america_new_york,,,real_daily_close_as_of_price_as_of_date_not_an_intraday_observation,2026-08-03,False
trisight_500_late_failed_recovery_shadow,2026-08-03T15:50:00-04:00,PAPER,BUY,AVY,AVY,1.05758161754,170.37,180.18018018,170.37,0,PAPER,success,rebalance_entry,2026-08-03,ts500-lfr-2026-08-03,trisight_sim,ts500_rebalance_entry,2026-08-03T15:50:00-04:00,locked_session_preclose_1545_1555_america_new_york,,,real_daily_close_as_of_price_as_of_date_not_an_intraday_observation,2026-08-03,False
trisight_500_late_failed_recovery_shadow,2026-08-03T15:50:00-04:00,PAPER,BUY,LEA,LEA,1.39880583945,128.81,180.18018018,128.81,0,PAPER,success,rebalance_entry,2026-08-03,ts500-lfr-2026-08-03,trisight_sim,ts500_rebalance_entry,2026-08-03T15:50:00-04:00,locked_session_preclose_1545_1555_america_new_york,,,real_daily_close_as_of_price_as_of_date_not_an_intraday_observation,2026-08-03,False
trisight_500_late_failed_recovery_shadow,2026-08-03T15:50:00-04:00,PAPER,BUY,PII,PII,2.53810649641,70.99,180.18018018,70.99,0,PAPER,success,rebalance_entry,2026-08-03,ts500-lfr-2026-08-03,trisight_sim,ts500_rebalance_entry,2026-08-03T15:50:00-04:00,locked_session_preclose_1545_1555_america_new_york,,,real_daily_close_as_of_price_as_of_date_not_an_intraday_observation,2026-08-03,False
trisight_500_late_failed_recovery_shadow,2026-08-03T15:50:00-04:00,PAPER,BUY,TPG,TPG,3.98937629094,45.165,180.18018018,45.165,0,PAPER,success,rebalance_entry,2026-08-03,ts500-lfr-2026-08-03,trisight_sim,ts500_rebalance_entry,2026-08-03T15:50:00-04:00,locked_session_preclose_1545_1555_america_new_york,,,real_daily_close_as_of_price_as_of_date_not_an_intraday_observation,2026-08-03,False
trisight_500_late_failed_recovery_shadow,2026-08-03T15:50:00-04:00,PAPER,BUY,ANGO,ANGO,11.7764823647,15.3,180.18018018,15.3,0,PAPER,success,rebalance_entry,2026-08-03,ts500-lfr-2026-08-03,trisight_sim,ts500_rebalance_entry,2026-08-03T15:50:00-04:00,locked_session_preclose_1545_1555_america_new_york,,,real_daily_close_as_of_price_as_of_date_not_an_intraday_observation,2026-08-03,False
trisight_500_late_failed_recovery_shadow,2026-08-03T15:50:00-04:00,PAPER,BUY,TNK,TNK,2.29149408852,78.63,180.18018018,78.63,0,PAPER,success,rebalance_entry,2026-08-03,ts500-lfr-2026-08-03,trisight_sim,ts500_rebalance_entry,2026-08-03T15:50:00-04:00,locked_session_preclose_1545_1555_america_new_york,,,real_daily_close_as_of_price_as_of_date_not_an_intraday_observation,2026-08-03,False
trisight_500_late_failed_recovery_shadow,2026-08-03T15:50:00-04:00,PAPER,BUY,APAM,APAM,4.40430653093,40.91,180.18018018,40.91,0,PAPER,success,rebalance_entry,2026-08-03,ts500-lfr-2026-08-03,trisight_sim,ts500_rebalance_entry,2026-08-03T15:50:00-04:00,locked_session_preclose_1545_1555_america_new_york,,,real_daily_close_as_of_price_as_of_date_not_an_intraday_observation,2026-08-03,False
trisight_500_late_failed_recovery_shadow,2026-08-03T15:50:00-04:00,PAPER,BUY,ITW,ITW,0.629538381539,286.21,180.18018018,286.21,0,PAPER,success,rebalance_entry,2026-08-03,ts500-lfr-2026-08-03,trisight_sim,ts500_rebalance_entry,2026-08-03T15:50:00-04:00,locked_session_preclose_1545_1555_america_new_york,,,real_daily_close_as_of_price_as_of_date_not_an_intraday_observation,2026-08-03,False
trisight_500_late_failed_recovery_shadow,2026-08-03T15:50:00-04:00,PAPER,BUY,IRTC,IRTC,1.46583290091,122.92,180.18018018,122.92,0,PAPER,success,rebalance_entry,2026-08-03,ts500-lfr-2026-08-03,trisight_sim,ts500_rebalance_entry,2026-08-03T15:50:00-04:00,locked_session_preclose_1545_1555_america_new_york,,,real_daily_close_as_of_price_as_of_date_not_an_intraday_observation,2026-08-03,False
trisight_500_late_failed_recovery_shadow,2026-08-03T15:50:00-04:00,PAPER,BUY,FOXF,FOXF,9.64045907866,18.69,180.18018018,18.69,0,PAPER,success,rebalance_entry,2026-08-03,ts500-lfr-2026-08-03,trisight_sim,ts500_rebalance_entry,2026-08-03T15:50:00-04:00,locked_session_preclose_1545_1555_america_new_york,,,real_daily_close_as_of_price_as_of_date_not_an_intraday_observation,2026-08-03,False
trisight_500_late_failed_recovery_shadow,2026-08-03T15:50:00-04:00,PAPER,BUY,CRWV,CRWV,2.17872043749,82.7,180.18018018,82.7,0,PAPER,success,rebalance_entry,2026-08-03,ts500-lfr-2026-08-03,trisight_sim,ts500_rebalance_entry,2026-08-03T15:50:00-04:00,locked_session_preclose_1545_1555_america_new_york,,,real_daily_close_as_of_price_as_of_date_not_an_intraday_observation,2026-08-03,False
trisight_500_late_failed_recovery_shadow,2026-08-03T15:50:00-04:00,PAPER,BUY,VSAT,VSAT,2.16823843355,83.0998,180.18018018,83.0998,0,PAPER,success,rebalance_entry,2026-08-03,ts500-lfr-2026-08-03,trisight_sim,ts500_rebalance_entry,2026-08-03T15:50:00-04:00,locked_session_preclose_1545_1555_america_new_york,,,real_daily_close_as_of_price_as_of_date_not_an_intraday_observation,2026-08-03,False
trisight_500_late_failed_recovery_shadow,2026-08-03T15:50:00-04:00,PAPER,BUY,ACN,ACN,1.08411660758,166.2,180.18018018,166.2,0,PAPER,success,rebalance_entry,2026-08-03,ts500-lfr-2026-08-03,trisight_sim,ts500_rebalance_entry,2026-08-03T15:50:00-04:00,locked_session_preclose_1545_1555_america_new_york,,,real_daily_close_as_of_price_as_of_date_not_an_intraday_observation,2026-08-03,False
trisight_500_late_failed_recovery_shadow,2026-08-03T15:50:00-04:00,PAPER,BUY,AORT,AORT,6.51764080956,27.645,180.18018018,27.645,0,PAPER,success,rebalance_entry,2026-08-03,ts500-lfr-2026-08-03,trisight_sim,ts500_rebalance_entry,2026-08-03T15:50:00-04:00,locked_session_preclose_1545_1555_america_new_york,,,real_daily_close_as_of_price_as_of_date_not_an_intraday_observation,2026-08-03,False
trisight_500_late_failed_recovery_shadow,2026-08-03T15:50:00-04:00,PAPER,BUY,HRI,HRI,1.14030871578,158.01,180.18018018,158.01,0,PAPER,success,rebalance_entry,2026-08-03,ts500-lfr-2026-08-03,trisight_sim,ts500_rebalance_entry,2026-08-03T15:50:00-04:00,locked_session_preclose_1545_1555_america_new_york,,,real_daily_close_as_of_price_as_of_date_not_an_intraday_observation,2026-08-03,False
trisight_500_late_failed_recovery_shadow,2026-08-03T15:50:00-04:00,PAPER,BUY,ALKT,ALKT,9.60704773021,18.755,180.18018018,18.755,0,PAPER,success,rebalance_entry,2026-08-03,ts500-lfr-2026-08-03,trisight_sim,ts500_rebalance_entry,2026-08-03T15:50:00-04:00,locked_session_preclose_1545_1555_america_new_york,,,real_daily_close_as_of_price_as_of_date_not_an_intraday_observation,2026-08-03,False
trisight_500_late_failed_recovery_shadow,2026-08-03T15:50:00-04:00,PAPER,BUY,GCT,GCT,4.12783917939,43.65,180.18018018,43.65,0,PAPER,success,rebalance_entry,2026-08-03,ts500-lfr-2026-08-03,trisight_sim,ts500_rebalance_entry,2026-08-03T15:50:00-04:00,locked_session_preclose_1545_1555_america_new_york,,,real_daily_close_as_of_price_as_of_date_not_an_intraday_observation,2026-08-03,False
trisight_500_late_failed_recovery_shadow,2026-08-03T15:50:00-04:00,PAPER,BUY,EMR,EMR,1.18605917902,151.915,180.18018018,151.915,0,PAPER,success,rebalance_entry,2026-08-03,ts500-lfr-2026-08-03,trisight_sim,ts500_rebalance_entry,2026-08-03T15:50:00-04:00,locked_session_preclose_1545_1555_america_new_york,,,real_daily_close_as_of_price_as_of_date_not_an_intraday_observation,2026-08-03,False
trisight_500_late_failed_recovery_shadow,2026-08-03T15:50:00-04:00,PAPER,BUY,CTRI,CTRI,6.37354722958,28.27,180.18018018,28.27,0,PAPER,success,rebalance_entry,2026-08-03,ts500-lfr-2026-08-03,trisight_sim,ts500_rebalance_entry,2026-08-03T15:50:00-04:00,locked_session_preclose_1545_1555_america_new_york,,,real_daily_close_as_of_price_as_of_date_not_an_intraday_observation,2026-08-03,False
trisight_500_late_failed_recovery_shadow,2026-08-03T15:50:00-04:00,PAPER,BUY,BOW,BOW,5.33867200534,33.75,180.18018018,33.75,0,PAPER,success,rebalance_entry,2026-08-03,ts500-lfr-2026-08-03,trisight_sim,ts500_rebalance_entry,2026-08-03T15:50:00-04:00,locked_session_preclose_1545_1555_america_new_york,,,real_daily_close_as_of_price_as_of_date_not_an_intraday_observation,2026-08-03,False
trisight_500_late_failed_recovery_shadow,2026-08-03T15:50:00-04:00,PAPER,BUY,ARLO,ARLO,12.1990643318,14.77,180.18018018,14.77,0,PAPER,success,rebalance_entry,2026-08-03,ts500-lfr-2026-08-03,trisight_sim,ts500_rebalance_entry,2026-08-03T15:50:00-04:00,locked_session_preclose_1545_1555_america_new_york,,,real_daily_close_as_of_price_as_of_date_not_an_intraday_observation,2026-08-03,False
trisight_500_late_failed_recovery_shadow,2026-08-03T15:50:00-04:00,PAPER,BUY,APA,APA,4.82992039084,37.305,180.18018018,37.305,0,PAPER,success,rebalance_entry,2026-08-03,ts500-lfr-2026-08-03,trisight_sim,ts500_rebalance_entry,2026-08-03T15:50:00-04:00,locked_session_preclose_1545_1555_america_new_york,,,real_daily_close_as_of_price_as_of_date_not_an_intraday_observation,2026-08-03,False
trisight_500_late_failed_recovery_shadow,2026-08-03T15:50:00-04:00,PAPER,BUY,SNN,SNN,5.5835196833,32.27,180.18018018,32.27,0,PAPER,success,rebalance_entry,2026-08-03,ts500-lfr-2026-08-03,trisight_sim,ts500_rebalance_entry,2026-08-03T15:50:00-04:00,locked_session_preclose_1545_1555_america_new_york,,,real_daily_close_as_of_price_as_of_date_not_an_intraday_observation,2026-08-03,False
trisight_500_late_failed_recovery_shadow,2026-08-03T15:50:00-04:00,PAPER,BUY,ZM,ZM,1.83342844243,98.275,180.18018018,98.275,0,PAPER,success,rebalance_entry,2026-08-03,ts500-lfr-2026-08-03,trisight_sim,ts500_rebalance_entry,2026-08-03T15:50:00-04:00,locked_session_preclose_1545_1555_america_new_york,,,real_daily_close_as_of_price_as_of_date_not_an_intraday_observation,2026-08-03,False
trisight_500_late_failed_recovery_shadow,2026-08-03T15:50:00-04:00,PAPER,BUY,HCKT,HCKT,16.484920419,10.93,180.18018018,10.93,0,PAPER,success,rebalance_entry,2026-08-03,ts500-lfr-2026-08-03,trisight_sim,ts500_rebalance_entry,2026-08-03T15:50:00-04:00,locked_session_preclose_1545_1555_america_new_york,,,real_daily_close_as_of_price_as_of_date_not_an_intraday_observation,2026-08-03,False
trisight_500_late_failed_recovery_shadow,2026-08-03T15:50:00-04:00,PAPER,BUY,ETD,ETD,7.79326038842,23.12,180.18018018,23.12,0,PAPER,success,rebalance_entry,2026-08-03,ts500-lfr-2026-08-03,trisight_sim,ts500_rebalance_entry,2026-08-03T15:50:00-04:00,locked_session_preclose_1545_1555_america_new_york,,,real_daily_close_as_of_price_as_of_date_not_an_intraday_observation,2026-08-03,False
trisight_500_late_failed_recovery_shadow,2026-08-03T15:50:00-04:00,PAPER,BUY,CIFR,CIFR,7.43317575001,24.24,180.18018018,24.24,0,PAPER,success,rebalance_entry,2026-08-03,ts500-lfr-2026-08-03,trisight_sim,ts500_rebalance_entry,2026-08-03T15:50:00-04:00,locked_session_preclose_1545_1555_america_new_york,,,real_daily_close_as_of_price_as_of_date_not_an_intraday_observation,2026-08-03,False
trisight_500_late_failed_recovery_shadow,2026-08-03T15:50:00-04:00,PAPER,BUY,SHEN,SHEN,14.4723036289,12.45,180.18018018,12.45,0,PAPER,success,rebalance_entry,2026-08-03,ts500-lfr-2026-08-03,trisight_sim,ts500_rebalance_entry,2026-08-03T15:50:00-04:00,locked_session_preclose_1545_1555_america_new_york,,,real_daily_close_as_of_price_as_of_date_not_an_intraday_observation,2026-08-03,False
trisight_500_late_failed_recovery_shadow,2026-08-03T15:50:00-04:00,PAPER,BUY,ABM,ABM,3.70436225699,48.64,180.18018018,48.64,0,PAPER,success,rebalance_entry,2026-08-03,ts500-lfr-2026-08-03,trisight_sim,ts500_rebalance_entry,2026-08-03T15:50:00-04:00,locked_session_preclose_1545_1555_america_new_york,,,real_daily_close_as_of_price_as_of_date_not_an_intraday_observation,2026-08-03,False
trisight_500_late_failed_recovery_shadow,2026-08-03T15:50:00-04:00,PAPER,BUY,SHEL,SHEL,1.96928990852,91.495,180.18018018,91.495,0,PAPER,success,rebalance_entry,2026-08-03,ts500-lfr-2026-08-03,trisight_sim,ts500_rebalance_entry,2026-08-03T15:50:00-04:00,locked_session_preclose_1545_1555_america_new_york,,,real_daily_close_as_of_price_as_of_date_not_an_intraday_observation,2026-08-03,False
trisight_500_late_failed_recovery_shadow,2026-08-03T15:50:00-04:00,PAPER,BUY,CNO,CNO,3.20519754834,56.215,180.18018018,56.215,0,PAPER,success,rebalance_entry,2026-08-03,ts500-lfr-2026-08-03,trisight_sim,ts500_rebalance_entry,2026-08-03T15:50:00-04:00,locked_session_preclose_1545_1555_america_new_york,,,real_daily_close_as_of_price_as_of_date_not_an_intraday_observation,2026-08-03,False
trisight_500_late_failed_recovery_shadow,2026-08-03T15:50:00-04:00,PAPER,BUY,BA,BA,0.794725565368,226.72,180.18018018,226.72,0,PAPER,success,rebalance_entry,2026-08-03,ts500-lfr-2026-08-03,trisight_sim,ts500_rebalance_entry,2026-08-03T15:50:00-04:00,locked_session_preclose_1545_1555_america_new_york,,,real_daily_close_as_of_price_as_of_date_not_an_intraday_observation,2026-08-03,False
trisight_500_late_failed_recovery_shadow,2026-08-03T15:50:00-04:00,PAPER,BUY,WAY,WAY,8.19746042676,21.98,180.18018018,21.98,0,PAPER,success,rebalance_entry,2026-08-03,ts500-lfr-2026-08-03,trisight_sim,ts500_rebalance_entry,2026-08-03T15:50:00-04:00,locked_session_preclose_1545_1555_america_new_york,,,real_daily_close_as_of_price_as_of_date_not_an_intraday_observation,2026-08-03,False
trisight_500_late_failed_recovery_shadow,2026-08-03T15:50:00-04:00,PAPER,BUY,ALMU,ALMU,10.5677525032,17.05,180.18018018,17.05,0,PAPER,success,rebalance_entry,2026-08-03,ts500-lfr-2026-08-03,trisight_sim,ts500_rebalance_entry,2026-08-03T15:50:00-04:00,locked_session_preclose_1545_1555_america_new_york,,,real_daily_close_as_of_price_as_of_date_not_an_intraday_observation,2026-08-03,False
trisight_500_late_failed_recovery_shadow,2026-08-03T15:50:00-04:00,PAPER,BUY,CVNA,CVNA,2.81092324774,64.1,180.18018018,64.1,0,PAPER,success,rebalance_entry,2026-08-03,ts500-lfr-2026-08-03,trisight_sim,ts500_rebalance_entry,2026-08-03T15:50:00-04:00,locked_session_preclose_1545_1555_america_new_york,,,real_daily_close_as_of_price_as_of_date_not_an_intraday_observation,2026-08-03,False
trisight_500_late_failed_recovery_shadow,2026-08-03T15:50:00-04:00,PAPER,BUY,CHTR,CHTR,1.22156054359,147.5,180.18018018,147.5,0,PAPER,success,rebalance_entry,2026-08-03,ts500-lfr-2026-08-03,trisight_sim,ts500_rebalance_entry,2026-08-03T15:50:00-04:00,locked_session_preclose_1545_1555_america_new_york,,,real_daily_close_as_of_price_as_of_date_not_an_intraday_observation,2026-08-03,False
trisight_500_late_failed_recovery_shadow,2026-08-03T15:50:00-04:00,PAPER,BUY,GPK,GPK,16.2690907612,11.075,180.18018018,11.075,0,PAPER,success,rebalance_entry,2026-08-03,ts500-lfr-2026-08-03,trisight_sim,ts500_rebalance_entry,2026-08-03T15:50:00-04:00,locked_session_preclose_1545_1555_america_new_york,,,real_daily_close_as_of_price_as_of_date_not_an_intraday_observation,2026-08-03,False
trisight_500_late_failed_recovery_shadow,2026-08-03T15:50:00-04:00,PAPER,BUY,AXTA,AXTA,4.95408798956,36.37,180.18018018,36.37,0,PAPER,success,rebalance_entry,2026-08-03,ts500-lfr-2026-08-03,trisight_sim,ts500_rebalance_entry,2026-08-03T15:50:00-04:00,locked_session_preclose_1545_1555_america_new_york,,,real_daily_close_as_of_price_as_of_date_not_an_intraday_observation,2026-08-03,False
trisight_500_late_failed_recovery_shadow,2026-08-03T15:50:00-04:00,PAPER,BUY,DQ,DQ,13.19034994,13.66,180.18018018,13.66,0,PAPER,success,rebalance_entry,2026-08-03,ts500-lfr-2026-08-03,trisight_sim,ts500_rebalance_entry,2026-08-03T15:50:00-04:00,locked_session_preclose_1545_1555_america_new_york,,,real_daily_close_as_of_price_as_of_date_not_an_intraday_observation,2026-08-03,False
trisight_500_late_failed_recovery_shadow,2026-08-03T15:50:00-04:00,PAPER,BUY,WSO,WSO,0.567755920594,317.355,180.18018018,317.355,0,PAPER,success,rebalance_entry,2026-08-03,ts500-lfr-2026-08-03,trisight_sim,ts500_rebalance_entry,2026-08-03T15:50:00-04:00,locked_session_preclose_1545_1555_america_new_york,,,real_daily_close_as_of_price_as_of_date_not_an_intraday_observation,2026-08-03,False
trisight_500_late_failed_recovery_shadow,2026-08-03T15:50:00-04:00,PAPER,BUY,WWD,WWD,0.495858712002,363.37,180.18018018,363.37,0,PAPER,success,rebalance_entry,2026-08-03,ts500-lfr-2026-08-03,trisight_sim,ts500_rebalance_entry,2026-08-03T15:50:00-04:00,locked_session_preclose_1545_1555_america_new_york,,,real_daily_close_as_of_price_as_of_date_not_an_intraday_observation,2026-08-03,False
trisight_500_late_failed_recovery_shadow,2026-08-03T15:50:00-04:00,PAPER,BUY,COHR,COHR,0.63136933275,285.38,180.18018018,285.38,0,PAPER,success,rebalance_entry,2026-08-03,ts500-lfr-2026-08-03,trisight_sim,ts500_rebalance_entry,2026-08-03T15:50:00-04:00,locked_session_preclose_1545_1555_america_new_york,,,real_daily_close_as_of_price_as_of_date_not_an_intraday_observation,2026-08-03,False
trisight_500_late_failed_recovery_shadow,2026-08-03T15:50:00-04:00,PAPER,BUY,MIAX,MIAX,3.83729486062,46.955,180.18018018,46.955,0,PAPER,success,rebalance_entry,2026-08-03,ts500-lfr-2026-08-03,trisight_sim,ts500_rebalance_entry,2026-08-03T15:50:00-04:00,locked_session_preclose_1545_1555_america_new_york,,,real_daily_close_as_of_price_as_of_date_not_an_intraday_observation,2026-08-03,False
trisight_500_late_failed_recovery_shadow,2026-08-03T15:50:00-04:00,PAPER,BUY,FHI,FHI,2.89306647688,62.28,180.18018018,62.28,0,PAPER,success,rebalance_entry,2026-08-03,ts500-lfr-2026-08-03,trisight_sim,ts500_rebalance_entry,2026-08-03T15:50:00-04:00,locked_session_preclose_1545_1555_america_new_york,,,real_daily_close_as_of_price_as_of_date_not_an_intraday_observation,2026-08-03,False
trisight_500_late_failed_recovery_shadow,2026-08-03T15:50:00-04:00,PAPER,BUY,EXP,EXP,0.849886465792,212.005,180.18018018,212.005,0,PAPER,success,rebalance_entry,2026-08-03,ts500-lfr-2026-08-03,trisight_sim,ts500_rebalance_entry,2026-08-03T15:50:00-04:00,locked_session_preclose_1545_1555_america_new_york,,,real_daily_close_as_of_price_as_of_date_not_an_intraday_observation,2026-08-03,False
trisight_500_late_failed_recovery_shadow,2026-08-03T15:50:00-04:00,PAPER,BUY,AMRX,AMRX,9.57895694738,18.81,180.18018018,18.81,0,PAPER,success,rebalance_entry,2026-08-03,ts500-lfr-2026-08-03,trisight_sim,ts500_rebalance_entry,2026-08-03T15:50:00-04:00,locked_session_preclose_1545_1555_america_new_york,,,real_daily_close_as_of_price_as_of_date_not_an_intraday_observation,2026-08-03,False
trisight_500_late_failed_recovery_shadow,2026-08-03T15:50:00-04:00,PAPER,BUY,PAHC,PAHC,4.8988629739,36.78,180.18018018,36.78,0,PAPER,success,rebalance_entry,2026-08-03,ts500-lfr-2026-08-03,trisight_sim,ts500_rebalance_entry,2026-08-03T15:50:00-04:00,locked_session_preclose_1545_1555_america_new_york,,,real_daily_close_as_of_price_as_of_date_not_an_intraday_observation,2026-08-03,False
trisight_500_late_failed_recovery_shadow,2026-08-03T15:50:00-04:00,PAPER,BUY,TCOM,TCOM,3.83770351821,46.95,180.18018018,46.95,0,PAPER,success,rebalance_entry,2026-08-03,ts500-lfr-2026-08-03,trisight_sim,ts500_rebalance_entry,2026-08-03T15:50:00-04:00,locked_session_preclose_1545_1555_america_new_york,,,real_daily_close_as_of_price_as_of_date_not_an_intraday_observation,2026-08-03,False
trisight_500_late_failed_recovery_shadow,2026-08-03T15:50:00-04:00,PAPER,BUY,HUT,HUT,1.61307233823,111.7,180.18018018,111.7,0,PAPER,success,rebalance_entry,2026-08-03,ts500-lfr-2026-08-03,trisight_sim,ts500_rebalance_entry,2026-08-03T15:50:00-04:00,locked_session_preclose_1545_1555_america_new_york,,,real_daily_close_as_of_price_as_of_date_not_an_intraday_observation,2026-08-03,False
trisight_500_late_failed_recovery_shadow,2026-08-03T15:50:00-04:00,PAPER,BUY,VRSN,VRSN,0.601804209019,299.4,180.18018018,299.4,0,PAPER,success,rebalance_entry,2026-08-03,ts500-lfr-2026-08-03,trisight_sim,ts500_rebalance_entry,2026-08-03T15:50:00-04:00,locked_session_preclose_1545_1555_america_new_york,,,real_daily_close_as_of_price_as_of_date_not_an_intraday_observation,2026-08-03,False
trisight_500_late_failed_recovery_shadow,2026-08-03T15:50:00-04:00,PAPER,BUY,ENPH,ENPH,4.6715110236,38.57,180.18018018,38.57,0,PAPER,success,rebalance_entry,2026-08-03,ts500-lfr-2026-08-03,trisight_sim,ts500_rebalance_entry,2026-08-03T15:50:00-04:00,locked_session_preclose_1545_1555_america_new_york,,,real_daily_close_as_of_price_as_of_date_not_an_intraday_observation,2026-08-03,False
trisight_500_late_failed_recovery_shadow,2026-08-03T15:50:00-04:00,PAPER,BUY,NMIH,NMIH,4.02637274146,44.75,180.18018018,44.75,0,PAPER,success,rebalance_entry,2026-08-03,ts500-lfr-2026-08-03,trisight_sim,ts500_rebalance_entry,2026-08-03T15:50:00-04:00,locked_session_preclose_1545_1555_america_new_york,,,real_daily_close_as_of_price_as_of_date_not_an_intraday_observation,2026-08-03,False
trisight_500_late_failed_recovery_shadow,2026-08-03T15:50:00-04:00,PAPER,BUY,NCLH,NCLH,9.40284726678,19.1623,180.18018018,19.1623,0,PAPER,success,rebalance_entry,2026-08-03,ts500-lfr-2026-08-03,trisight_sim,ts500_rebalance_entry,2026-08-03T15:50:00-04:00,locked_session_preclose_1545_1555_america_new_york,,,real_daily_close_as_of_price_as_of_date_not_an_intraday_observation,2026-08-03,False
trisight_500_late_failed_recovery_shadow,2026-08-03T15:50:00-04:00,PAPER,BUY,TREE,TREE,5.55940080778,32.41,180.18018018,32.41,0,PAPER,success,rebalance_entry,2026-08-03,ts500-lfr-2026-08-03,trisight_sim,ts500_rebalance_entry,2026-08-03T15:50:00-04:00,locked_session_preclose_1545_1555_america_new_york,,,real_daily_close_as_of_price_as_of_date_not_an_intraday_observation,2026-08-03,False
trisight_500_late_failed_recovery_shadow,2026-08-03T15:50:00-04:00,PAPER,BUY,MDT,MDT,2.0874723997,86.315,180.18018018,86.315,0,PAPER,success,rebalance_entry,2026-08-03,ts500-lfr-2026-08-03,trisight_sim,ts500_rebalance_entry,2026-08-03T15:50:00-04:00,locked_session_preclose_1545_1555_america_new_york,,,real_daily_close_as_of_price_as_of_date_not_an_intraday_observation,2026-08-03,False
trisight_500_late_failed_recovery_shadow,2026-08-03T15:50:00-04:00,PAPER,BUY,NUE,NUE,0.704200184395,255.865,180.18018018,255.865,0,PAPER,success,rebalance_entry,2026-08-03,ts500-lfr-2026-08-03,trisight_sim,ts500_rebalance_entry,2026-08-03T15:50:00-04:00,locked_session_preclose_1545_1555_america_new_york,,,real_daily_close_as_of_price_as_of_date_not_an_intraday_observation,2026-08-03,False
trisight_500_late_failed_recovery_shadow,2026-08-03T15:50:00-04:00,PAPER,BUY,CUZ,CUZ,5.69829791841,31.62,180.18018018,31.62,0,PAPER,success,rebalance_entry,2026-08-03,ts500-lfr-2026-08-03,trisight_sim,ts500_rebalance_entry,2026-08-03T15:50:00-04:00,locked_session_preclose_1545_1555_america_new_york,,,real_daily_close_as_of_price_as_of_date_not_an_intraday_observation,2026-08-03,False
trisight_500_late_failed_recovery_shadow,2026-08-03T15:50:00-04:00,PAPER,BUY,NX,NX,9.64045907866,18.69,180.18018018,18.69,0,PAPER,success,rebalance_entry,2026-08-03,ts500-lfr-2026-08-03,trisight_sim,ts500_rebalance_entry,2026-08-03T15:50:00-04:00,locked_session_preclose_1545_1555_america_new_york,,,real_daily_close_as_of_price_as_of_date_not_an_intraday_observation,2026-08-03,False
trisight_500_late_failed_recovery_shadow,2026-08-03T15:50:00-04:00,PAPER,BUY,NBBK,NBBK,7.83306945681,23.0025,180.18018018,23.0025,0,PAPER,success,rebalance_entry,2026-08-03,ts500-lfr-2026-08-03,trisight_sim,ts500_rebalance_entry,2026-08-03T15:50:00-04:00,locked_session_preclose_1545_1555_america_new_york,,,real_daily_close_as_of_price_as_of_date_not_an_intraday_observation,2026-08-03,False
trisight_500_late_failed_recovery_shadow,2026-08-03T15:50:00-04:00,PAPER,BUY,AWK,AWK,1.33873378542,134.59,180.18018018,134.59,0,PAPER,success,rebalance_entry,2026-08-03,ts500-lfr-2026-08-03,trisight_sim,ts500_rebalance_entry,2026-08-03T15:50:00-04:00,locked_session_preclose_1545_1555_america_new_york,,,real_daily_close_as_of_price_as_of_date_not_an_intraday_observation,2026-08-03,False
trisight_500_late_failed_recovery_shadow,2026-08-03T15:50:00-04:00,PAPER,BUY,BETR,BETR,6.88498968973,26.17,180.18018018,26.17,0,PAPER,success,rebalance_entry,2026-08-03,ts500-lfr-2026-08-03,trisight_sim,ts500_rebalance_entry,2026-08-03T15:50:00-04:00,locked_session_preclose_1545_1555_america_new_york,,,real_daily_close_as_of_price_as_of_date_not_an_intraday_observation,2026-08-03,False
trisight_500_late_failed_recovery_shadow,2026-08-03T15:50:00-04:00,PAPER,BUY,ASC,ASC,10.4816858744,17.19,180.18018018,17.19,0,PAPER,success,rebalance_entry,2026-08-03,ts500-lfr-2026-08-03,trisight_sim,ts500_rebalance_entry,2026-08-03T15:50:00-04:00,locked_session_preclose_1545_1555_america_new_york,,,real_daily_close_as_of_price_as_of_date_not_an_intraday_observation,2026-08-03,False
trisight_500_late_failed_recovery_shadow,2026-08-03T15:50:00-04:00,PAPER,BUY,GDS,GDS,5.44680109372,33.08,180.18018018,33.08,0,PAPER,success,rebalance_entry,2026-08-03,ts500-lfr-2026-08-03,trisight_sim,ts500_rebalance_entry,2026-08-03T15:50:00-04:00,locked_session_preclose_1545_1555_america_new_york,,,real_daily_close_as_of_price_as_of_date_not_an_intraday_observation,2026-08-03,False
trisight_500_late_failed_recovery_shadow,2026-08-03T15:50:00-04:00,PAPER,BUY,ATAT,ATAT,5.18802707113,34.73,180.18018018,34.73,0,PAPER,success,rebalance_entry,2026-08-03,ts500-lfr-2026-08-03,trisight_sim,ts500_rebalance_entry,2026-08-03T15:50:00-04:00,locked_session_preclose_1545_1555_america_new_york,,,real_daily_close_as_of_price_as_of_date_not_an_intraday_observation,2026-08-03,False
trisight_500_late_failed_recovery_shadow,2026-08-03T15:50:00-04:00,PAPER,BUY,BKNG,BKNG,0.935612110189,192.58,180.18018018,192.58,0,PAPER,success,rebalance_entry,2026-08-03,ts500-lfr-2026-08-03,trisight_sim,ts500_rebalance_entry,2026-08-03T15:50:00-04:00,locked_session_preclose_1545_1555_america_new_york,,,real_daily_close_as_of_price_as_of_date_not_an_intraday_observation,2026-08-03,False
trisight_500_late_failed_recovery_shadow,2026-08-03T15:50:00-04:00,PAPER,BUY,CHDN,CHDN,2.18970869758,82.285,180.18018018,82.285,0,PAPER,success,rebalance_entry,2026-08-03,ts500-lfr-2026-08-03,trisight_sim,ts500_rebalance_entry,2026-08-03T15:50:00-04:00,locked_session_preclose_1545_1555_america_new_york,,,real_daily_close_as_of_price_as_of_date_not_an_intraday_observation,2026-08-03,False
trisight_500_late_failed_recovery_shadow,2026-08-03T15:50:00-04:00,PAPER,BUY,FTRE,FTRE,9.82443730535,18.34,180.18018018,18.34,0,PAPER,success,rebalance_entry,2026-08-03,ts500-lfr-2026-08-03,trisight_sim,ts500_rebalance_entry,2026-08-03T15:50:00-04:00,locked_session_preclose_1545_1555_america_new_york,,,real_daily_close_as_of_price_as_of_date_not_an_intraday_observation,2026-08-03,False
trisight_500_late_failed_recovery_shadow,2026-08-03T15:50:00-04:00,PAPER,BUY,PFS,PFS,7.18995132403,25.06,180.18018018,25.06,0,PAPER,success,rebalance_entry,2026-08-03,ts500-lfr-2026-08-03,trisight_sim,ts500_rebalance_entry,2026-08-03T15:50:00-04:00,locked_session_preclose_1545_1555_america_new_york,,,real_daily_close_as_of_price_as_of_date_not_an_intraday_observation,2026-08-03,False
trisight_500_late_failed_recovery_shadow,2026-08-03T15:50:00-04:00,PAPER,BUY,TAP,TAP,4.2961416352,41.94,180.18018018,41.94,0,PAPER,success,rebalance_entry,2026-08-03,ts500-lfr-2026-08-03,trisight_sim,ts500_rebalance_entry,2026-08-03T15:50:00-04:00,locked_session_preclose_1545_1555_america_new_york,,,real_daily_close_as_of_price_as_of_date_not_an_intraday_observation,2026-08-03,False
trisight_500_late_failed_recovery_shadow,2026-08-03T15:50:00-04:00,PAPER,BUY,CUBE,CUBE,4.32501632694,41.66,180.18018018,41.66,0,PAPER,success,rebalance_entry,2026-08-03,ts500-lfr-2026-08-03,trisight_sim,ts500_rebalance_entry,2026-08-03T15:50:00-04:00,locked_session_preclose_1545_1555_america_new_york,,,real_daily_close_as_of_price_as_of_date_not_an_intraday_observation,2026-08-03,False
trisight_500_late_failed_recovery_shadow,2026-08-03T15:50:00-04:00,PAPER,BUY,LSTR,LSTR,1.01219133858,178.01,180.18018018,178.01,0,PAPER,success,rebalance_entry,2026-08-03,ts500-lfr-2026-08-03,trisight_sim,ts500_rebalance_entry,2026-08-03T15:50:00-04:00,locked_session_preclose_1545_1555_america_new_york,,,real_daily_close_as_of_price_as_of_date_not_an_intraday_observation,2026-08-03,False
trisight_500_late_failed_recovery_shadow,2026-08-03T15:50:00-04:00,PAPER,BUY,IR,IR,2.10613886827,85.55,180.18018018,85.55,0,PAPER,success,rebalance_entry,2026-08-03,ts500-lfr-2026-08-03,trisight_sim,ts500_rebalance_entry,2026-08-03T15:50:00-04:00,locked_session_preclose_1545_1555_america_new_york,,,real_daily_close_as_of_price_as_of_date_not_an_intraday_observation,2026-08-03,False
trisight_500_late_failed_recovery_shadow,2026-08-03T15:50:00-04:00,PAPER,BUY,DBD,DBD,2.338483844,77.05,180.18018018,77.05,0,PAPER,success,rebalance_entry,2026-08-03,ts500-lfr-2026-08-03,trisight_sim,ts500_rebalance_entry,2026-08-03T15:50:00-04:00,locked_session_preclose_1545_1555_america_new_york,,,real_daily_close_as_of_price_as_of_date_not_an_intraday_observation,2026-08-03,False
trisight_500_late_failed_recovery_shadow,2026-08-03T15:50:00-04:00,PAPER,BUY,BAH,BAH,2.52990985931,71.22,180.18018018,71.22,0,PAPER,success,rebalance_entry,2026-08-03,ts500-lfr-2026-08-03,trisight_sim,ts500_rebalance_entry,2026-08-03T15:50:00-04:00,locked_session_preclose_1545_1555_america_new_york,,,real_daily_close_as_of_price_as_of_date_not_an_intraday_observation,2026-08-03,False
trisight_500_late_failed_recovery_shadow,2026-08-03T15:50:00-04:00,PAPER,BUY,BOOT,BOOT,1.12690087047,159.89,180.18018018,159.89,0,PAPER,success,rebalance_entry,2026-08-03,ts500-lfr-2026-08-03,trisight_sim,ts500_rebalance_entry,2026-08-03T15:50:00-04:00,locked_session_preclose_1545_1555_america_new_york,,,real_daily_close_as_of_price_as_of_date_not_an_intraday_observation,2026-08-03,False
trisight_500_late_failed_recovery_shadow,2026-08-03T15:50:00-04:00,PAPER,BUY,LBRDK,LBRDK,5.19550692561,34.68,180.18018018,34.68,0,PAPER,success,rebalance_entry,2026-08-03,ts500-lfr-2026-08-03,trisight_sim,ts500_rebalance_entry,2026-08-03T15:50:00-04:00,locked_session_preclose_1545_1555_america_new_york,,,real_daily_close_as_of_price_as_of_date_not_an_intraday_observation,2026-08-03,False
trisight_500_late_failed_recovery_shadow,2026-08-03T15:50:00-04:00,PAPER,BUY,SAIL,SAIL,10.5584635324,17.065,180.18018018,17.065,0,PAPER,success,rebalance_entry,2026-08-03,ts500-lfr-2026-08-03,trisight_sim,ts500_rebalance_entry,2026-08-03T15:50:00-04:00,locked_session_preclose_1545_1555_america_new_york,,,real_daily_close_as_of_price_as_of_date_not_an_intraday_observation,2026-08-03,False
trisight_500_late_failed_recovery_shadow,2026-08-03T15:50:00-04:00,PAPER,BUY,AMLX,AMLX,9.05428041106,19.9,180.18018018,19.9,0,PAPER,success,rebalance_entry,2026-08-03,ts500-lfr-2026-08-03,trisight_sim,ts500_rebalance_entry,2026-08-03T15:50:00-04:00,locked_session_preclose_1545_1555_america_new_york,,,real_daily_close_as_of_price_as_of_date_not_an_intraday_observation,2026-08-03,False
trisight_500_late_failed_recovery_shadow,2026-08-03T15:50:00-04:00,PAPER,BUY,SPXC,SPXC,0.834785860731,215.84,180.18018018,215.84,0,PAPER,success,rebalance_entry,2026-08-03,ts500-lfr-2026-08-03,trisight_sim,ts500_rebalance_entry,2026-08-03T15:50:00-04:00,locked_session_preclose_1545_1555_america_new_york,,,real_daily_close_as_of_price_as_of_date_not_an_intraday_observation,2026-08-03,False
trisight_500_late_failed_recovery_shadow,2026-08-03T15:50:00-04:00,PAPER,BUY,BTDR,BTDR,16.1959712522,11.125,180.18018018,11.125,0,PAPER,success,rebalance_entry,2026-08-03,ts500-lfr-2026-08-03,trisight_sim,ts500_rebalance_entry,2026-08-03T15:50:00-04:00,locked_session_preclose_1545_1555_america_new_york,,,real_daily_close_as_of_price_as_of_date_not_an_intraday_observation,2026-08-03,False
trisight_500_late_failed_recovery_shadow,2026-08-03T15:50:00-04:00,PAPER,BUY,FLEX,FLEX,1.55636330811,115.77,180.18018018,115.77,0,PAPER,success,rebalance_entry,2026-08-03,ts500-lfr-2026-08-03,trisight_sim,ts500_rebalance_entry,2026-08-03T15:50:00-04:00,locked_session_preclose_1545_1555_america_new_york,,,real_daily_close_as_of_price_as_of_date_not_an_intraday_observation,2026-08-03,False
trisight_500_late_failed_recovery_shadow,2026-08-03T15:50:00-04:00,PAPER,BUY,SUPN,SUPN,3.70588605883,48.62,180.18018018,48.62,0,PAPER,success,rebalance_entry,2026-08-03,ts500-lfr-2026-08-03,trisight_sim,ts500_rebalance_entry,2026-08-03T15:50:00-04:00,locked_session_preclose_1545_1555_america_new_york,,,real_daily_close_as_of_price_as_of_date_not_an_intraday_observation,2026-08-03,False
trisight_500_late_failed_recovery_shadow,2026-08-03T15:50:00-04:00,PAPER,BUY,FBP,FBP,6.2045516591,29.04,180.18018018,29.04,0,PAPER,success,rebalance_entry,2026-08-03,ts500-lfr-2026-08-03,trisight_sim,ts500_rebalance_entry,2026-08-03T15:50:00-04:00,locked_session_preclose_1545_1555_america_new_york,,,real_daily_close_as_of_price_as_of_date_not_an_intraday_observation,2026-08-03,False
trisight_500_late_failed_recovery_shadow,2026-08-03T15:50:00-04:00,PAPER,BUY,JBS,JBS,12.9672673753,13.895,180.18018018,13.895,0,PAPER,success,rebalance_entry,2026-08-03,ts500-lfr-2026-08-03,trisight_sim,ts500_rebalance_entry,2026-08-03T15:50:00-04:00,locked_session_preclose_1545_1555_america_new_york,,,real_daily_close_as_of_price_as_of_date_not_an_intraday_observation,2026-08-03,False
trisight_500_late_failed_recovery_shadow,2026-08-03T15:50:00-04:00,PAPER,BUY,BL,BL,5.45835141412,33.01,180.18018018,33.01,0,PAPER,success,rebalance_entry,2026-08-03,ts500-lfr-2026-08-03,trisight_sim,ts500_rebalance_entry,2026-08-03T15:50:00-04:00,locked_session_preclose_1545_1555_america_new_york,,,real_daily_close_as_of_price_as_of_date_not_an_intraday_observation,2026-08-03,False
trisight_500_late_failed_recovery_shadow,2026-08-03T15:50:00-04:00,PAPER,BUY,FND,FND,3.20491248986,56.22,180.18018018,56.22,0,PAPER,success,rebalance_entry,2026-08-03,ts500-lfr-2026-08-03,trisight_sim,ts500_rebalance_entry,2026-08-03T15:50:00-04:00,locked_session_preclose_1545_1555_america_new_york,,,real_daily_close_as_of_price_as_of_date_not_an_intraday_observation,2026-08-03,False
trisight_500_late_failed_recovery_shadow,2026-08-03T15:50:00-04:00,PAPER,BUY,STE,STE,0.777308801468,231.8,180.18018018,231.8,0,PAPER,success,rebalance_entry,2026-08-03,ts500-lfr-2026-08-03,trisight_sim,ts500_rebalance_entry,2026-08-03T15:50:00-04:00,locked_session_preclose_1545_1555_america_new_york,,,real_daily_close_as_of_price_as_of_date_not_an_intraday_observation,2026-08-03,False
trisight_500_late_failed_recovery_shadow,2026-08-03T15:50:00-04:00,PAPER,BUY,ARE,ARE,3.41865440053,52.705,180.18018018,52.705,0,PAPER,success,rebalance_entry,2026-08-03,ts500-lfr-2026-08-03,trisight_sim,ts500_rebalance_entry,2026-08-03T15:50:00-04:00,locked_session_preclose_1545_1555_america_new_york,,,real_daily_close_as_of_price_as_of_date_not_an_intraday_observation,2026-08-03,False
trisight_500_late_failed_recovery_shadow,2026-08-03T15:50:00-04:00,PAPER,BUY,BBT,BBT,5.66337200001,31.815,180.18018018,31.815,0,PAPER,success,rebalance_entry,2026-08-03,ts500-lfr-2026-08-03,trisight_sim,ts500_rebalance_entry,2026-08-03T15:50:00-04:00,locked_session_preclose_1545_1555_america_new_york,,,real_daily_close_as_of_price_as_of_date_not_an_intraday_observation,2026-08-03,False
trisight_500_late_failed_recovery_shadow,2026-08-03T15:50:00-04:00,PAPER,BUY,VIAV,VIAV,4.78185191561,37.68,180.18018018,37.68,0,PAPER,success,rebalance_entry,2026-08-03,ts500-lfr-2026-08-03,trisight_sim,ts500_rebalance_entry,2026-08-03T15:50:00-04:00,locked_session_preclose_1545_1555_america_new_york,,,real_daily_close_as_of_price_as_of_date_not_an_intraday_observation,2026-08-03,False
trisight_500_late_failed_recovery_shadow,2026-08-03T15:50:00-04:00,PAPER,BUY,KKR,KKR,1.75212894618,102.835,180.18018018,102.835,0,PAPER,success,rebalance_entry,2026-08-03,ts500-lfr-2026-08-03,trisight_sim,ts500_rebalance_entry,2026-08-03T15:50:00-04:00,locked_session_preclose_1545_1555_america_new_york,,,real_daily_close_as_of_price_as_of_date_not_an_intraday_observation,2026-08-03,False
trisight_500_late_failed_recovery_shadow,2026-08-03T15:50:00-04:00,PAPER,BUY,LRN,LRN,2.18824605514,82.34,180.18018018,82.34,0,PAPER,success,rebalance_entry,2026-08-03,ts500-lfr-2026-08-03,trisight_sim,ts500_rebalance_entry,2026-08-03T15:50:00-04:00,locked_session_preclose_1545_1555_america_new_york,,,real_daily_close_as_of_price_as_of_date_not_an_intraday_observation,2026-08-03,False
trisight_500_late_failed_recovery_shadow,2026-08-03T15:50:00-04:00,PAPER,BUY,TWST,TWST,1.83035534519,98.44,180.18018018,98.44,0,PAPER,success,rebalance_entry,2026-08-03,ts500-lfr-2026-08-03,trisight_sim,ts500_rebalance_entry,2026-08-03T15:50:00-04:00,locked_session_preclose_1545_1555_america_new_york,,,real_daily_close_as_of_price_as_of_date_not_an_intraday_observation,2026-08-03,False
trisight_500_late_failed_recovery_shadow,2026-08-03T15:50:00-04:00,PAPER,BUY,OLLI,OLLI,2.40882593824,74.8,180.18018018,74.8,0,PAPER,success,rebalance_entry,2026-08-03,ts500-lfr-2026-08-03,trisight_sim,ts500_rebalance_entry,2026-08-03T15:50:00-04:00,locked_session_preclose_1545_1555_america_new_york,,,real_daily_close_as_of_price_as_of_date_not_an_intraday_observation,2026-08-03,False
trisight_500_late_failed_recovery_shadow,2026-08-03T15:50:00-04:00,PAPER,BUY,KMT,KMT,5.19251239712,34.7,180.18018018,34.7,0,PAPER,success,rebalance_entry,2026-08-03,ts500-lfr-2026-08-03,trisight_sim,ts500_rebalance_entry,2026-08-03T15:50:00-04:00,locked_session_preclose_1545_1555_america_new_york,,,real_daily_close_as_of_price_as_of_date_not_an_intraday_observation,2026-08-03,False
trisight_500_late_failed_recovery_shadow,2026-08-03T15:50:00-04:00,PAPER,BUY,EA,EA,0.858246071164,209.94,180.18018018,209.94,0,PAPER,success,rebalance_entry,2026-08-03,ts500-lfr-2026-08-03,trisight_sim,ts500_rebalance_entry,2026-08-03T15:50:00-04:00,locked_session_preclose_1545_1555_america_new_york,,,real_daily_close_as_of_price_as_of_date_not_an_intraday_observation,2026-08-03,False
trisight_500_late_failed_recovery_shadow,2026-08-03T15:50:00-04:00,PAPER,BUY,AR,AR,4.98010448259,36.18,180.18018018,36.18,0,PAPER,success,rebalance_entry,2026-08-03,ts500-lfr-2026-08-03,trisight_sim,ts500_rebalance_entry,2026-08-03T15:50:00-04:00,locked_session_preclose_1545_1555_america_new_york,,,real_daily_close_as_of_price_as_of_date_not_an_intraday_observation,2026-08-03,False
trisight_500_late_failed_recovery_shadow,2026-08-03T15:50:00-04:00,PAPER,BUY,NPKI,NPKI,13.6603624094,13.19,180.18018018,13.19,0,PAPER,success,rebalance_entry,2026-08-03,ts500-lfr-2026-08-03,trisight_sim,ts500_rebalance_entry,2026-08-03T15:50:00-04:00,locked_session_preclose_1545_1555_america_new_york,,,real_daily_close_as_of_price_as_of_date_not_an_intraday_observation,2026-08-03,False
trisight_500_late_failed_recovery_shadow,2026-08-03T15:50:00-04:00,PAPER,BUY,BUSE,BUSE,5.77315540468,31.21,180.18018018,31.21,0,PAPER,success,rebalance_entry,2026-08-03,ts500-lfr-2026-08-03,trisight_sim,ts500_rebalance_entry,2026-08-03T15:50:00-04:00,locked_session_preclose_1545_1555_america_new_york,,,real_daily_close_as_of_price_as_of_date_not_an_intraday_observation,2026-08-03,False
trisight_500_late_failed_recovery_shadow,2026-08-03T15:50:00-04:00,PAPER,BUY,SBUX,SBUX,1.7165739073,104.965,180.18018018,104.965,0,PAPER,success,rebalance_entry,2026-08-03,ts500-lfr-2026-08-03,trisight_sim,ts500_rebalance_entry,2026-08-03T15:50:00-04:00,locked_session_preclose_1545_1555_america_new_york,,,real_daily_close_as_of_price_as_of_date_not_an_intraday_observation,2026-08-03,False
trisight_500_late_failed_recovery_shadow,2026-08-03T15:50:00-04:00,PAPER,BUY,AEIS,AEIS,0.615684880165,292.65,180.18018018,292.65,0,PAPER,success,rebalance_entry,2026-08-03,ts500-lfr-2026-08-03,trisight_sim,ts500_rebalance_entry,2026-08-03T15:50:00-04:00,locked_session_preclose_1545_1555_america_new_york,,,real_daily_close_as_of_price_as_of_date_not_an_intraday_observation,2026-08-03,False
trisight_500_late_failed_recovery_shadow,2026-08-03T15:50:00-04:00,PAPER,BUY,REAL,REAL,14.4028921007,12.51,180.18018018,12.51,0,PAPER,success,rebalance_entry,2026-08-03,ts500-lfr-2026-08-03,trisight_sim,ts500_rebalance_entry,2026-08-03T15:50:00-04:00,locked_session_preclose_1545_1555_america_new_york,,,real_daily_close_as_of_price_as_of_date_not_an_intraday_observation,2026-08-03,False
trisight_500_late_failed_recovery_shadow,2026-08-03T15:50:00-04:00,PAPER,BUY,SPOK,SPOK,16.1307233823,11.17,180.18018018,11.17,0,PAPER,success,rebalance_entry,2026-08-03,ts500-lfr-2026-08-03,trisight_sim,ts500_rebalance_entry,2026-08-03T15:50:00-04:00,locked_session_preclose_1545_1555_america_new_york,,,real_daily_close_as_of_price_as_of_date_not_an_intraday_observation,2026-08-03,False
trisight_500_late_failed_recovery_shadow,2026-08-03T15:50:00-04:00,PAPER,BUY,INOD,INOD,2.73580595476,65.86,180.18018018,65.86,0,PAPER,success,rebalance_entry,2026-08-03,ts500-lfr-2026-08-03,trisight_sim,ts500_rebalance_entry,2026-08-03T15:50:00-04:00,locked_session_preclose_1545_1555_america_new_york,,,real_daily_close_as_of_price_as_of_date_not_an_intraday_observation,2026-08-03,False
trisight_500_late_failed_recovery_shadow,2026-08-03T15:50:00-04:00,PAPER,BUY,DCI,DCI,1.89066296097,95.3,180.18018018,95.3,0,PAPER,success,rebalance_entry,2026-08-03,ts500-lfr-2026-08-03,trisight_sim,ts500_rebalance_entry,2026-08-03T15:50:00-04:00,locked_session_preclose_1545_1555_america_new_york,,,real_daily_close_as_of_price_as_of_date_not_an_intraday_observation,2026-08-03,False
trisight_500_late_failed_recovery_shadow,2026-08-03T15:50:00-04:00,PAPER,BUY,SIMO,SIMO,0.71161208602,253.2,180.18018018,253.2,0,PAPER,success,rebalance_entry,2026-08-03,ts500-lfr-2026-08-03,trisight_sim,ts500_rebalance_entry,2026-08-03T15:50:00-04:00,locked_session_preclose_1545_1555_america_new_york,,,real_daily_close_as_of_price_as_of_date_not_an_intraday_observation,2026-08-03,False
trisight_500_late_failed_recovery_shadow,2026-08-03T15:50:00-04:00,PAPER,BUY,FRSH,FRSH,15.1410643759,11.9001,180.18018018,11.9001,0,PAPER,success,rebalance_entry,2026-08-03,ts500-lfr-2026-08-03,trisight_sim,ts500_rebalance_entry,2026-08-03T15:50:00-04:00,locked_session_preclose_1545_1555_america_new_york,,,real_daily_close_as_of_price_as_of_date_not_an_intraday_observation,2026-08-03,False
trisight_500_late_failed_recovery_shadow,2026-08-03T15:50:00-04:00,PAPER,BUY,MTW,MTW,12.6708987468,14.22,180.18018018,14.22,0,PAPER,success,rebalance_entry,2026-08-03,ts500-lfr-2026-08-03,trisight_sim,ts500_rebalance_entry,2026-08-03T15:50:00-04:00,locked_session_preclose_1545_1555_america_new_york,,,real_daily_close_as_of_price_as_of_date_not_an_intraday_observation,2026-08-03,False
trisight_500_late_failed_recovery_shadow,2026-08-03T15:50:00-04:00,PAPER,BUY,M,M,6.99457221196,25.76,180.18018018,25.76,0,PAPER,success,rebalance_entry,2026-08-03,ts500-lfr-2026-08-03,trisight_sim,ts500_rebalance_entry,2026-08-03T15:50:00-04:00,locked_session_preclose_1545_1555_america_new_york,,,real_daily_close_as_of_price_as_of_date_not_an_intraday_observation,2026-08-03,False
trisight_500_late_failed_recovery_shadow,2026-08-03T15:50:00-04:00,PAPER,BUY,MH,MH,16.1642964959,11.1468,180.18018018,11.1468,0,PAPER,success,rebalance_entry,2026-08-03,ts500-lfr-2026-08-03,trisight_sim,ts500_rebalance_entry,2026-08-03T15:50:00-04:00,locked_session_preclose_1545_1555_america_new_york,,,real_daily_close_as_of_price_as_of_date_not_an_intraday_observation,2026-08-03,False
trisight_500_late_failed_recovery_shadow,2026-08-03T15:50:00-04:00,PAPER,BUY,AX,AX,1.74390418293,103.32,180.18018018,103.32,0,PAPER,success,rebalance_entry,2026-08-03,ts500-lfr-2026-08-03,trisight_sim,ts500_rebalance_entry,2026-08-03T15:50:00-04:00,locked_session_preclose_1545_1555_america_new_york,,,real_daily_close_as_of_price_as_of_date_not_an_intraday_observation,2026-08-03,False
trisight_500_late_failed_recovery_shadow,2026-08-03T15:50:00-04:00,PAPER,BUY,APLD,APLD,6.14739611669,29.31,180.18018018,29.31,0,PAPER,success,rebalance_entry,2026-08-03,ts500-lfr-2026-08-03,trisight_sim,ts500_rebalance_entry,2026-08-03T15:50:00-04:00,locked_session_preclose_1545_1555_america_new_york,,,real_daily_close_as_of_price_as_of_date_not_an_intraday_observation,2026-08-03,False
trisight_500_late_failed_recovery_shadow,2026-08-03T15:50:00-04:00,PAPER,BUY,SWKS,SWKS,2.94918045962,61.095,180.18018018,61.095,0,PAPER,success,rebalance_entry,2026-08-03,ts500-lfr-2026-08-03,trisight_sim,ts500_rebalance_entry,2026-08-03T15:50:00-04:00,locked_session_preclose_1545_1555_america_new_york,,,real_daily_close_as_of_price_as_of_date_not_an_intraday_observation,2026-08-03,False
trisight_500_late_failed_recovery_shadow,2026-08-03T15:50:00-04:00,PAPER,BUY,CDRE,CDRE,5.8405244791,30.85,180.18018018,30.85,0,PAPER,success,rebalance_entry,2026-08-03,ts500-lfr-2026-08-03,trisight_sim,ts500_rebalance_entry,2026-08-03T15:50:00-04:00,locked_session_preclose_1545_1555_america_new_york,,,real_daily_close_as_of_price_as_of_date_not_an_intraday_observation,2026-08-03,False
trisight_500_late_failed_recovery_shadow,2026-08-03T15:50:00-04:00,PAPER,BUY,DPZ,DPZ,0.500521355557,359.985,180.18018018,359.985,0,PAPER,success,rebalance_entry,2026-08-03,ts500-lfr-2026-08-03,trisight_sim,ts500_rebalance_entry,2026-08-03T15:50:00-04:00,locked_session_preclose_1545_1555_america_new_york,,,real_daily_close_as_of_price_as_of_date_not_an_intraday_observation,2026-08-03,False
trisight_500_late_failed_recovery_shadow,2026-08-03T15:50:00-04:00,PAPER,BUY,TRS,TRS,4.51919187811,39.87,180.18018018,39.87,0,PAPER,success,rebalance_entry,2026-08-03,ts500-lfr-2026-08-03,trisight_sim,ts500_rebalance_entry,2026-08-03T15:50:00-04:00,locked_session_preclose_1545_1555_america_new_york,,,real_daily_close_as_of_price_as_of_date_not_an_intraday_observation,2026-08-03,False
trisight_500_late_failed_recovery_shadow,2026-08-03T15:50:00-04:00,PAPER,BUY,PFSI,PFSI,2.36892164318,76.06,180.18018018,76.06,0,PAPER,success,rebalance_entry,2026-08-03,ts500-lfr-2026-08-03,trisight_sim,ts500_rebalance_entry,2026-08-03T15:50:00-04:00,locked_session_preclose_1545_1555_america_new_york,,,real_daily_close_as_of_price_as_of_date_not_an_intraday_observation,2026-08-03,False
trisight_500_late_failed_recovery_shadow,2026-08-03T15:50:00-04:00,PAPER,BUY,SSNC,SSNC,2.29193131311,78.615,180.18018018,78.615,0,PAPER,success,rebalance_entry,2026-08-03,ts500-lfr-2026-08-03,trisight_sim,ts500_rebalance_entry,2026-08-03T15:50:00-04:00,locked_session_preclose_1545_1555_america_new_york,,,real_daily_close_as_of_price_as_of_date_not_an_intraday_observation,2026-08-03,False
trisight_500_late_failed_recovery_shadow,2026-08-03T15:50:00-04:00,PAPER,BUY,FCF,FCF,8.33010541748,21.63,180.18018018,21.63,0,PAPER,success,rebalance_entry,2026-08-03,ts500-lfr-2026-08-03,trisight_sim,ts500_rebalance_entry,2026-08-03T15:50:00-04:00,locked_session_preclose_1545_1555_america_new_york,,,real_daily_close_as_of_price_as_of_date_not_an_intraday_observation,2026-08-03,False
trisight_500_late_failed_recovery_shadow,2026-08-03T15:50:00-04:00,PAPER,BUY,APH,APH,1.11449359918,161.67,180.18018018,161.67,0,PAPER,success,rebalance_entry,2026-08-03,ts500-lfr-2026-08-03,trisight_sim,ts500_rebalance_entry,2026-08-03T15:50:00-04:00,locked_session_preclose_1545_1555_america_new_york,,,real_daily_close_as_of_price_as_of_date_not_an_intraday_observation,2026-08-03,False
trisight_500_late_failed_recovery_shadow,2026-08-03T15:50:00-04:00,PAPER,BUY,KSPI,KSPI,1.93036404736,93.34,180.18018018,93.34,0,PAPER,success,rebalance_entry,2026-08-03,ts500-lfr-2026-08-03,trisight_sim,ts500_rebalance_entry,2026-08-03T15:50:00-04:00,locked_session_preclose_1545_1555_america_new_york,,,real_daily_close_as_of_price_as_of_date_not_an_intraday_observation,2026-08-03,False
trisight_500_late_failed_recovery_shadow,2026-08-03T15:50:00-04:00,PAPER,BUY,CG,CG,3.79167045834,47.52,180.18018018,47.52,0,PAPER,success,rebalance_entry,2026-08-03,ts500-lfr-2026-08-03,trisight_sim,ts500_rebalance_entry,2026-08-03T15:50:00-04:00,locked_session_preclose_1545_1555_america_new_york,,,real_daily_close_as_of_price_as_of_date_not_an_intraday_observation,2026-08-03,False
trisight_500_late_failed_recovery_shadow,2026-08-03T15:50:00-04:00,PAPER,BUY,LH,LH,0.583527556834,308.7775,180.18018018,308.7775,0,PAPER,success,rebalance_entry,2026-08-03,ts500-lfr-2026-08-03,trisight_sim,ts500_rebalance_entry,2026-08-03T15:50:00-04:00,locked_session_preclose_1545_1555_america_new_york,,,real_daily_close_as_of_price_as_of_date_not_an_intraday_observation,2026-08-03,False
trisight_500_late_failed_recovery_shadow,2026-08-03T15:50:00-04:00,PAPER,BUY,DEO,DEO,2.02722975,88.88,180.18018018,88.88,0,PAPER,success,rebalance_entry,2026-08-03,ts500-lfr-2026-08-03,trisight_sim,ts500_rebalance_entry,2026-08-03T15:50:00-04:00,locked_session_preclose_1545_1555_america_new_york,,,real_daily_close_as_of_price_as_of_date_not_an_intraday_observation,2026-08-03,False
trisight_500_late_failed_recovery_shadow,2026-08-03T15:50:00-04:00,PAPER,BUY,GOOG,GOOG,0.48573941926,370.94,180.18018018,370.94,0,PAPER,success,rebalance_entry,2026-08-03,ts500-lfr-2026-08-03,trisight_sim,ts500_rebalance_entry,2026-08-03T15:50:00-04:00,locked_session_preclose_1545_1555_america_new_york,,,real_daily_close_as_of_price_as_of_date_not_an_intraday_observation,2026-08-03,False
trisight_500_late_failed_recovery_shadow,2026-08-03T15:50:00-04:00,PAPER,BUY,MGA,MGA,2.61585627439,68.88,180.18018018,68.88,0,PAPER,success,rebalance_entry,2026-08-03,ts500-lfr-2026-08-03,trisight_sim,ts500_rebalance_entry,2026-08-03T15:50:00-04:00,locked_session_preclose_1545_1555_america_new_york,,,real_daily_close_as_of_price_as_of_date_not_an_intraday_observation,2026-08-03,False
trisight_500_late_failed_recovery_shadow,2026-08-03T15:50:00-04:00,PAPER,BUY,ULTA,ULTA,0.340129460075,529.74,180.18018018,529.74,0,PAPER,success,rebalance_entry,2026-08-03,ts500-lfr-2026-08-03,trisight_sim,ts500_rebalance_entry,2026-08-03T15:50:00-04:00,locked_session_preclose_1545_1555_america_new_york,,,real_daily_close_as_of_price_as_of_date_not_an_intraday_observation,2026-08-03,False
trisight_500_late_failed_recovery_shadow,2026-08-03T15:50:00-04:00,PAPER,BUY,TGT,TGT,1.21525768172,148.265,180.18018018,148.265,0,PAPER,success,rebalance_entry,2026-08-03,ts500-lfr-2026-08-03,trisight_sim,ts500_rebalance_entry,2026-08-03T15:50:00-04:00,locked_session_preclose_1545_1555_america_new_york,,,real_daily_close_as_of_price_as_of_date_not_an_intraday_observation,2026-08-03,False
trisight_500_late_failed_recovery_shadow,2026-08-03T15:50:00-04:00,PAPER,BUY,VZ,VZ,3.81616393477,47.215,180.18018018,47.215,0,PAPER,success,rebalance_entry,2026-08-03,ts500-lfr-2026-08-03,trisight_sim,ts500_rebalance_entry,2026-08-03T15:50:00-04:00,locked_session_preclose_1545_1555_america_new_york,,,real_daily_close_as_of_price_as_of_date_not_an_intraday_observation,2026-08-03,False
trisight_500_late_failed_recovery_shadow,2026-08-03T15:50:00-04:00,PAPER,BUY,DNOW,DNOW,12.5561101171,14.35,180.18018018,14.35,0,PAPER,success,rebalance_entry,2026-08-03,ts500-lfr-2026-08-03,trisight_sim,ts500_rebalance_entry,2026-08-03T15:50:00-04:00,locked_session_preclose_1545_1555_america_new_york,,,real_daily_close_as_of_price_as_of_date_not_an_intraday_observation,2026-08-03,False
trisight_500_late_failed_recovery_shadow,2026-08-03T15:50:00-04:00,PAPER,BUY,MDLZ,MDLZ,2.9007515122,62.115,180.18018018,62.115,0,PAPER,success,rebalance_entry,2026-08-03,ts500-lfr-2026-08-03,trisight_sim,ts500_rebalance_entry,2026-08-03T15:50:00-04:00,locked_session_preclose_1545_1555_america_new_york,,,real_daily_close_as_of_price_as_of_date_not_an_intraday_observation,2026-08-03,False
trisight_500_late_failed_recovery_shadow,2026-08-03T15:50:00-04:00,PAPER,BUY,CIB,CIB,1.9734959494,91.3,180.18018018,91.3,0,PAPER,success,rebalance_entry,2026-08-03,ts500-lfr-2026-08-03,trisight_sim,ts500_rebalance_entry,2026-08-03T15:50:00-04:00,locked_session_preclose_1545_1555_america_new_york,,,real_daily_close_as_of_price_as_of_date_not_an_intraday_observation,2026-08-03,False
trisight_500_late_failed_recovery_shadow,2026-08-03T15:50:00-04:00,PAPER,BUY,DUOL,DUOL,1.30992497405,137.55,180.18018018,137.55,0,PAPER,success,rebalance_entry,2026-08-03,ts500-lfr-2026-08-03,trisight_sim,ts500_rebalance_entry,2026-08-03T15:50:00-04:00,locked_session_preclose_1545_1555_america_new_york,,,real_daily_close_as_of_price_as_of_date_not_an_intraday_observation,2026-08-03,False
trisight_500_late_failed_recovery_shadow,2026-08-03T15:50:00-04:00,PAPER,BUY,SKYW,SKYW,1.62558805648,110.84,180.18018018,110.84,0,PAPER,success,rebalance_entry,2026-08-03,ts500-lfr-2026-08-03,trisight_sim,ts500_rebalance_entry,2026-08-03T15:50:00-04:00,locked_session_preclose_1545_1555_america_new_york,,,real_daily_close_as_of_price_as_of_date_not_an_intraday_observation,2026-08-03,False
trisight_500_late_failed_recovery_shadow,2026-08-03T15:50:00-04:00,PAPER,BUY,RTO,RTO,7.51847194576,23.965,180.18018018,23.965,0,PAPER,success,rebalance_entry,2026-08-03,ts500-lfr-2026-08-03,trisight_sim,ts500_rebalance_entry,2026-08-03T15:50:00-04:00,locked_session_preclose_1545_1555_america_new_york,,,real_daily_close_as_of_price_as_of_date_not_an_intraday_observation,2026-08-03,False
trisight_500_late_failed_recovery_shadow,2026-08-03T15:50:00-04:00,PAPER,BUY,BXP,BXP,2.55502240755,70.52,180.18018018,70.52,0,PAPER,success,rebalance_entry,2026-08-03,ts500-lfr-2026-08-03,trisight_sim,ts500_rebalance_entry,2026-08-03T15:50:00-04:00,locked_session_preclose_1545_1555_america_new_york,,,real_daily_close_as_of_price_as_of_date_not_an_intraday_observation,2026-08-03,False
trisight_500_late_failed_recovery_shadow,2026-08-03T15:50:00-04:00,PAPER,BUY,AEVA,AEVA,9.91635554101,18.17,180.18018018,18.17,0,PAPER,success,rebalance_entry,2026-08-03,ts500-lfr-2026-08-03,trisight_sim,ts500_rebalance_entry,2026-08-03T15:50:00-04:00,locked_session_preclose_1545_1555_america_new_york,,,real_daily_close_as_of_price_as_of_date_not_an_intraday_observation,2026-08-03,False
trisight_500_late_failed_recovery_shadow,2026-08-03T15:50:00-04:00,PAPER,BUY,TTAM,TTAM,11.5611280193,15.585,180.18018018,15.585,0,PAPER,success,rebalance_entry,2026-08-03,ts500-lfr-2026-08-03,trisight_sim,ts500_rebalance_entry,2026-08-03T15:50:00-04:00,locked_session_preclose_1545_1555_america_new_york,,,real_daily_close_as_of_price_as_of_date_not_an_intraday_observation,2026-08-03,False
trisight_500_late_failed_recovery_shadow,2026-08-03T15:50:00-04:00,PAPER,BUY,ANF,ANF,1.70479875277,105.69,180.18018018,105.69,0,PAPER,success,rebalance_entry,2026-08-03,ts500-lfr-2026-08-03,trisight_sim,ts500_rebalance_entry,2026-08-03T15:50:00-04:00,locked_session_preclose_1545_1555_america_new_york,,,real_daily_close_as_of_price_as_of_date_not_an_intraday_observation,2026-08-03,False
trisight_500_late_failed_recovery_shadow,2026-08-03T15:50:00-04:00,PAPER,BUY,RTX,RTX,0.837891462891,215.04,180.18018018,215.04,0,PAPER,success,rebalance_entry,2026-08-03,ts500-lfr-2026-08-03,trisight_sim,ts500_rebalance_entry,2026-08-03T15:50:00-04:00,locked_session_preclose_1545_1555_america_new_york,,,real_daily_close_as_of_price_as_of_date_not_an_intraday_observation,2026-08-03,False
trisight_500_late_failed_recovery_shadow,2026-08-03T15:50:00-04:00,PAPER,BUY,CBRE,CBRE,1.22780361281,146.75,180.18018018,146.75,0,PAPER,success,rebalance_entry,2026-08-03,ts500-lfr-2026-08-03,trisight_sim,ts500_rebalance_entry,2026-08-03T15:50:00-04:00,locked_session_preclose_1545_1555_america_new_york,,,real_daily_close_as_of_price_as_of_date_not_an_intraday_observation,2026-08-03,False
trisight_500_late_failed_recovery_shadow,2026-08-03T15:50:00-04:00,PAPER,BUY,ORLY,ORLY,2.00500951628,89.865,180.18018018,89.865,0,PAPER,success,rebalance_entry,2026-08-03,ts500-lfr-2026-08-03,trisight_sim,ts500_rebalance_entry,2026-08-03T15:50:00-04:00,locked_session_preclose_1545_1555_america_new_york,,,real_daily_close_as_of_price_as_of_date_not_an_intraday_observation,2026-08-03,False
trisight_500_late_failed_recovery_shadow,2026-08-03T15:50:00-04:00,PAPER,BUY,QRVO,QRVO,2.01577647458,89.385,180.18018018,89.385,0,PAPER,success,rebalance_entry,2026-08-03,ts500-lfr-2026-08-03,trisight_sim,ts500_rebalance_entry,2026-08-03T15:50:00-04:00,locked_session_preclose_1545_1555_america_new_york,,,real_daily_close_as_of_price_as_of_date_not_an_intraday_observation,2026-08-03,False
trisight_500_late_failed_recovery_shadow,2026-08-03T15:50:00-04:00,PAPER,BUY,LMT,LMT,0.310516286113,580.26,180.18018018,580.26,0,PAPER,success,rebalance_entry,2026-08-03,ts500-lfr-2026-08-03,trisight_sim,ts500_rebalance_entry,2026-08-03T15:50:00-04:00,locked_session_preclose_1545_1555_america_new_york,,,real_daily_close_as_of_price_as_of_date_not_an_intraday_observation,2026-08-03,False
trisight_500_late_failed_recovery_shadow,2026-08-03T15:50:00-04:00,PAPER,BUY,VNT,VNT,5.53548940646,32.55,180.18018018,32.55,0,PAPER,success,rebalance_entry,2026-08-03,ts500-lfr-2026-08-03,trisight_sim,ts500_rebalance_entry,2026-08-03T15:50:00-04:00,locked_session_preclose_1545_1555_america_new_york,,,real_daily_close_as_of_price_as_of_date_not_an_intraday_observation,2026-08-03,False
trisight_500_late_failed_recovery_shadow,2026-08-03T15:50:00-04:00,PAPER,BUY,BG,BG,1.69965267598,106.01,180.18018018,106.01,0,PAPER,success,rebalance_entry,2026-08-03,ts500-lfr-2026-08-03,trisight_sim,ts500_rebalance_entry,2026-08-03T15:50:00-04:00,locked_session_preclose_1545_1555_america_new_york,,,real_daily_close_as_of_price_as_of_date_not_an_intraday_observation,2026-08-03,False
trisight_500_late_failed_recovery_shadow,2026-08-03T15:50:00-04:00,PAPER,BUY,ONEW,ONEW,14.0765765766,12.8,180.18018018,12.8,0,PAPER,success,rebalance_entry,2026-08-03,ts500-lfr-2026-08-03,trisight_sim,ts500_rebalance_entry,2026-08-03T15:50:00-04:00,locked_session_preclose_1545_1555_america_new_york,,,real_daily_close_as_of_price_as_of_date_not_an_intraday_observation,2026-08-03,False
trisight_500_late_failed_recovery_shadow,2026-08-03T15:50:00-04:00,PAPER,BUY,NTGR,NTGR,7.43317575001,24.24,180.18018018,24.24,0,PAPER,success,rebalance_entry,2026-08-03,ts500-lfr-2026-08-03,trisight_sim,ts500_rebalance_entry,2026-08-03T15:50:00-04:00,locked_session_preclose_1545_1555_america_new_york,,,real_daily_close_as_of_price_as_of_date_not_an_intraday_observation,2026-08-03,False
trisight_500_late_failed_recovery_shadow,2026-08-03T15:50:00-04:00,PAPER,BUY,STNG,STNG,2.35575838635,76.485,180.18018018,76.485,0,PAPER,success,rebalance_entry,2026-08-03,ts500-lfr-2026-08-03,trisight_sim,ts500_rebalance_entry,2026-08-03T15:50:00-04:00,locked_session_preclose_1545_1555_america_new_york,,,real_daily_close_as_of_price_as_of_date_not_an_intraday_observation,2026-08-03,False
trisight_500_late_failed_recovery_shadow,2026-08-03T15:50:00-04:00,PAPER,BUY,SITE,SITE,1.866958659,96.51,180.18018018,96.51,0,PAPER,success,rebalance_entry,2026-08-03,ts500-lfr-2026-08-03,trisight_sim,ts500_rebalance_entry,2026-08-03T15:50:00-04:00,locked_session_preclose_1545_1555_america_new_york,,,real_daily_close_as_of_price_as_of_date_not_an_intraday_observation,2026-08-03,False
trisight_500_late_failed_recovery_shadow,2026-08-03T15:50:00-04:00,PAPER,BUY,FER,FER,2.73331584011,65.92,180.18018018,65.92,0,PAPER,success,rebalance_entry,2026-08-03,ts500-lfr-2026-08-03,trisight_sim,ts500_rebalance_entry,2026-08-03T15:50:00-04:00,locked_session_preclose_1545_1555_america_new_york,,,real_daily_close_as_of_price_as_of_date_not_an_intraday_observation,2026-08-03,False
trisight_500_late_failed_recovery_shadow,2026-08-03T15:50:00-04:00,PAPER,BUY,ING,ING,5.12676569015,35.145,180.18018018,35.145,0,PAPER,success,rebalance_entry,2026-08-03,ts500-lfr-2026-08-03,trisight_sim,ts500_rebalance_entry,2026-08-03T15:50:00-04:00,locked_session_preclose_1545_1555_america_new_york,,,real_daily_close_as_of_price_as_of_date_not_an_intraday_observation,2026-08-03,False
trisight_500_late_failed_recovery_shadow,2026-08-03T15:50:00-04:00,PAPER,BUY,CPS,CPS,6.00500517181,30.005,180.18018018,30.005,0,PAPER,success,rebalance_entry,2026-08-03,ts500-lfr-2026-08-03,trisight_sim,ts500_rebalance_entry,2026-08-03T15:50:00-04:00,locked_session_preclose_1545_1555_america_new_york,,,real_daily_close_as_of_price_as_of_date_not_an_intraday_observation,2026-08-03,False
trisight_500_late_failed_recovery_shadow,2026-08-03T15:50:00-04:00,PAPER,BUY,AMTB,AMTB,6.03214530232,29.87,180.18018018,29.87,0,PAPER,success,rebalance_entry,2026-08-03,ts500-lfr-2026-08-03,trisight_sim,ts500_rebalance_entry,2026-08-03T15:50:00-04:00,locked_session_preclose_1545_1555_america_new_york,,,real_daily_close_as_of_price_as_of_date_not_an_intraday_observation,2026-08-03,False
trisight_500_late_failed_recovery_shadow,2026-08-03T15:50:00-04:00,PAPER,BUY,LDOS,LDOS,1.53383996067,117.47,180.18018018,117.47,0,PAPER,success,rebalance_entry,2026-08-03,ts500-lfr-2026-08-03,trisight_sim,ts500_rebalance_entry,2026-08-03T15:50:00-04:00,locked_session_preclose_1545_1555_america_new_york,,,real_daily_close_as_of_price_as_of_date_not_an_intraday_observation,2026-08-03,False
trisight_500_late_failed_recovery_shadow,2026-08-03T15:50:00-04:00,PAPER,BUY,TFII,TFII,1.33358137947,135.11,180.18018018,135.11,0,PAPER,success,rebalance_entry,2026-08-03,ts500-lfr-2026-08-03,trisight_sim,ts500_rebalance_entry,2026-08-03T15:50:00-04:00,locked_session_preclose_1545_1555_america_new_york,,,real_daily_close_as_of_price_as_of_date_not_an_intraday_observation,2026-08-03,False
trisight_500_late_failed_recovery_shadow,2026-08-03T15:50:00-04:00,PAPER,BUY,RDNT,RDNT,2.72896902961,66.025,180.18018018,66.025,0,PAPER,success,rebalance_entry,2026-08-03,ts500-lfr-2026-08-03,trisight_sim,ts500_rebalance_entry,2026-08-03T15:50:00-04:00,locked_session_preclose_1545_1555_america_new_york,,,real_daily_close_as_of_price_as_of_date_not_an_intraday_observation,2026-08-03,False
trisight_500_late_failed_recovery_shadow,2026-08-03T15:50:00-04:00,PAPER,BUY,PRGS,PRGS,4.30229656591,41.88,180.18018018,41.88,0,PAPER,success,rebalance_entry,2026-08-03,ts500-lfr-2026-08-03,trisight_sim,ts500_rebalance_entry,2026-08-03T15:50:00-04:00,locked_session_preclose_1545_1555_america_new_york,,,real_daily_close_as_of_price_as_of_date_not_an_intraday_observation,2026-08-03,False
trisight_500_late_failed_recovery_shadow,2026-08-03T15:50:00-04:00,PAPER,BUY,HMC,HMC,6.05139144182,29.775,180.18018018,29.775,0,PAPER,success,rebalance_entry,2026-08-03,ts500-lfr-2026-08-03,trisight_sim,ts500_rebalance_entry,2026-08-03T15:50:00-04:00,locked_session_preclose_1545_1555_america_new_york,,,real_daily_close_as_of_price_as_of_date_not_an_intraday_observation,2026-08-03,False
trisight_500_late_failed_recovery_shadow,2026-08-03T15:50:00-04:00,PAPER,BUY,AMKR,AMKR,3.61372202527,49.86,180.18018018,49.86,0,PAPER,success,rebalance_entry,2026-08-03,ts500-lfr-2026-08-03,trisight_sim,ts500_rebalance_entry,2026-08-03T15:50:00-04:00,locked_session_preclose_1545_1555_america_new_york,,,real_daily_close_as_of_price_as_of_date_not_an_intraday_observation,2026-08-03,False
trisight_500_late_failed_recovery_shadow,2026-08-03T15:50:00-04:00,PAPER,BUY,BLDR,BLDR,2.53524947489,71.07,180.18018018,71.07,0,PAPER,success,rebalance_entry,2026-08-03,ts500-lfr-2026-08-03,trisight_sim,ts500_rebalance_entry,2026-08-03T15:50:00-04:00,locked_session_preclose_1545_1555_america_new_york,,,real_daily_close_as_of_price_as_of_date_not_an_intraday_observation,2026-08-03,False
trisight_500_late_failed_recovery_shadow,2026-08-03T15:50:00-04:00,PAPER,BUY,MUR,MUR,4.57658572975,39.37,180.18018018,39.37,0,PAPER,success,rebalance_entry,2026-08-03,ts500-lfr-2026-08-03,trisight_sim,ts500_rebalance_entry,2026-08-03T15:50:00-04:00,locked_session_preclose_1545_1555_america_new_york,,,real_daily_close_as_of_price_as_of_date_not_an_intraday_observation,2026-08-03,False
trisight_500_late_failed_recovery_shadow,2026-08-03T15:50:00-04:00,PAPER,BUY,CSL,CSL,0.490967547291,366.99,180.18018018,366.99,0,PAPER,success,rebalance_entry,2026-08-03,ts500-lfr-2026-08-03,trisight_sim,ts500_rebalance_entry,2026-08-03T15:50:00-04:00,locked_session_preclose_1545_1555_america_new_york,,,real_daily_close_as_of_price_as_of_date_not_an_intraday_observation,2026-08-03,False
trisight_500_late_failed_recovery_shadow,2026-08-03T15:50:00-04:00,PAPER,BUY,SBLK,SBLK,6.26277998541,28.77,180.18018018,28.77,0,PAPER,success,rebalance_entry,2026-08-03,ts500-lfr-2026-08-03,trisight_sim,ts500_rebalance_entry,2026-08-03T15:50:00-04:00,locked_session_preclose_1545_1555_america_new_york,,,real_daily_close_as_of_price_as_of_date_not_an_intraday_observation,2026-08-03,False
trisight_500_late_failed_recovery_shadow,2026-08-03T15:50:00-04:00,PAPER,BUY,HWM,HWM,0.634705439553,283.88,180.18018018,283.88,0,PAPER,success,rebalance_entry,2026-08-03,ts500-lfr-2026-08-03,trisight_sim,ts500_rebalance_entry,2026-08-03T15:50:00-04:00,locked_session_preclose_1545_1555_america_new_york,,,real_daily_close_as_of_price_as_of_date_not_an_intraday_observation,2026-08-03,False
trisight_500_late_failed_recovery_shadow,2026-08-03T15:50:00-04:00,PAPER,BUY,MFC,MFC,4.05172431257,44.47,180.18018018,44.47,0,PAPER,success,rebalance_entry,2026-08-03,ts500-lfr-2026-08-03,trisight_sim,ts500_rebalance_entry,2026-08-03T15:50:00-04:00,locked_session_preclose_1545_1555_america_new_york,,,real_daily_close_as_of_price_as_of_date_not_an_intraday_observation,2026-08-03,False
trisight_500_late_failed_recovery_shadow,2026-08-03T15:50:00-04:00,PAPER,BUY,BILI,BILI,9.32609628262,19.32,180.18018018,19.32,0,PAPER,success,rebalance_entry,2026-08-03,ts500-lfr-2026-08-03,trisight_sim,ts500_rebalance_entry,2026-08-03T15:50:00-04:00,locked_session_preclose_1545_1555_america_new_york,,,real_daily_close_as_of_price_as_of_date_not_an_intraday_observation,2026-08-03,False
trisight_500_late_failed_recovery_shadow,2026-08-03T15:50:00-04:00,PAPER,BUY,NDSN,NDSN,0.600460493152,300.07,180.18018018,300.07,0,PAPER,success,rebalance_entry,2026-08-03,ts500-lfr-2026-08-03,trisight_sim,ts500_rebalance_entry,2026-08-03T15:50:00-04:00,locked_session_preclose_1545_1555_america_new_york,,,real_daily_close_as_of_price_as_of_date_not_an_intraday_observation,2026-08-03,False
trisight_500_late_failed_recovery_shadow,2026-08-03T15:50:00-04:00,PAPER,BUY,WWW,WWW,9.01577083714,19.985,180.18018018,19.985,0,PAPER,success,rebalance_entry,2026-08-03,ts500-lfr-2026-08-03,trisight_sim,ts500_rebalance_entry,2026-08-03T15:50:00-04:00,locked_session_preclose_1545_1555_america_new_york,,,real_daily_close_as_of_price_as_of_date_not_an_intraday_observation,2026-08-03,False
trisight_500_late_failed_recovery_shadow,2026-08-03T15:50:00-04:00,PAPER,BUY,JHX,JHX,6.61940412124,27.22,180.18018018,27.22,0,PAPER,success,rebalance_entry,2026-08-03,ts500-lfr-2026-08-03,trisight_sim,ts500_rebalance_entry,2026-08-03T15:50:00-04:00,locked_session_preclose_1545_1555_america_new_york,,,real_daily_close_as_of_price_as_of_date_not_an_intraday_observation,2026-08-03,False
trisight_500_late_failed_recovery_shadow,2026-08-03T15:50:00-04:00,PAPER,BUY,IART,IART,10.0462882732,17.935,180.18018018,17.935,0,PAPER,success,rebalance_entry,2026-08-03,ts500-lfr-2026-08-03,trisight_sim,ts500_rebalance_entry,2026-08-03T15:50:00-04:00,locked_session_preclose_1545_1555_america_new_york,,,real_daily_close_as_of_price_as_of_date_not_an_intraday_observation,2026-08-03,False
trisight_500_late_failed_recovery_shadow,2026-08-03T15:50:00-04:00,PAPER,BUY,KT,KT,9.78176873942,18.42,180.18018018,18.42,0,PAPER,success,rebalance_entry,2026-08-03,ts500-lfr-2026-08-03,trisight_sim,ts500_rebalance_entry,2026-08-03T15:50:00-04:00,locked_session_preclose_1545_1555_america_new_york,,,real_daily_close_as_of_price_as_of_date_not_an_intraday_observation,2026-08-03,False
trisight_500_late_failed_recovery_shadow,2026-08-03T15:50:00-04:00,PAPER,BUY,VIK,VIK,1.69773089777,106.13,180.18018018,106.13,0,PAPER,success,rebalance_entry,2026-08-03,ts500-lfr-2026-08-03,trisight_sim,ts500_rebalance_entry,2026-08-03T15:50:00-04:00,locked_session_preclose_1545_1555_america_new_york,,,real_daily_close_as_of_price_as_of_date_not_an_intraday_observation,2026-08-03,False
trisight_500_late_failed_recovery_shadow,2026-08-03T15:50:00-04:00,PAPER,BUY,ADSK,ADSK,0.76269971292,236.24,180.18018018,236.24,0,PAPER,success,rebalance_entry,2026-08-03,ts500-lfr-2026-08-03,trisight_sim,ts500_rebalance_entry,2026-08-03T15:50:00-04:00,locked_session_preclose_1545_1555_america_new_york,,,real_daily_close_as_of_price_as_of_date_not_an_intraday_observation,2026-08-03,False
trisight_500_late_failed_recovery_shadow,2026-08-03T15:50:00-04:00,PAPER,BUY,BRKR,BRKR,2.8309074226,63.6475,180.18018018,63.6475,0,PAPER,success,rebalance_entry,2026-08-03,ts500-lfr-2026-08-03,trisight_sim,ts500_rebalance_entry,2026-08-03T15:50:00-04:00,locked_session_preclose_1545_1555_america_new_york,,,real_daily_close_as_of_price_as_of_date_not_an_intraday_observation,2026-08-03,False
trisight_500_late_failed_recovery_shadow,2026-08-03T15:50:00-04:00,PAPER,BUY,VMC,VMC,0.0651092851212,276.735,18.018018018,276.735,0,PAPER,success,rebalance_entry,2026-08-03,ts500-lfr-2026-08-03,trisight_sim,ts500_rebalance_entry,2026-08-03T15:50:00-04:00,locked_session_preclose_1545_1555_america_new_york,,,real_daily_close_as_of_price_as_of_date_not_an_intraday_observation,2026-08-03,False
trisight_500_late_failed_recovery_shadow,2026-08-03T15:50:00-04:00,PAPER,BUY,KO,KO,0.207437462791,86.86,18.018018018,86.86,0,PAPER,success,rebalance_entry,2026-08-03,ts500-lfr-2026-08-03,trisight_sim,ts500_rebalance_entry,2026-08-03T15:50:00-04:00,locked_session_preclose_1545_1555_america_new_york,,,real_daily_close_as_of_price_as_of_date_not_an_intraday_observation,2026-08-03,False
trisight_500_late_failed_recovery_shadow,2026-08-03T15:50:00-04:00,PAPER,BUY,BCC,BCC,0.225140797426,80.03,18.018018018,80.03,0,PAPER,success,rebalance_entry,2026-08-03,ts500-lfr-2026-08-03,trisight_sim,ts500_rebalance_entry,2026-08-03T15:50:00-04:00,locked_session_preclose_1545_1555_america_new_york,,,real_daily_close_as_of_price_as_of_date_not_an_intraday_observation,2026-08-03,False
trisight_500_late_failed_recovery_shadow,2026-08-03T15:50:00-04:00,PAPER,BUY,TU,TU,1.87981408639,9.585,18.018018018,9.585,0,PAPER,success,rebalance_entry,2026-08-03,ts500-lfr-2026-08-03,trisight_sim,ts500_rebalance_entry,2026-08-03T15:50:00-04:00,locked_session_preclose_1545_1555_america_new_york,,,real_daily_close_as_of_price_as_of_date_not_an_intraday_observation,2026-08-03,False
trisight_500_late_failed_recovery_shadow,2026-08-03T15:50:00-04:00,PAPER,BUY,AER,AER,0.11723992594,153.685,18.018018018,153.685,0,PAPER,success,rebalance_entry,2026-08-03,ts500-lfr-2026-08-03,trisight_sim,ts500_rebalance_entry,2026-08-03T15:50:00-04:00,locked_session_preclose_1545_1555_america_new_york,,,real_daily_close_as_of_price_as_of_date_not_an_intraday_observation,2026-08-03,False
trisight_500_late_failed_recovery_shadow,2026-08-03T15:50:00-04:00,PAPER,BUY,EME,EME,0.0221885843284,812.04,18.018018018,812.04,0,PAPER,success,rebalance_entry,2026-08-03,ts500-lfr-2026-08-03,trisight_sim,ts500_rebalance_entry,2026-08-03T15:50:00-04:00,locked_session_preclose_1545_1555_america_new_york,,,real_daily_close_as_of_price_as_of_date_not_an_intraday_observation,2026-08-03,False
trisight_500_late_failed_recovery_shadow,2026-08-03T15:50:00-04:00,PAPER,BUY,SLM,SLM,0.670188507272,26.885,18.018018018,26.885,0,PAPER,success,rebalance_entry,2026-08-03,ts500-lfr-2026-08-03,trisight_sim,ts500_rebalance_entry,2026-08-03T15:50:00-04:00,locked_session_preclose_1545_1555_america_new_york,,,real_daily_close_as_of_price_as_of_date_not_an_intraday_observation,2026-08-03,False
trisight_500_late_failed_recovery_shadow,2026-08-03T15:50:00-04:00,PAPER,BUY,THC,THC,0.0710685836706,253.53,18.018018018,253.53,0,PAPER,success,rebalance_entry,2026-08-03,ts500-lfr-2026-08-03,trisight_sim,ts500_rebalance_entry,2026-08-03T15:50:00-04:00,locked_session_preclose_1545_1555_america_new_york,,,real_daily_close_as_of_price_as_of_date_not_an_intraday_observation,2026-08-03,False
trisight_500_late_failed_recovery_shadow,2026-08-03T15:50:00-04:00,PAPER,BUY,AMTM,AMTM,0.790957770765,22.78,18.018018018,22.78,0,PAPER,success,rebalance_entry,2026-08-03,ts500-lfr-2026-08-03,trisight_sim,ts500_rebalance_entry,2026-08-03T15:50:00-04:00,locked_session_preclose_1545_1555_america_new_york,,,real_daily_close_as_of_price_as_of_date_not_an_intraday_observation,2026-08-03,False
trisight_500_late_failed_recovery_shadow,2026-08-03T15:50:00-04:00,PAPER,BUY,PDD,PDD,0.200422892303,89.9,18.018018018,89.9,0,PAPER,success,rebalance_entry,2026-08-03,ts500-lfr-2026-08-03,trisight_sim,ts500_rebalance_entry,2026-08-03T15:50:00-04:00,locked_session_preclose_1545_1555_america_new_york,,,real_daily_close_as_of_price_as_of_date_not_an_intraday_observation,2026-08-03,False
trisight_500_late_failed_recovery_shadow,2026-08-03T15:50:00-04:00,PAPER,BUY,RRX,RRX,0.0863759253021,208.6,18.018018018,208.6,0,PAPER,success,rebalance_entry,2026-08-03,ts500-lfr-2026-08-03,trisight_sim,ts500_rebalance_entry,2026-08-03T15:50:00-04:00,locked_session_preclose_1545_1555_america_new_york,,,real_daily_close_as_of_price_as_of_date_not_an_intraday_observation,2026-08-03,False
trisight_500_late_failed_recovery_shadow,2026-08-03T15:50:00-04:00,PAPER,BUY,PNFP,PNFP,0.16792188274,107.3,18.018018018,107.3,0,PAPER,success,rebalance_entry,2026-08-03,ts500-lfr-2026-08-03,trisight_sim,ts500_rebalance_entry,2026-08-03T15:50:00-04:00,locked_session_preclose_1545_1555_america_new_york,,,real_daily_close_as_of_price_as_of_date_not_an_intraday_observation,2026-08-03,False
trisight_500_late_failed_recovery_shadow,2026-08-03T15:50:00-04:00,PAPER,BUY,AAOI,AAOI,0.169549430865,106.27,18.018018018,106.27,0,PAPER,success,rebalance_entry,2026-08-03,ts500-lfr-2026-08-03,trisight_sim,ts500_rebalance_entry,2026-08-03T15:50:00-04:00,locked_session_preclose_1545_1555_america_new_york,,,real_daily_close_as_of_price_as_of_date_not_an_intraday_observation,2026-08-03,False
trisight_500_late_failed_recovery_shadow,2026-08-03T15:50:00-04:00,PAPER,BUY,HON,HON,0.0726503690094,248.01,18.018018018,248.01,0,PAPER,success,rebalance_entry,2026-08-03,ts500-lfr-2026-08-03,trisight_sim,ts500_rebalance_entry,2026-08-03T15:50:00-04:00,locked_session_preclose_1545_1555_america_new_york,,,real_daily_close_as_of_price_as_of_date_not_an_intraday_observation,2026-08-03,False
trisight_500_late_failed_recovery_shadow,2026-08-03T15:50:00-04:00,PAPER,BUY,CCOI,CCOI,1.31710658026,13.68,18.018018018,13.68,0,PAPER,success,rebalance_entry,2026-08-03,ts500-lfr-2026-08-03,trisight_sim,ts500_rebalance_entry,2026-08-03T15:50:00-04:00,locked_session_preclose_1545_1555_america_new_york,,,real_daily_close_as_of_price_as_of_date_not_an_intraday_observation,2026-08-03,False
trisight_500_late_failed_recovery_shadow,2026-08-03T15:50:00-04:00,PAPER,BUY,EGO,EGO,0.565714851429,31.85,18.018018018,31.85,0,PAPER,success,rebalance_entry,2026-08-03,ts500-lfr-2026-08-03,trisight_sim,ts500_rebalance_entry,2026-08-03T15:50:00-04:00,locked_session_preclose_1545_1555_america_new_york,,,real_daily_close_as_of_price_as_of_date_not_an_intraday_observation,2026-08-03,False
trisight_500_late_failed_recovery_shadow,2026-08-03T15:50:00-04:00,PAPER,BUY,ONTO,ONTO,0.0673621131225,267.48,18.018018018,267.48,0,PAPER,success,rebalance_entry,2026-08-03,ts500-lfr-2026-08-03,trisight_sim,ts500_rebalance_entry,2026-08-03T15:50:00-04:00,locked_session_preclose_1545_1555_america_new_york,,,real_daily_close_as_of_price_as_of_date_not_an_intraday_observation,2026-08-03,False
trisight_500_late_failed_recovery_shadow,2026-08-03T15:50:00-04:00,PAPER,BUY,PCAR,PCAR,0.135047354355,133.42,18.018018018,133.42,0,PAPER,success,rebalance_entry,2026-08-03,ts500-lfr-2026-08-03,trisight_sim,ts500_rebalance_entry,2026-08-03T15:50:00-04:00,locked_session_preclose_1545_1555_america_new_york,,,real_daily_close_as_of_price_as_of_date_not_an_intraday_observation,2026-08-03,False
trisight_500_late_failed_recovery_shadow,2026-08-03T15:50:00-04:00,PAPER,BUY,GEHC,GEHC,0.26063963573,69.13,18.018018018,69.13,0,PAPER,success,rebalance_entry,2026-08-03,ts500-lfr-2026-08-03,trisight_sim,ts500_rebalance_entry,2026-08-03T15:50:00-04:00,locked_session_preclose_1545_1555_america_new_york,,,real_daily_close_as_of_price_as_of_date_not_an_intraday_observation,2026-08-03,False
trisight_500_late_failed_recovery_shadow,2026-08-03T15:50:00-04:00,PAPER,BUY,IT,IT,0.119526471976,150.745,18.018018018,150.745,0,PAPER,success,rebalance_entry,2026-08-03,ts500-lfr-2026-08-03,trisight_sim,ts500_rebalance_entry,2026-08-03T15:50:00-04:00,locked_session_preclose_1545_1555_america_new_york,,,real_daily_close_as_of_price_as_of_date_not_an_intraday_observation,2026-08-03,False
trisight_500_late_failed_recovery_shadow,2026-08-03T15:50:00-04:00,PAPER,BUY,CSCO,CSCO,0.155488591802,115.88,18.018018018,115.88,0,PAPER,success,rebalance_entry,2026-08-03,ts500-lfr-2026-08-03,trisight_sim,ts500_rebalance_entry,2026-08-03T15:50:00-04:00,locked_session_preclose_1545_1555_america_new_york,,,real_daily_close_as_of_price_as_of_date_not_an_intraday_observation,2026-08-03,False
trisight_500_late_failed_recovery_shadow,2026-08-03T15:50:00-04:00,PAPER,BUY,AOS,AOS,0.299054240963,60.25,18.018018018,60.25,0,PAPER,success,rebalance_entry,2026-08-03,ts500-lfr-2026-08-03,trisight_sim,ts500_rebalance_entry,2026-08-03T15:50:00-04:00,locked_session_preclose_1545_1555_america_new_york,,,real_daily_close_as_of_price_as_of_date_not_an_intraday_observation,2026-08-03,False
trisight_500_late_failed_recovery_shadow,2026-08-03T15:50:00-04:00,PAPER,BUY,GM,GM,0.204228030808,88.225,18.018018018,88.225,0,PAPER,success,rebalance_entry,2026-08-03,ts500-lfr-2026-08-03,trisight_sim,ts500_rebalance_entry,2026-08-03T15:50:00-04:00,locked_session_preclose_1545_1555_america_new_york,,,real_daily_close_as_of_price_as_of_date_not_an_intraday_observation,2026-08-03,False
trisight_500_late_failed_recovery_shadow,2026-08-03T15:50:00-04:00,PAPER,BUY,CARR,CARR,0.287621007551,62.645,18.018018018,62.645,0,PAPER,success,rebalance_entry,2026-08-03,ts500-lfr-2026-08-03,trisight_sim,ts500_rebalance_entry,2026-08-03T15:50:00-04:00,locked_session_preclose_1545_1555_america_new_york,,,real_daily_close_as_of_price_as_of_date_not_an_intraday_observation,2026-08-03,False
trisight_500_late_failed_recovery_shadow,2026-08-03T15:50:00-04:00,PAPER,BUY,FE,FE,0.37131412711,48.525,18.018018018,48.525,0,PAPER,success,rebalance_entry,2026-08-03,ts500-lfr-2026-08-03,trisight_sim,ts500_rebalance_entry,2026-08-03T15:50:00-04:00,locked_session_preclose_1545_1555_america_new_york,,,real_daily_close_as_of_price_as_of_date_not_an_intraday_observation,2026-08-03,False
trisight_500_late_failed_recovery_shadow,2026-08-03T15:50:00-04:00,PAPER,BUY,FMX,FMX,0.143119409174,125.895,18.018018018,125.895,0,PAPER,success,rebalance_entry,2026-08-03,ts500-lfr-2026-08-03,trisight_sim,ts500_rebalance_entry,2026-08-03T15:50:00-04:00,locked_session_preclose_1545_1555_america_new_york,,,real_daily_close_as_of_price_as_of_date_not_an_intraday_observation,2026-08-03,False
trisight_500_late_failed_recovery_shadow,2026-08-03T15:50:00-04:00,PAPER,BUY,SDRL,SDRL,0.416842522106,43.225,18.018018018,43.225,0,PAPER,success,rebalance_entry,2026-08-03,ts500-lfr-2026-08-03,trisight_sim,ts500_rebalance_entry,2026-08-03T15:50:00-04:00,locked_session_preclose_1545_1555_america_new_york,,,real_daily_close_as_of_price_as_of_date_not_an_intraday_observation,2026-08-03,False
trisight_500_late_failed_recovery_shadow,2026-08-03T15:50:00-04:00,PAPER,BUY,VICI,VICI,0.685747593455,26.275,18.018018018,26.275,0,PAPER,success,rebalance_entry,2026-08-03,ts500-lfr-2026-08-03,trisight_sim,ts500_rebalance_entry,2026-08-03T15:50:00-04:00,locked_session_preclose_1545_1555_america_new_york,,,real_daily_close_as_of_price_as_of_date_not_an_intraday_observation,2026-08-03,False
trisight_500_late_failed_recovery_shadow,2026-08-03T15:50:00-04:00,PAPER,BUY,BZ,BZ,1.10743810805,16.27,18.018018018,16.27,0,PAPER,success,rebalance_entry,2026-08-03,ts500-lfr-2026-08-03,trisight_sim,ts500_rebalance_entry,2026-08-03T15:50:00-04:00,locked_session_preclose_1545_1555_america_new_york,,,real_daily_close_as_of_price_as_of_date_not_an_intraday_observation,2026-08-03,False
trisight_500_late_failed_recovery_shadow,2026-08-03T15:50:00-04:00,PAPER,BUY,MDB,MDB,0.0506907244845,355.45,18.018018018,355.45,0,PAPER,success,rebalance_entry,2026-08-03,ts500-lfr-2026-08-03,trisight_sim,ts500_rebalance_entry,2026-08-03T15:50:00-04:00,locked_session_preclose_1545_1555_america_new_york,,,real_daily_close_as_of_price_as_of_date_not_an_intraday_observation,2026-08-03,False
trisight_500_late_failed_recovery_shadow,2026-08-03T15:50:00-04:00,PAPER,BUY,ARCB,ARCB,0.128985739982,139.69,18.018018018,139.69,0,PAPER,success,rebalance_entry,2026-08-03,ts500-lfr-2026-08-03,trisight_sim,ts500_rebalance_entry,2026-08-03T15:50:00-04:00,locked_session_preclose_1545_1555_america_new_york,,,real_daily_close_as_of_price_as_of_date_not_an_intraday_observation,2026-08-03,False
trisight_500_late_failed_recovery_shadow,2026-08-03T15:50:00-04:00,PAPER,BUY,RBLX,RBLX,0.48922123318,36.83,18.018018018,36.83,0,PAPER,success,rebalance_entry,2026-08-03,ts500-lfr-2026-08-03,trisight_sim,ts500_rebalance_entry,2026-08-03T15:50:00-04:00,locked_session_preclose_1545_1555_america_new_york,,,real_daily_close_as_of_price_as_of_date_not_an_intraday_observation,2026-08-03,False
trisight_500_late_failed_recovery_shadow,2026-08-03T15:50:00-04:00,PAPER,BUY,TER,TER,0.0496090804461,363.2,18.018018018,363.2,0,PAPER,success,rebalance_entry,2026-08-03,ts500-lfr-2026-08-03,trisight_sim,ts500_rebalance_entry,2026-08-03T15:50:00-04:00,locked_session_preclose_1545_1555_america_new_york,,,real_daily_close_as_of_price_as_of_date_not_an_intraday_observation,2026-08-03,False
trisight_500_late_failed_recovery_shadow,2026-08-03T15:50:00-04:00,PAPER,BUY,HAYW,HAYW,1.1788039266,15.285,18.018018018,15.285,0,PAPER,success,rebalance_entry,2026-08-03,ts500-lfr-2026-08-03,trisight_sim,ts500_rebalance_entry,2026-08-03T15:50:00-04:00,locked_session_preclose_1545_1555_america_new_york,,,real_daily_close_as_of_price_as_of_date_not_an_intraday_observation,2026-08-03,False
trisight_500_late_failed_recovery_shadow,2026-08-03T15:50:00-04:00,PAPER,BUY,BKR,BKR,0.297302500091,60.605,18.018018018,60.605,0,PAPER,success,rebalance_entry,2026-08-03,ts500-lfr-2026-08-03,trisight_sim,ts500_rebalance_entry,2026-08-03T15:50:00-04:00,locked_session_preclose_1545_1555_america_new_york,,,real_daily_close_as_of_price_as_of_date_not_an_intraday_observation,2026-08-03,False
trisight_500_late_failed_recovery_shadow,2026-08-03T15:50:00-04:00,PAPER,BUY,ZS,ZS,0.117144646109,153.81,18.018018018,153.81,0,PAPER,success,rebalance_entry,2026-08-03,ts500-lfr-2026-08-03,trisight_sim,ts500_rebalance_entry,2026-08-03T15:50:00-04:00,locked_session_preclose_1545_1555_america_new_york,,,real_daily_close_as_of_price_as_of_date_not_an_intraday_observation,2026-08-03,False
trisight_500_late_failed_recovery_shadow,2026-08-03T15:50:00-04:00,PAPER,BUY,PARR,PARR,0.208759332847,86.31,18.018018018,86.31,0,PAPER,success,rebalance_entry,2026-08-03,ts500-lfr-2026-08-03,trisight_sim,ts500_rebalance_entry,2026-08-03T15:50:00-04:00,locked_session_preclose_1545_1555_america_new_york,,,real_daily_close_as_of_price_as_of_date_not_an_intraday_observation,2026-08-03,False
trisight_500_late_failed_recovery_shadow,2026-08-03T15:50:00-04:00,PAPER,SELL,BRO,BRO,2.364224554044,71.45,168.923844386,71.45,0,PAPER,success,void_r74_weight_recompute_residual,2026-07-13,ts500-lfr-2026-07-13,trisight_sim,ts500_void_weight_recompute_residual,2026-08-03T15:50:00-04:00,locked_session_preclose_1545_1555_america_new_york,,,real_daily_close_as_of_price_as_of_date_not_an_intraday_observation,2026-08-03,
trisight_500_late_failed_recovery_shadow,2026-08-03T15:50:00-04:00,PAPER,BUY,BWLP,BWLP,17.85730229733,21.9825,392.548147751,21.9825,0,PAPER,success,void_r74_weight_recompute_residual,2026-07-13,ts500-lfr-2026-07-13,trisight_sim,ts500_void_weight_recompute_residual,2026-08-03T15:50:00-04:00,locked_session_preclose_1545_1555_america_new_york,,,real_daily_close_as_of_price_as_of_date_not_an_intraday_observation,2026-08-03,
trisight_500_late_failed_recovery_shadow,2026-08-03T15:50:00-04:00,PAPER,BUY,CBZ,CBZ,9.111513536250001,55.16,502.59108666,55.16,0,PAPER,success,void_r74_weight_recompute_residual,2026-07-13,ts500-lfr-2026-07-13,trisight_sim,ts500_void_weight_recompute_residual,2026-08-03T15:50:00-04:00,locked_session_preclose_1545_1555_america_new_york,,,real_daily_close_as_of_price_as_of_date_not_an_intraday_observation,2026-08-03,
trisight_500_late_failed_recovery_shadow,2026-08-03T15:50:00-04:00,PAPER,SELL,COKE,COKE,0.907911999117,185.32,168.254251676,185.32,0,PAPER,success,void_r74_weight_recompute_residual,2026-07-13,ts500-lfr-2026-07-13,trisight_sim,ts500_void_weight_recompute_residual,2026-08-03T15:50:00-04:00,locked_session_preclose_1545_1555_america_new_york,,,real_daily_close_as_of_price_as_of_date_not_an_intraday_observation,2026-08-03,
trisight_500_late_failed_recovery_shadow,2026-08-03T15:50:00-04:00,PAPER,SELL,D,D,2.2998462936029997,68.72,158.045437296,68.72,0,PAPER,success,void_r74_weight_recompute_residual,2026-07-13,ts500-lfr-2026-07-13,trisight_sim,ts500_void_weight_recompute_residual,2026-08-03T15:50:00-04:00,locked_session_preclose_1545_1555_america_new_york,,,real_daily_close_as_of_price_as_of_date_not_an_intraday_observation,2026-08-03,
trisight_500_late_failed_recovery_shadow,2026-08-03T15:50:00-04:00,PAPER,SELL,DAVE,DAVE,0.4134364076232,396.6,163.968879263,396.6,0,PAPER,success,void_r74_weight_recompute_residual,2026-07-13,ts500-lfr-2026-07-13,trisight_sim,ts500_void_weight_recompute_residual,2026-08-03T15:50:00-04:00,locked_session_preclose_1545_1555_america_new_york,,,real_daily_close_as_of_price_as_of_date_not_an_intraday_observation,2026-08-03,
trisight_500_late_failed_recovery_shadow,2026-08-03T15:50:00-04:00,PAPER,BUY,DLO,DLO,23.904501516499998,15.25,364.543648127,15.25,0,PAPER,success,void_r74_weight_recompute_residual,2026-07-13,ts500-lfr-2026-07-13,trisight_sim,ts500_void_weight_recompute_residual,2026-08-03T15:50:00-04:00,locked_session_preclose_1545_1555_america_new_york,,,real_daily_close_as_of_price_as_of_date_not_an_intraday_observation,2026-08-03,
trisight_500_late_failed_recovery_shadow,2026-08-03T15:50:00-04:00,PAPER,BUY,EDU,EDU,7.333340666660001,59.37,435.38043538,59.37,0,PAPER,success,void_r74_weight_recompute_residual,2026-07-13,ts500-lfr-2026-07-13,trisight_sim,ts500_void_weight_recompute_residual,2026-08-03T15:50:00-04:00,locked_session_preclose_1545_1555_america_new_york,,,real_daily_close_as_of_price_as_of_date_not_an_intraday_observation,2026-08-03,
trisight_500_late_failed_recovery_shadow,2026-08-03T15:50:00-04:00,PAPER,SELL,EG,EG,0.4315348399653,374.91,161.786726851,374.91,0,PAPER,success,void_r74_weight_recompute_residual,2026-07-13,ts500-lfr-2026-07-13,trisight_sim,ts500_void_weight_recompute_residual,2026-08-03T15:50:00-04:00,locked_session_preclose_1545_1555_america_new_york,,,real_daily_close_as_of_price_as_of_date_not_an_intraday_observation,2026-08-03,
trisight_500_late_failed_recovery_shadow,2026-08-03T15:50:00-04:00,PAPER,BUY,EPAC,EPAC,10.318120554330001,36.26,374.1350513,36.26,0,PAPER,success,void_r74_weight_recompute_residual,2026-07-13,ts500-lfr-2026-07-13,trisight_sim,ts500_void_weight_recompute_residual,2026-08-03T15:50:00-04:00,locked_session_preclose_1545_1555_america_new_york,,,real_daily_close_as_of_price_as_of_date_not_an_intraday_observation,2026-08-03,
trisight_500_late_failed_recovery_shadow,2026-08-03T15:50:00-04:00,PAPER,SELL,EW,EW,1.7662799494799999,87.965,155.370815756,87.965,0,PAPER,success,void_r74_weight_recompute_residual,2026-07-13,ts500-lfr-2026-07-13,trisight_sim,ts500_void_weight_recompute_residual,2026-08-03T15:50:00-04:00,locked_session_preclose_1545_1555_america_new_york,,,real_daily_close_as_of_price_as_of_date_not_an_intraday_observation,2026-08-03,
trisight_500_late_failed_recovery_shadow,2026-08-03T15:50:00-04:00,PAPER,BUY,FA,FA,17.501717355990003,19.84,347.234072343,19.84,0,PAPER,success,void_r74_weight_recompute_residual,2026-07-13,ts500-lfr-2026-07-13,trisight_sim,ts500_void_weight_recompute_residual,2026-08-03T15:50:00-04:00,locked_session_preclose_1545_1555_america_new_york,,,real_daily_close_as_of_price_as_of_date_not_an_intraday_observation,2026-08-03,
trisight_500_late_failed_recovery_shadow,2026-08-03T15:50:00-04:00,PAPER,SELL,GCMG,GCMG,11.871314946000002,12.97,153.97095485,12.97,0,PAPER,success,void_r74_weight_recompute_residual,2026-07-13,ts500-lfr-2026-07-13,trisight_sim,ts500_void_weight_recompute_residual,2026-08-03T15:50:00-04:00,locked_session_preclose_1545_1555_america_new_york,,,real_daily_close_as_of_price_as_of_date_not_an_intraday_observation,2026-08-03,
trisight_500_late_failed_recovery_shadow,2026-08-03T15:50:00-04:00,PAPER,SELL,HR,HR,7.771970388789,20.68,160.72434764,20.68,0,PAPER,success,void_r74_weight_recompute_residual,2026-07-13,ts500-lfr-2026-07-13,trisight_sim,ts500_void_weight_recompute_residual,2026-08-03T15:50:00-04:00,locked_session_preclose_1545_1555_america_new_york,,,real_daily_close_as_of_price_as_of_date_not_an_intraday_observation,2026-08-03,
trisight_500_late_failed_recovery_shadow,2026-08-03T15:50:00-04:00,PAPER,SELL,LAUR,LAUR,4.017893016907,36.92,148.340610184,36.92,0,PAPER,success,void_r74_weight_recompute_residual,2026-07-13,ts500-lfr-2026-07-13,trisight_sim,ts500_void_weight_recompute_residual,2026-08-03T15:50:00-04:00,locked_session_preclose_1545_1555_america_new_york,,,real_daily_close_as_of_price_as_of_date_not_an_intraday_observation,2026-08-03,
trisight_500_late_failed_recovery_shadow,2026-08-03T15:50:00-04:00,PAPER,SELL,LTC,LTC,4.110053533443,39.3839,161.869937356,39.3839,0,PAPER,success,void_r74_weight_recompute_residual,2026-07-13,ts500-lfr-2026-07-13,trisight_sim,ts500_void_weight_recompute_residual,2026-08-03T15:50:00-04:00,locked_session_preclose_1545_1555_america_new_york,,,real_daily_close_as_of_price_as_of_date_not_an_intraday_observation,2026-08-03,
trisight_500_late_failed_recovery_shadow,2026-08-03T15:50:00-04:00,PAPER,BUY,MPC,MPC,1.219906433172,317.18,386.929922473,317.18,0,PAPER,success,void_r74_weight_recompute_residual,2026-07-13,ts500-lfr-2026-07-13,trisight_sim,ts500_void_weight_recompute_residual,2026-08-03T15:50:00-04:00,locked_session_preclose_1545_1555_america_new_york,,,real_daily_close_as_of_price_as_of_date_not_an_intraday_observation,2026-08-03,
trisight_500_late_failed_recovery_shadow,2026-08-03T15:50:00-04:00,PAPER,SELL,NTST,NTST,7.4625937488369996,21.335,159.214437631,21.335,0,PAPER,success,void_r74_weight_recompute_residual,2026-07-13,ts500-lfr-2026-07-13,trisight_sim,ts500_void_weight_recompute_residual,2026-08-03T15:50:00-04:00,locked_session_preclose_1545_1555_america_new_york,,,real_daily_close_as_of_price_as_of_date_not_an_intraday_observation,2026-08-03,
trisight_500_late_failed_recovery_shadow,2026-08-03T15:50:00-04:00,PAPER,BUY,OMDA,OMDA,15.090467351810002,20.41,307.99643865,20.41,0,PAPER,success,void_r74_weight_recompute_residual,2026-07-13,ts500-lfr-2026-07-13,trisight_sim,ts500_void_weight_recompute_residual,2026-08-03T15:50:00-04:00,locked_session_preclose_1545_1555_america_new_york,,,real_daily_close_as_of_price_as_of_date_not_an_intraday_observation,2026-08-03,
trisight_500_late_failed_recovery_shadow,2026-08-03T15:50:00-04:00,PAPER,BUY,PBR,PBR,20.2279180668,19.195,388.274887292,19.195,0,PAPER,success,void_r74_weight_recompute_residual,2026-07-13,ts500-lfr-2026-07-13,trisight_sim,ts500_void_weight_recompute_residual,2026-08-03T15:50:00-04:00,locked_session_preclose_1545_1555_america_new_york,,,real_daily_close_as_of_price_as_of_date_not_an_intraday_observation,2026-08-03,
trisight_500_late_failed_recovery_shadow,2026-08-03T15:50:00-04:00,PAPER,SELL,PGR,PGR,0.6990049664308,210.66,147.252386228,210.66,0,PAPER,success,void_r74_weight_recompute_residual,2026-07-13,ts500-lfr-2026-07-13,trisight_sim,ts500_void_weight_recompute_residual,2026-08-03T15:50:00-04:00,locked_session_preclose_1545_1555_america_new_york,,,real_daily_close_as_of_price_as_of_date_not_an_intraday_observation,2026-08-03,
trisight_500_late_failed_recovery_shadow,2026-08-03T15:50:00-04:00,PAPER,BUY,PHAT,PHAT,32.3483267828,9.1,294.369773723,9.1,0,PAPER,success,void_r74_weight_recompute_residual,2026-07-13,ts500-lfr-2026-07-13,trisight_sim,ts500_void_weight_recompute_residual,2026-08-03T15:50:00-04:00,locked_session_preclose_1545_1555_america_new_york,,,real_daily_close_as_of_price_as_of_date_not_an_intraday_observation,2026-08-03,
trisight_500_late_failed_recovery_shadow,2026-08-03T15:50:00-04:00,PAPER,SELL,PLMR,PLMR,1.195577558613,135.56,162.072493846,135.56,0,PAPER,success,void_r74_weight_recompute_residual,2026-07-13,ts500-lfr-2026-07-13,trisight_sim,ts500_void_weight_recompute_residual,2026-08-03T15:50:00-04:00,locked_session_preclose_1545_1555_america_new_york,,,real_daily_close_as_of_price_as_of_date_not_an_intraday_observation,2026-08-03,
trisight_500_late_failed_recovery_shadow,2026-08-03T15:50:00-04:00,PAPER,SELL,RELY,RELY,6.770862720756,23.88,161.688201772,23.88,0,PAPER,success,void_r74_weight_recompute_residual,2026-07-13,ts500-lfr-2026-07-13,trisight_sim,ts500_void_weight_recompute_residual,2026-08-03T15:50:00-04:00,locked_session_preclose_1545_1555_america_new_york,,,real_daily_close_as_of_price_as_of_date_not_an_intraday_observation,2026-08-03,
trisight_500_late_failed_recovery_shadow,2026-08-03T15:50:00-04:00,PAPER,BUY,RIVN,RIVN,20.788021941700002,15.685,326.060124156,15.685,0,PAPER,success,void_r74_weight_recompute_residual,2026-07-13,ts500-lfr-2026-07-13,trisight_sim,ts500_void_weight_recompute_residual,2026-08-03T15:50:00-04:00,locked_session_preclose_1545_1555_america_new_york,,,real_daily_close_as_of_price_as_of_date_not_an_intraday_observation,2026-08-03,
trisight_500_late_failed_recovery_shadow,2026-08-03T15:50:00-04:00,PAPER,BUY,RSI,RSI,10.61444360413,27.72,294.232376706,27.72,0,PAPER,success,void_r74_weight_recompute_residual,2026-07-13,ts500-lfr-2026-07-13,trisight_sim,ts500_void_weight_recompute_residual,2026-08-03T15:50:00-04:00,locked_session_preclose_1545_1555_america_new_york,,,real_daily_close_as_of_price_as_of_date_not_an_intraday_observation,2026-08-03,
trisight_500_late_failed_recovery_shadow,2026-08-03T15:50:00-04:00,PAPER,SELL,S,S,8.827553737738,19.84,175.138666157,19.84,0,PAPER,success,void_r74_weight_recompute_residual,2026-07-13,ts500-lfr-2026-07-13,trisight_sim,ts500_void_weight_recompute_residual,2026-08-03T15:50:00-04:00,locked_session_preclose_1545_1555_america_new_york,,,real_daily_close_as_of_price_as_of_date_not_an_intraday_observation,2026-08-03,
trisight_500_late_failed_recovery_shadow,2026-08-03T15:50:00-04:00,PAPER,BUY,SIBN,SIBN,20.0869766087,18.54,372.412546325,18.54,0,PAPER,success,void_r74_weight_recompute_residual,2026-07-13,ts500-lfr-2026-07-13,trisight_sim,ts500_void_weight_recompute_residual,2026-08-03T15:50:00-04:00,locked_session_preclose_1545_1555_america_new_york,,,real_daily_close_as_of_price_as_of_date_not_an_intraday_observation,2026-08-03,
trisight_500_late_failed_recovery_shadow,2026-08-03T15:50:00-04:00,PAPER,SELL,SION,SION,3.7546228794250003,47.22,177.293292366,47.22,0,PAPER,success,void_r74_weight_recompute_residual,2026-07-13,ts500-lfr-2026-07-13,trisight_sim,ts500_void_weight_recompute_residual,2026-08-03T15:50:00-04:00,locked_session_preclose_1545_1555_america_new_york,,,real_daily_close_as_of_price_as_of_date_not_an_intraday_observation,2026-08-03,
trisight_500_late_failed_recovery_shadow,2026-08-03T15:50:00-04:00,PAPER,BUY,SN,SN,2.35452701967,161.47,380.185477866,161.47,0,PAPER,success,void_r74_weight_recompute_residual,2026-07-13,ts500-lfr-2026-07-13,trisight_sim,ts500_void_weight_recompute_residual,2026-08-03T15:50:00-04:00,locked_session_preclose_1545_1555_america_new_york,,,real_daily_close_as_of_price_as_of_date_not_an_intraday_observation,2026-08-03,
trisight_500_late_failed_recovery_shadow,2026-08-03T15:50:00-04:00,PAPER,SELL,STT,STT,0.9108698655419999,182.64,166.361272243,182.64,0,PAPER,success,void_r74_weight_recompute_residual,2026-07-13,ts500-lfr-2026-07-13,trisight_sim,ts500_void_weight_recompute_residual,2026-08-03T15:50:00-04:00,locked_session_preclose_1545_1555_america_new_york,,,real_daily_close_as_of_price_as_of_date_not_an_intraday_observation,2026-08-03,
trisight_500_late_failed_recovery_shadow,2026-08-03T15:50:00-04:00,PAPER,BUY,TOST,TOST,11.964155390470001,32.825,392.723400692,32.825,0,PAPER,success,void_r74_weight_recompute_residual,2026-07-13,ts500-lfr-2026-07-13,trisight_sim,ts500_void_weight_recompute_residual,2026-08-03T15:50:00-04:00,locked_session_preclose_1545_1555_america_new_york,,,real_daily_close_as_of_price_as_of_date_not_an_intraday_observation,2026-08-03,
trisight_500_late_failed_recovery_shadow,2026-08-03T15:50:00-04:00,PAPER,SELL,UTI,UTI,3.350457895914,40.06,134.21934331,40.06,0,PAPER,success,void_r74_weight_recompute_residual,2026-07-13,ts500-lfr-2026-07-13,trisight_sim,ts500_void_weight_recompute_residual,2026-08-03T15:50:00-04:00,locked_session_preclose_1545_1555_america_new_york,,,real_daily_close_as_of_price_as_of_date_not_an_intraday_observation,2026-08-03,
trisight_500_late_failed_recovery_shadow,2026-08-03T15:50:00-04:00,PAPER,SELL,VIST,VIST,2.428304315094,68.68,166.775940361,68.68,0,PAPER,success,void_r74_weight_recompute_residual,2026-07-13,ts500-lfr-2026-07-13,trisight_sim,ts500_void_weight_recompute_residual,2026-08-03T15:50:00-04:00,locked_session_preclose_1545_1555_america_new_york,,,real_daily_close_as_of_price_as_of_date_not_an_intraday_observation,2026-08-03,
trisight_500_late_failed_recovery_shadow,2026-08-03T15:50:00-04:00,PAPER,SELL,VLTO,VLTO,1.7387247323430002,94.27,163.909580518,94.27,0,PAPER,success,void_r74_weight_recompute_residual,2026-07-13,ts500-lfr-2026-07-13,trisight_sim,ts500_void_weight_recompute_residual,2026-08-03T15:50:00-04:00,locked_session_preclose_1545_1555_america_new_york,,,real_daily_close_as_of_price_as_of_date_not_an_intraday_observation,2026-08-03,
trisight_500_late_failed_recovery_shadow,2026-08-03T15:50:00-04:00,PAPER,BUY,XP,XP,21.840021840000002,17.055,372.481572481,17.055,0,PAPER,success,void_r74_weight_recompute_residual,2026-07-13,ts500-lfr-2026-07-13,trisight_sim,ts500_void_weight_recompute_residual,2026-08-03T15:50:00-04:00,locked_session_preclose_1545_1555_america_new_york,,,real_daily_close_as_of_price_as_of_date_not_an_intraday_observation,2026-08-03,
trisight_500_late_failed_recovery_shadow,2026-08-03T15:50:00-04:00,PAPER,BUY,XRAY,XRAY,28.5547036735,14.025,400.479719021,14.025,0,PAPER,success,void_r74_weight_recompute_residual,2026-07-13,ts500-lfr-2026-07-13,trisight_sim,ts500_void_weight_recompute_residual,2026-08-03T15:50:00-04:00,locked_session_preclose_1545_1555_america_new_york,,,real_daily_close_as_of_price_as_of_date_not_an_intraday_observation,2026-08-03,
trisight_500_late_failed_recovery_shadow,2026-08-03T15:50:00-04:00,PAPER,BUY,ZETA,ZETA,16.163281469399998,22.46,363.027301803,22.46,0,PAPER,success,void_r74_weight_recompute_residual,2026-07-13,ts500-lfr-2026-07-13,trisight_sim,ts500_void_weight_recompute_residual,2026-08-03T15:50:00-04:00,locked_session_preclose_1545_1555_america_new_york,,,real_daily_close_as_of_price_as_of_date_not_an_intraday_observation,2026-08-03,
