ts,strategy_id,profile_id,mode,action,ticker,direction,qty,price,usd,order_id,status,reason,signal_ready_time,shadow_exit_time,sim_mode
2026-05-15T10:25:05-04:00,,,LIVE,BUY,MU,LONG,6,744.5200,4467.12,952084575,success,entry,2026-05-15T10:20:00-04:00,2026-05-15T10:30:00-04:00,True
2026-05-15T10:34:42-04:00,,,LIVE,SELL,MU,LONG,6,737.2300,4423.38,952091014,success,shadow_exit,2026-05-15T10:20:00-04:00,2026-05-15T10:30:00-04:00,True
2026-05-15T10:34:42-04:00,,,LIVE,BUY,LRCX,LONG,17,284.5300,4837.01,952091016,success,entry,2026-05-15T10:30:00-04:00,2026-05-15T10:40:00-04:00,True
2026-05-15T10:48:23-04:00,,,LIVE,SELL,LRCX,LONG,17,284.6500,4839.05,952098208,success,shadow_exit,2026-05-15T10:30:00-04:00,2026-05-15T10:40:00-04:00,True
2026-05-15T10:58:12-04:00,,,LIVE,SELLSHORT,TWLO,SHORT,25,197.2950,4932.38,952103488,success,entry,2026-05-15T10:50:00-04:00,2026-05-15T11:00:00-04:00,True
2026-05-15T11:08:35-04:00,,,LIVE,BUYTOCOVER,TWLO,SHORT,25,197.8800,4947.00,952107762,success,shadow_exit,2026-05-15T10:50:00-04:00,2026-05-15T11:00:00-04:00,True
2026-05-15T11:08:35-04:00,,,LIVE,SELLSHORT,HUM,SHORT,16,299.2000,4787.20,952107768,success,entry,2026-05-15T11:00:00-04:00,2026-05-15T11:10:00-04:00,True
2026-05-15T11:15:18-04:00,,,LIVE,BUYTOCOVER,HUM,SHORT,16,301.3500,4821.60,952111703,success,shadow_exit,2026-05-15T11:00:00-04:00,2026-05-15T11:10:00-04:00,True
2026-05-22T10:35:26-04:00,,,LIVE,SELLSHORT,HPE,SHORT,136,36.6450,4983.72,953341151,success,entry,2026-05-22T10:30:00-04:00,2026-05-22T10:40:00-04:00,True
2026-05-22T10:56:06-04:00,,,LIVE,BUYTOCOVER,HPE,SHORT,136,37.0250,5035.40,953350255,success,shadow_exit,2026-05-22T10:30:00-04:00,2026-05-22T10:40:00-04:00,True
2026-05-22T11:06:43-04:00,,,LIVE,SELLSHORT,RKLB,SHORT,36,136.1950,4903.02,953354437,success,entry,2026-05-22T11:00:00-04:00,2026-05-22T11:10:00-04:00,True
2026-05-22T11:26:50-04:00,,,LIVE,BUYTOCOVER,RKLB,SHORT,36,137.3101,4943.16,953362226,success,shadow_exit,2026-05-22T11:00:00-04:00,2026-05-22T11:10:00-04:00,True
2026-05-26T10:10:26-04:00,,,PAPER,BUY,MRNA,LONG,104,47.7600,4967.04,PAPER,success,entry,2026-05-26T10:10:00-04:00,2026-05-26T10:20:00-04:00,True
2026-05-26T10:20:31-04:00,,,PAPER,SELL,MRNA,LONG,104,48.1201,5004.49,PAPER,success,shadow_exit,2026-05-26T10:10:00-04:00,2026-05-26T10:20:00-04:00,True
2026-05-26T10:41:23-04:00,,,PAPER,BUY,P,LONG,55,89.7300,4935.15,PAPER,success,entry,2026-05-26T10:40:00-04:00,2026-05-26T10:50:00-04:00,True
2026-05-26T10:54:39-04:00,,,PAPER,SELL,P,LONG,55,89.7500,4936.25,PAPER,success,shadow_exit,2026-05-26T10:40:00-04:00,2026-05-26T10:50:00-04:00,True
2026-05-27T10:23:59-04:00,,,PAPER,SELLSHORT,ASTS,SHORT,41,121.4200,4978.22,PAPER,success,entry,2026-05-27T10:20:00-04:00,2026-05-27T10:30:00-04:00,True
2026-05-27T10:24:17-04:00,,,PAPER,BUY,INTU,LONG,16,311.5500,4984.80,PAPER,success,entry,2026-05-27T10:20:00-04:00,2026-05-27T10:30:00-04:00,True
2026-05-27T10:40:13-04:00,,,PAPER,BUYTOCOVER,ASTS,SHORT,41,120.1050,4924.31,PAPER,success,shadow_exit,2026-05-27T10:20:00-04:00,2026-05-27T10:30:00-04:00,True
2026-05-27T10:40:13-04:00,,,PAPER,SELL,INTU,LONG,16,313.5450,5016.72,PAPER,success,shadow_exit,2026-05-27T10:20:00-04:00,2026-05-27T10:30:00-04:00,True
2026-05-27T10:59:05-04:00,,,PAPER,BUY,RKLB,LONG,35,141.7250,4960.38,PAPER,success,entry,2026-05-27T10:50:00-04:00,2026-05-27T11:00:00-04:00,True
2026-05-27T10:59:10-04:00,,,PAPER,BUY,SITM,LONG,6,718.3200,4309.92,PAPER,success,entry,2026-05-27T10:50:00-04:00,2026-05-27T11:00:00-04:00,True
2026-05-27T11:05:00-04:00,,,PAPER,SELL,RKLB,LONG,35,142.2750,4979.62,PAPER,success,shadow_exit,2026-05-27T10:50:00-04:00,2026-05-27T11:00:00-04:00,True
2026-05-27T11:05:00-04:00,,,PAPER,SELL,SITM,LONG,6,715.0000,4290.00,PAPER,success,shadow_exit,2026-05-27T10:50:00-04:00,2026-05-27T11:00:00-04:00,True
2026-05-28T10:41:55-04:00,,,PAPER,SELLSHORT,TSEM,SHORT,18,271.2750,4882.95,PAPER,success,entry,2026-05-28T10:40:00-04:00,2026-05-28T10:50:00-04:00,True
2026-05-28T10:54:17-04:00,,,PAPER,BUYTOCOVER,TSEM,SHORT,18,271.2400,4882.32,PAPER,success,shadow_exit,2026-05-28T10:40:00-04:00,2026-05-28T10:50:00-04:00,True
2026-05-28T10:54:17-04:00,,,PAPER,BUY,CRWV,LONG,47,105.7400,4969.78,PAPER,success,entry,2026-05-28T10:50:00-04:00,2026-05-28T11:00:00-04:00,True
2026-05-28T11:04:30-04:00,,,PAPER,SELL,CRWV,LONG,47,107.8250,5067.78,PAPER,success,shadow_exit,2026-05-28T10:50:00-04:00,2026-05-28T11:00:00-04:00,True
2026-05-29T10:17:26-04:00,,,PAPER,BUY,NOW,LONG,41,121.4350,4978.84,PAPER,success,entry,2026-05-29T10:10:00-04:00,2026-05-29T10:20:00-04:00,True
2026-05-29T10:27:36-04:00,,,PAPER,SELL,NOW,LONG,41,119.9350,4917.34,PAPER,success,shadow_exit,2026-05-29T10:10:00-04:00,2026-05-29T10:20:00-04:00,True
2026-05-29T10:39:04-04:00,,,PAPER,SELLSHORT,P,SHORT,63,79.0300,4978.89,PAPER,success,entry,2026-05-29T10:30:00-04:00,2026-05-29T10:40:00-04:00,True
2026-05-29T10:39:17-04:00,,,PAPER,BUY,WDC,LONG,9,534.1050,4806.94,PAPER,success,entry,2026-05-29T10:30:00-04:00,2026-05-29T10:40:00-04:00,True
2026-05-29T10:50:30-04:00,,,PAPER,BUYTOCOVER,P,SHORT,63,78.4763,4944.01,PAPER,success,shadow_exit,2026-05-29T10:30:00-04:00,2026-05-29T10:40:00-04:00,True
2026-05-29T10:50:30-04:00,,,PAPER,SELL,WDC,LONG,9,530.9400,4778.46,PAPER,success,shadow_exit,2026-05-29T10:30:00-04:00,2026-05-29T10:40:00-04:00,True
2026-06-01T10:19:11-04:00,,,PAPER,SELLSHORT,ASTS,SHORT,48,102.8000,4934.40,PAPER,success,entry,2026-06-01T10:10:00-04:00,2026-06-01T10:20:00-04:00,True
2026-06-01T10:19:12-04:00,,,PAPER,BUY,CRWV,LONG,40,122.4450,4897.80,PAPER,success,entry,2026-06-01T10:10:00-04:00,2026-06-01T10:20:00-04:00,True
2026-06-01T10:30:05-04:00,,,PAPER,BUYTOCOVER,ASTS,SHORT,48,103.0200,4944.96,PAPER,success,shadow_exit,2026-06-01T10:10:00-04:00,2026-06-01T10:20:00-04:00,True
2026-06-01T10:30:05-04:00,,,PAPER,SELL,CRWV,LONG,40,124.4263,4977.05,PAPER,success,shadow_exit,2026-06-01T10:10:00-04:00,2026-06-01T10:20:00-04:00,True
2026-06-01T10:40:52-04:00,,,PAPER,BUY,COHR,LONG,14,353.7388,4952.34,PAPER,success,entry,2026-06-01T10:40:00-04:00,2026-06-01T10:50:00-04:00,True
2026-06-01T10:51:03-04:00,,,PAPER,SELL,COHR,LONG,14,351.7900,4925.06,PAPER,success,shadow_exit,2026-06-01T10:40:00-04:00,2026-06-01T10:50:00-04:00,True
2026-06-02T10:47:08-04:00,,,PAPER,BUY,MSTR,LONG,36,136.9800,4931.28,PAPER,success,entry,2026-06-02T10:40:00-04:00,2026-06-02T10:50:00-04:00,True
2026-06-02T10:57:22-04:00,,,PAPER,SELL,MSTR,LONG,36,138.2650,4977.54,PAPER,success,shadow_exit,2026-06-02T10:40:00-04:00,2026-06-02T10:50:00-04:00,True
2026-06-02T10:57:22-04:00,,,PAPER,BUY,STX,LONG,5,939.0750,4695.38,PAPER,success,entry,2026-06-02T10:50:00-04:00,2026-06-02T11:00:00-04:00,True
2026-06-02T11:07:38-04:00,,,PAPER,SELL,STX,LONG,5,929.1900,4645.95,PAPER,success,shadow_exit,2026-06-02T10:50:00-04:00,2026-06-02T11:00:00-04:00,True
2026-06-03T10:12:23-04:00,,,PAPER,BUY,ON,LONG,38,130.4900,4958.62,PAPER,success,entry,2026-06-03T10:10:00-04:00,2026-06-03T10:20:00-04:00,True
2026-06-03T10:26:34-04:00,,,PAPER,SELL,ON,LONG,38,133.1301,5058.94,PAPER,success,shadow_exit,2026-06-03T10:10:00-04:00,2026-06-03T10:20:00-04:00,True
2026-06-03T10:26:34-04:00,,,PAPER,BUY,DELL,LONG,12,411.3200,4935.84,PAPER,success,entry,2026-06-03T10:20:00-04:00,2026-06-03T10:30:00-04:00,True
2026-06-03T10:27:32-04:00,,,PAPER,BUY,STX,LONG,5,937.4800,4687.40,PAPER,success,entry,2026-06-03T10:20:00-04:00,2026-06-03T10:30:00-04:00,True
2026-06-03T10:39:46-04:00,,,PAPER,SELL,DELL,LONG,12,417.2800,5007.36,PAPER,success,shadow_exit,2026-06-03T10:20:00-04:00,2026-06-03T10:30:00-04:00,True
2026-06-03T10:39:46-04:00,,,PAPER,SELL,STX,LONG,5,942.8050,4714.02,PAPER,success,shadow_exit,2026-06-03T10:20:00-04:00,2026-06-03T10:30:00-04:00,True
2026-06-03T10:39:46-04:00,,,PAPER,SELLSHORT,ASTS,SHORT,45,110.0600,4952.70,PAPER,success,entry,2026-06-03T10:30:00-04:00,2026-06-03T10:40:00-04:00,True
2026-06-03T10:54:22-04:00,,,PAPER,BUYTOCOVER,ASTS,SHORT,45,111.3300,5009.85,PAPER,success,shadow_exit,2026-06-03T10:30:00-04:00,2026-06-03T10:40:00-04:00,True
2026-06-03T11:05:30-04:00,,,PAPER,SELLSHORT,UI,SHORT,8,572.1300,4577.04,PAPER,success,entry,2026-06-03T11:00:00-04:00,2026-06-03T11:10:00-04:00,True
2026-06-03T11:15:57-04:00,,,PAPER,BUYTOCOVER,UI,SHORT,8,568.0000,4544.00,PAPER,success,shadow_exit,2026-06-03T11:00:00-04:00,2026-06-03T11:10:00-04:00,True
2026-06-04T10:18:59-04:00,,,PAPER,BUY,RKLB,LONG,43,116.0400,4989.72,PAPER,success,entry,2026-06-04T10:10:00-04:00,2026-06-04T10:20:00-04:00,True
2026-06-04T10:32:36-04:00,,,PAPER,SELL,RKLB,LONG,43,117.6950,5060.88,PAPER,success,shadow_exit,2026-06-04T10:10:00-04:00,2026-06-04T10:20:00-04:00,True
2026-06-04T10:46:27-04:00,,,PAPER,SELLSHORT,COIN,SHORT,30,162.9000,4887.00,PAPER,success,entry,2026-06-04T10:40:00-04:00,2026-06-04T10:50:00-04:00,True
2026-06-04T10:46:34-04:00,,,PAPER,BUY,TWLO,LONG,21,235.1000,4937.10,PAPER,success,entry,2026-06-04T10:40:00-04:00,2026-06-04T10:50:00-04:00,True
2026-06-04T10:57:51-04:00,,,PAPER,BUYTOCOVER,COIN,SHORT,30,163.2400,4897.20,PAPER,success,shadow_exit,2026-06-04T10:40:00-04:00,2026-06-04T10:50:00-04:00,True
2026-06-04T10:57:51-04:00,,,PAPER,SELL,TWLO,LONG,21,235.2700,4940.67,PAPER,success,shadow_exit,2026-06-04T10:40:00-04:00,2026-06-04T10:50:00-04:00,True
2026-06-04T10:57:51-04:00,,,PAPER,SELLSHORT,TSN,SHORT,87,57.2600,4981.62,PAPER,success,entry,2026-06-04T10:50:00-04:00,2026-06-04T11:00:00-04:00,True
2026-06-04T11:03:24-04:00,,,PAPER,BUYTOCOVER,TSN,SHORT,87,57.1550,4972.48,PAPER,success,shadow_exit,2026-06-04T10:50:00-04:00,2026-06-04T11:00:00-04:00,True
2026-06-05T10:16:52-04:00,,,PAPER,BUY,CRDO,LONG,23,216.7000,4984.10,PAPER,success,entry,2026-06-05T10:10:00-04:00,2026-06-05T10:20:00-04:00,True
2026-06-05T10:27:32-04:00,,,PAPER,SELL,CRDO,LONG,23,232.0750,5337.72,PAPER,success,shadow_exit,2026-06-05T10:10:00-04:00,2026-06-05T10:20:00-04:00,True
2026-06-05T10:38:15-04:00,,,PAPER,SELLSHORT,APP,SHORT,8,567.8500,4542.80,PAPER,success,entry,2026-06-05T10:30:00-04:00,2026-06-05T10:40:00-04:00,True
2026-06-05T10:38:16-04:00,,,PAPER,BUY,A,LONG,36,136.4800,4913.28,PAPER,success,entry,2026-06-05T10:30:00-04:00,2026-06-05T10:40:00-04:00,True
2026-06-05T10:48:28-04:00,,,PAPER,SELL,A,LONG,36,136.8900,4928.04,PAPER,success,shadow_exit,2026-06-05T10:30:00-04:00,2026-06-05T10:40:00-04:00,True
2026-06-05T10:48:28-04:00,,,PAPER,BUYTOCOVER,APP,SHORT,8,567.0900,4536.72,PAPER,success,shadow_exit,2026-06-05T10:30:00-04:00,2026-06-05T10:40:00-04:00,True
2026-06-05T10:48:28-04:00,,,PAPER,SELLSHORT,ODFL,SHORT,20,247.5950,4951.90,PAPER,success,entry,2026-06-05T10:40:00-04:00,2026-06-05T10:50:00-04:00,True
2026-06-05T10:58:31-04:00,,,PAPER,BUYTOCOVER,ODFL,SHORT,20,248.3150,4966.30,PAPER,success,shadow_exit,2026-06-05T10:40:00-04:00,2026-06-05T10:50:00-04:00,True
2026-06-05T11:09:21-04:00,,,PAPER,BUY,WDAY,LONG,34,145.1700,4935.78,PAPER,success,entry,2026-06-05T11:00:00-04:00,2026-06-05T11:10:00-04:00,True
2026-06-05T11:19:41-04:00,,,PAPER,SELL,WDAY,LONG,34,145.0950,4933.23,PAPER,success,shadow_exit,2026-06-05T11:00:00-04:00,2026-06-05T11:10:00-04:00,True
2026-06-08T10:12:03-04:00,,,PAPER,BUY,FICO,LONG,4,1196.0000,4784.00,PAPER,success,entry,2026-06-08T10:10:00-04:00,2026-06-08T10:20:00-04:00,True
2026-06-08T10:22:15-04:00,,,PAPER,SELL,FICO,LONG,4,1194.3100,4777.24,PAPER,success,shadow_exit,2026-06-08T10:10:00-04:00,2026-06-08T10:20:00-04:00,True
2026-06-08T10:22:15-04:00,,,PAPER,BUY,ALAB,LONG,14,343.6300,4810.82,PAPER,success,entry,2026-06-08T10:20:00-04:00,2026-06-08T10:30:00-04:00,True
2026-06-08T10:34:19-04:00,,,PAPER,SELL,ALAB,LONG,14,347.9450,4871.23,PAPER,success,shadow_exit,2026-06-08T10:20:00-04:00,2026-06-08T10:30:00-04:00,True
2026-06-08T10:47:39-04:00,,,PAPER,BUY,SATS,LONG,43,113.7550,4891.47,PAPER,success,entry,2026-06-08T10:40:00-04:00,2026-06-08T10:50:00-04:00,True
2026-06-08T10:47:40-04:00,,,PAPER,BUY,MPWR,LONG,3,1554.8400,4664.52,PAPER,success,entry,2026-06-08T10:40:00-04:00,2026-06-08T10:50:00-04:00,True
2026-06-08T10:58:21-04:00,,,PAPER,SELL,MPWR,LONG,3,1557.5800,4672.74,PAPER,success,shadow_exit,2026-06-08T10:40:00-04:00,2026-06-08T10:50:00-04:00,True
2026-06-08T10:58:21-04:00,,,PAPER,SELL,SATS,LONG,43,113.4550,4878.56,PAPER,success,shadow_exit,2026-06-08T10:40:00-04:00,2026-06-08T10:50:00-04:00,True
2026-06-08T10:58:21-04:00,,,PAPER,SELLSHORT,HPE,SHORT,100,49.8800,4988.00,PAPER,success,entry,2026-06-08T10:50:00-04:00,2026-06-08T11:00:00-04:00,True
2026-06-08T10:58:22-04:00,,,PAPER,BUY,AEM,LONG,30,164.4100,4932.30,PAPER,success,entry,2026-06-08T10:50:00-04:00,2026-06-08T11:00:00-04:00,True
2026-06-08T11:08:24-04:00,,,PAPER,SELL,AEM,LONG,30,164.2450,4927.35,PAPER,success,shadow_exit,2026-06-08T10:50:00-04:00,2026-06-08T11:00:00-04:00,True
2026-06-08T11:08:24-04:00,,,PAPER,BUYTOCOVER,HPE,SHORT,100,50.1100,5011.00,PAPER,success,shadow_exit,2026-06-08T10:50:00-04:00,2026-06-08T11:00:00-04:00,True
2026-06-09T10:13:34-04:00,,,PAPER,SELLSHORT,ALAB,SHORT,13,359.7500,4676.75,PAPER,success,entry,2026-06-09T10:10:00-04:00,2026-06-09T10:20:00-04:00,True
2026-06-09T10:13:34-04:00,,,PAPER,BUY,SNDK,LONG,2,1775.3001,3550.60,PAPER,success,entry,2026-06-09T10:10:00-04:00,2026-06-09T10:20:00-04:00,True
2026-06-09T10:24:11-04:00,,,PAPER,BUYTOCOVER,ALAB,SHORT,13,355.8500,4626.05,PAPER,success,shadow_exit,2026-06-09T10:10:00-04:00,2026-06-09T10:20:00-04:00,True
2026-06-09T10:24:11-04:00,,,PAPER,SELL,SNDK,LONG,2,1750.0000,3500.00,PAPER,success,shadow_exit,2026-06-09T10:10:00-04:00,2026-06-09T10:20:00-04:00,True
2026-06-09T10:24:11-04:00,,,PAPER,SELLSHORT,IR,SHORT,67,74.1500,4968.05,PAPER,success,entry,2026-06-09T10:20:00-04:00,2026-06-09T10:30:00-04:00,True
2026-06-09T10:24:11-04:00,,,PAPER,BUY,DXCM,LONG,64,78.0400,4994.56,PAPER,success,entry,2026-06-09T10:20:00-04:00,2026-06-09T10:30:00-04:00,True
2026-06-09T10:43:29-04:00,,,PAPER,SELL,DXCM,LONG,64,78.4175,5018.72,PAPER,success,shadow_exit,2026-06-09T10:20:00-04:00,2026-06-09T10:30:00-04:00,True
2026-06-09T10:43:29-04:00,,,PAPER,BUYTOCOVER,IR,SHORT,67,73.7300,4939.91,PAPER,success,shadow_exit,2026-06-09T10:20:00-04:00,2026-06-09T10:30:00-04:00,True
2026-06-09T10:43:48-04:00,,,PAPER,BUY,NVDA,LONG,24,207.1200,4970.88,PAPER,success,entry,2026-06-09T10:40:00-04:00,2026-06-09T10:50:00-04:00,True
2026-06-09T10:54:36-04:00,,,PAPER,SELL,NVDA,LONG,24,205.1700,4924.08,PAPER,success,shadow_exit,2026-06-09T10:40:00-04:00,2026-06-09T10:50:00-04:00,True
2026-06-09T10:54:36-04:00,,,PAPER,BUY,CRDO,LONG,20,238.4900,4769.80,PAPER,success,entry,2026-06-09T10:50:00-04:00,2026-06-09T11:00:00-04:00,True
2026-06-09T10:54:37-04:00,,,PAPER,BUY,RKLB,LONG,45,110.4101,4968.45,PAPER,success,entry,2026-06-09T10:50:00-04:00,2026-06-09T11:00:00-04:00,True
2026-06-09T11:04:39-04:00,,,PAPER,SELL,CRDO,LONG,20,235.8600,4717.20,PAPER,success,shadow_exit,2026-06-09T10:50:00-04:00,2026-06-09T11:00:00-04:00,True
2026-06-09T11:04:39-04:00,,,PAPER,SELL,RKLB,LONG,45,109.9300,4946.85,PAPER,success,shadow_exit,2026-06-09T10:50:00-04:00,2026-06-09T11:00:00-04:00,True
2026-06-10T10:43:46-04:00,,,PAPER,BUY,FSLR,LONG,19,255.0591,4846.12,PAPER,success,entry,2026-06-10T10:40:00-04:00,2026-06-10T10:50:00-04:00,True
2026-06-10T10:56:17-04:00,,,PAPER,SELL,FSLR,LONG,19,252.8400,4803.96,PAPER,success,shadow_exit,2026-06-10T10:40:00-04:00,2026-06-10T10:50:00-04:00,True
2026-06-10T10:56:17-04:00,,,PAPER,BUY,PHG,LONG,192,25.9650,4985.28,PAPER,success,entry,2026-06-10T10:50:00-04:00,2026-06-10T11:00:00-04:00,True
2026-06-10T11:06:44-04:00,,,PAPER,SELL,PHG,LONG,192,25.8600,4965.12,PAPER,success,shadow_exit,2026-06-10T10:50:00-04:00,2026-06-10T11:00:00-04:00,True
2026-06-11T10:11:00-04:00,,,PAPER,BUY,CRDO,LONG,19,261.6050,4970.50,PAPER,success,entry,2026-06-11T10:10:00-04:00,2026-06-11T10:20:00-04:00,True
2026-06-11T10:22:52-04:00,,,PAPER,SELL,CRDO,LONG,19,260.6900,4953.11,PAPER,success,shadow_exit,2026-06-11T10:10:00-04:00,2026-06-11T10:20:00-04:00,True
2026-06-11T10:43:38-04:00,,,PAPER,BUY,NOW,LONG,48,103.0400,4945.92,PAPER,success,entry,2026-06-11T10:40:00-04:00,2026-06-11T10:50:00-04:00,True
2026-06-11T10:54:49-04:00,,,PAPER,SELL,NOW,LONG,48,102.4200,4916.16,PAPER,success,shadow_exit,2026-06-11T10:40:00-04:00,2026-06-11T10:50:00-04:00,True
2026-06-12T10:11:11-04:00,,,PAPER,BUY,COHR,LONG,13,380.1150,4941.49,PAPER,success,entry,2026-06-12T10:10:00-04:00,2026-06-12T10:20:00-04:00,True
2026-06-12T10:21:38-04:00,,,PAPER,SELL,COHR,LONG,13,386.4200,5023.46,PAPER,success,shadow_exit,2026-06-12T10:10:00-04:00,2026-06-12T10:20:00-04:00,True
2026-06-12T10:43:21-04:00,,,PAPER,BUY,RKLB,LONG,46,107.4000,4940.40,PAPER,success,entry,2026-06-12T10:40:00-04:00,2026-06-12T10:50:00-04:00,True
2026-06-12T10:53:30-04:00,,,PAPER,SELL,RKLB,LONG,46,104.7400,4818.04,PAPER,success,shadow_exit,2026-06-12T10:40:00-04:00,2026-06-12T10:50:00-04:00,True
2026-06-12T10:53:30-04:00,,,PAPER,SELLSHORT,NVDA,SHORT,24,205.3500,4928.40,PAPER,success,entry,2026-06-12T10:50:00-04:00,2026-06-12T11:00:00-04:00,True
2026-06-12T11:03:34-04:00,,,PAPER,BUYTOCOVER,NVDA,SHORT,24,205.8732,4940.96,PAPER,success,shadow_exit,2026-06-12T10:50:00-04:00,2026-06-12T11:00:00-04:00,True
2026-06-15T10:39:49-04:00,,,PAPER,SELLSHORT,MDLN,SHORT,135,36.9700,4990.95,PAPER,success,entry,2026-06-15T10:30:00-04:00,2026-06-15T10:40:00-04:00,True
2026-06-15T10:39:51-04:00,,,PAPER,BUY,DELL,LONG,12,410.5310,4926.37,PAPER,success,entry,2026-06-15T10:30:00-04:00,2026-06-15T10:40:00-04:00,True
2026-06-15T10:40:13-04:00,,,PAPER,SELL,DELL,LONG,12,410.5750,4926.90,PAPER,success,shadow_exit,2026-06-15T10:30:00-04:00,2026-06-15T10:40:00-04:00,True
2026-06-15T10:40:13-04:00,,,PAPER,BUYTOCOVER,MDLN,SHORT,135,36.9750,4991.62,PAPER,success,shadow_exit,2026-06-15T10:30:00-04:00,2026-06-15T10:40:00-04:00,True
2026-06-15T10:40:13-04:00,,,PAPER,BUY,NBIS,LONG,20,248.1100,4962.20,PAPER,success,entry,2026-06-15T10:40:00-04:00,2026-06-15T10:50:00-04:00,True
2026-06-15T10:50:19-04:00,,,PAPER,SELL,NBIS,LONG,20,250.6115,5012.23,PAPER,success,shadow_exit,2026-06-15T10:40:00-04:00,2026-06-15T10:50:00-04:00,True
2026-06-16T10:20:17-04:00,escalator_reclaimed_long_shadow,escalator_reclaimed_long_shadow_v1_20260510,PAPER,BUY,UAL,LONG,41,120.7800,4951.98,PAPER,success,entry,2026-06-16T10:20:00-04:00,2026-06-16T10:30:00-04:00,True
2026-06-16T10:27:43-04:00,escalator_reclaimed_shadow,escalator_reclaimed_bidirectional_v1_20260510,PAPER,SELLSHORT,HPE,SHORT,101,49.1250,4961.62,PAPER,success,entry,2026-06-16T10:20:00-04:00,2026-06-16T10:30:00-04:00,True
2026-06-16T10:30:23-04:00,escalator_reclaimed_shadow,escalator_reclaimed_bidirectional_v1_20260510,PAPER,BUYTOCOVER,HPE,SHORT,101,49.3500,4984.35,PAPER,success,shadow_exit,2026-06-16T10:20:00-04:00,2026-06-16T10:30:00-04:00,True
2026-06-16T10:30:23-04:00,escalator_reclaimed_long_shadow,escalator_reclaimed_long_shadow_v1_20260510,PAPER,SELL,UAL,LONG,41,120.2100,4928.61,PAPER,success,shadow_exit,2026-06-16T10:20:00-04:00,2026-06-16T10:30:00-04:00,True
2026-06-16T10:37:57-04:00,escalator_reclaimed_shadow,escalator_reclaimed_bidirectional_v1_20260510,PAPER,SELLSHORT,ENTG,SHORT,31,161.2555,4998.92,PAPER,success,entry,2026-06-16T10:30:00-04:00,2026-06-16T10:40:00-04:00,True
2026-06-16T10:40:28-04:00,escalator_reclaimed_shadow,escalator_reclaimed_bidirectional_v1_20260510,PAPER,BUYTOCOVER,ENTG,SHORT,31,161.0300,4991.93,PAPER,success,shadow_exit,2026-06-16T10:30:00-04:00,2026-06-16T10:40:00-04:00,True
2026-06-16T10:52:53-04:00,escalator_reclaimed_long_shadow,escalator_reclaimed_long_shadow_v1_20260510,PAPER,BUY,ALAB,LONG,13,371.3700,4827.81,PAPER,success,entry,2026-06-16T10:50:00-04:00,2026-06-16T11:00:00-04:00,True
2026-06-16T11:00:41-04:00,escalator_reclaimed_long_shadow,escalator_reclaimed_long_shadow_v1_20260510,PAPER,SELL,ALAB,LONG,13,371.0000,4823.00,PAPER,success,shadow_exit,2026-06-16T10:50:00-04:00,2026-06-16T11:00:00-04:00,True
2026-06-16T11:00:41-04:00,escalator_reclaimed_shadow,escalator_reclaimed_bidirectional_v1_20260510,PAPER,SELLSHORT,RKLB,SHORT,47,104.8600,4928.42,PAPER,success,entry,2026-06-16T11:00:00-04:00,2026-06-16T11:10:00-04:00,True
2026-06-16T11:10:57-04:00,escalator_reclaimed_shadow,escalator_reclaimed_bidirectional_v1_20260510,PAPER,BUYTOCOVER,RKLB,SHORT,47,105.6400,4965.08,PAPER,success,shadow_exit,2026-06-16T11:00:00-04:00,2026-06-16T11:10:00-04:00,True
2026-06-17T10:13:19-04:00,escalator_reclaimed_long_shadow,escalator_reclaimed_long_shadow_v1_20260510,PAPER,BUY,DELL,LONG,12,408.5600,4902.72,PAPER,success,entry,2026-06-17T10:10:00-04:00,2026-06-17T10:20:00-04:00,True
2026-06-17T10:15:26-04:00,escalator_reclaimed_long_shadow,escalator_reclaimed_long_shadow_v1_20260510,PAPER,BUY,COHR,LONG,13,384.3650,4996.74,PAPER,success,entry,2026-06-17T10:10:00-04:00,2026-06-17T10:20:00-04:00,True
2026-06-17T10:18:31-04:00,escalator_reclaimed_shadow,escalator_reclaimed_bidirectional_v1_20260510,PAPER,BUY,RKLB,LONG,45,108.9100,4900.95,PAPER,success,entry,2026-06-17T10:10:00-04:00,2026-06-17T10:20:00-04:00,True
2026-06-17T10:21:31-04:00,escalator_reclaimed_long_shadow,escalator_reclaimed_long_shadow_v1_20260510,PAPER,SELL,COHR,LONG,13,390.8700,5081.31,PAPER,success,shadow_exit,2026-06-17T10:10:00-04:00,2026-06-17T10:20:00-04:00,True
2026-06-17T10:21:31-04:00,escalator_reclaimed_long_shadow,escalator_reclaimed_long_shadow_v1_20260510,PAPER,SELL,DELL,LONG,12,409.5000,4914.00,PAPER,success,shadow_exit,2026-06-17T10:10:00-04:00,2026-06-17T10:20:00-04:00,True
2026-06-17T10:21:31-04:00,escalator_reclaimed_shadow,escalator_reclaimed_bidirectional_v1_20260510,PAPER,SELL,RKLB,LONG,45,109.7400,4938.30,PAPER,success,shadow_exit,2026-06-17T10:10:00-04:00,2026-06-17T10:20:00-04:00,True
2026-06-17T10:21:31-04:00,escalator_reclaimed_long_shadow,escalator_reclaimed_long_shadow_v1_20260510,PAPER,BUY,MRVL,LONG,17,290.6450,4940.97,PAPER,success,entry,2026-06-17T10:20:00-04:00,2026-06-17T10:30:00-04:00,True
2026-06-17T10:30:07-04:00,escalator_reclaimed_long_shadow,escalator_reclaimed_long_shadow_v1_20260510,PAPER,SELL,MRVL,LONG,17,292.0750,4965.27,PAPER,success,shadow_exit,2026-06-17T10:20:00-04:00,2026-06-17T10:30:00-04:00,True
2026-06-17T10:44:19-04:00,escalator_reclaimed_long_shadow,escalator_reclaimed_long_shadow_v1_20260510,PAPER,BUY,CVE,LONG,192,25.9700,4986.24,PAPER,success,entry,2026-06-17T10:40:00-04:00,2026-06-17T10:50:00-04:00,True
2026-06-17T10:51:23-04:00,escalator_reclaimed_long_shadow,escalator_reclaimed_long_shadow_v1_20260510,PAPER,SELL,CVE,LONG,192,26.0900,5009.28,PAPER,success,shadow_exit,2026-06-17T10:40:00-04:00,2026-06-17T10:50:00-04:00,True
2026-06-17T10:51:23-04:00,escalator_reclaimed_shadow,escalator_reclaimed_bidirectional_v1_20260510,PAPER,SELLSHORT,AMAT,SHORT,8,613.3300,4906.64,PAPER,success,entry,2026-06-17T10:50:00-04:00,2026-06-17T11:00:00-04:00,True
2026-06-17T10:51:25-04:00,escalator_reclaimed_long_shadow,escalator_reclaimed_long_shadow_v1_20260510,PAPER,BUY,APP,LONG,9,504.9800,4544.82,PAPER,success,entry,2026-06-17T10:50:00-04:00,2026-06-17T11:00:00-04:00,True
2026-06-17T11:01:40-04:00,escalator_reclaimed_shadow,escalator_reclaimed_bidirectional_v1_20260510,PAPER,BUYTOCOVER,AMAT,SHORT,8,616.2250,4929.80,PAPER,success,shadow_exit,2026-06-17T10:50:00-04:00,2026-06-17T11:00:00-04:00,True
2026-06-17T11:01:40-04:00,escalator_reclaimed_long_shadow,escalator_reclaimed_long_shadow_v1_20260510,PAPER,SELL,APP,LONG,9,502.6050,4523.44,PAPER,success,shadow_exit,2026-06-17T10:50:00-04:00,2026-06-17T11:00:00-04:00,True
2026-06-18T10:11:52-04:00,escalator_reclaimed_long_shadow,escalator_reclaimed_long_shadow_v1_20260510,PAPER,BUY,CRWV,LONG,42,118.4150,4973.43,PAPER,success,entry,2026-06-18T10:10:00-04:00,2026-06-18T10:20:00-04:00,True
2026-06-18T10:12:19-04:00,escalator_reclaimed_shadow,escalator_reclaimed_bidirectional_v1_20260510,PAPER,SELLSHORT,CIEN,SHORT,11,432.5001,4757.50,PAPER,success,entry,2026-06-18T10:10:00-04:00,2026-06-18T10:20:00-04:00,True
2026-06-18T10:21:03-04:00,escalator_reclaimed_shadow,escalator_reclaimed_bidirectional_v1_20260510,PAPER,BUYTOCOVER,CIEN,SHORT,11,433.0600,4763.66,PAPER,success,shadow_exit,2026-06-18T10:10:00-04:00,2026-06-18T10:20:00-04:00,True
2026-06-18T10:21:03-04:00,escalator_reclaimed_long_shadow,escalator_reclaimed_long_shadow_v1_20260510,PAPER,SELL,CRWV,LONG,42,118.2500,4966.50,PAPER,success,shadow_exit,2026-06-18T10:10:00-04:00,2026-06-18T10:20:00-04:00,True
2026-06-18T10:41:43-04:00,escalator_reclaimed_long_shadow,escalator_reclaimed_long_shadow_v1_20260510,PAPER,BUY,FCX,LONG,71,69.6550,4945.51,PAPER,success,entry,2026-06-18T10:40:00-04:00,2026-06-18T10:50:00-04:00,True
2026-06-18T10:43:30-04:00,escalator_reclaimed_shadow,escalator_reclaimed_bidirectional_v1_20260510,PAPER,SELLSHORT,TSEM,SHORT,17,282.7950,4807.52,PAPER,success,entry,2026-06-18T10:40:00-04:00,2026-06-18T10:50:00-04:00,True
2026-06-18T10:51:50-04:00,escalator_reclaimed_long_shadow,escalator_reclaimed_long_shadow_v1_20260510,PAPER,SELL,FCX,LONG,71,69.2100,4913.91,PAPER,success,shadow_exit,2026-06-18T10:40:00-04:00,2026-06-18T10:50:00-04:00,True
2026-06-18T10:51:50-04:00,escalator_reclaimed_shadow,escalator_reclaimed_bidirectional_v1_20260510,PAPER,BUYTOCOVER,TSEM,SHORT,17,281.6700,4788.39,PAPER,success,shadow_exit,2026-06-18T10:40:00-04:00,2026-06-18T10:50:00-04:00,True
2026-06-18T10:54:32-04:00,escalator_reclaimed_shadow,escalator_reclaimed_bidirectional_v1_20260510,PAPER,SELLSHORT,RL,SHORT,12,414.9000,4978.80,PAPER,success,entry,2026-06-18T10:50:00-04:00,2026-06-18T11:00:00-04:00,True
2026-06-18T11:01:02-04:00,escalator_reclaimed_shadow,escalator_reclaimed_bidirectional_v1_20260510,PAPER,BUYTOCOVER,RL,SHORT,12,415.4482,4985.38,PAPER,success,shadow_exit,2026-06-18T10:50:00-04:00,2026-06-18T11:00:00-04:00,True
2026-06-22T10:11:46-04:00,escalator_reclaimed_long_shadow,escalator_reclaimed_long_shadow_v1_20260510,PAPER,BUY,TWLO,LONG,26,188.1100,4890.86,PAPER,success,entry,2026-06-22T10:10:00-04:00,2026-06-22T10:20:00-04:00,True
2026-06-22T10:20:08-04:00,escalator_reclaimed_long_shadow,escalator_reclaimed_long_shadow_v1_20260510,PAPER,SELL,TWLO,LONG,26,184.0599,4785.56,PAPER,success,shadow_exit,2026-06-22T10:10:00-04:00,2026-06-22T10:20:00-04:00,True
2026-06-22T10:24:25-04:00,escalator_reclaimed_shadow,escalator_reclaimed_bidirectional_v1_20260510,PAPER,SELLSHORT,GLW,SHORT,24,200.8050,4819.32,PAPER,success,entry,2026-06-22T10:20:00-04:00,2026-06-22T10:30:00-04:00,True
2026-06-22T10:30:12-04:00,escalator_reclaimed_shadow,escalator_reclaimed_bidirectional_v1_20260510,PAPER,BUYTOCOVER,GLW,SHORT,24,199.7450,4793.88,PAPER,success,shadow_exit,2026-06-22T10:20:00-04:00,2026-06-22T10:30:00-04:00,True
2026-06-22T10:33:10-04:00,escalator_reclaimed_long_shadow,escalator_reclaimed_long_shadow_v1_20260510,PAPER,BUY,LITE,LONG,5,836.1500,4180.75,PAPER,success,entry,2026-06-22T10:30:00-04:00,2026-06-22T10:40:00-04:00,True
2026-06-22T10:41:34-04:00,escalator_reclaimed_long_shadow,escalator_reclaimed_long_shadow_v1_20260510,PAPER,SELL,LITE,LONG,5,838.3850,4191.93,PAPER,success,shadow_exit,2026-06-22T10:30:00-04:00,2026-06-22T10:40:00-04:00,True
2026-06-23T10:11:03-04:00,escalator_reclaimed_long_shadow,escalator_reclaimed_long_shadow_v1_20260510,PAPER,BUY,FLEX,LONG,33,151.0000,4983.00,PAPER,success,entry,2026-06-23T10:10:00-04:00,2026-06-23T10:20:00-04:00,True
2026-06-23T10:14:42-04:00,escalator_reclaimed_shadow,escalator_reclaimed_bidirectional_v1_20260510,PAPER,BUY,GLW,LONG,25,192.3300,4808.25,PAPER,success,entry,2026-06-23T10:10:00-04:00,2026-06-23T10:20:00-04:00,True
2026-06-23T10:21:42-04:00,escalator_reclaimed_long_shadow,escalator_reclaimed_long_shadow_v1_20260510,PAPER,SELL,FLEX,LONG,33,150.0050,4950.16,PAPER,success,shadow_exit,2026-06-23T10:10:00-04:00,2026-06-23T10:20:00-04:00,True
2026-06-23T10:21:42-04:00,escalator_reclaimed_shadow,escalator_reclaimed_bidirectional_v1_20260510,PAPER,SELL,GLW,LONG,25,193.6700,4841.75,PAPER,success,shadow_exit,2026-06-23T10:10:00-04:00,2026-06-23T10:20:00-04:00,True
2026-06-23T10:33:55-04:00,escalator_reclaimed_long_shadow,escalator_reclaimed_long_shadow_v1_20260510,PAPER,BUY,MSTR,LONG,46,106.7700,4911.42,PAPER,success,entry,2026-06-23T10:30:00-04:00,2026-06-23T10:40:00-04:00,True
2026-06-23T10:35:04-04:00,escalator_reclaimed_shadow,escalator_reclaimed_bidirectional_v1_20260510,PAPER,SELLSHORT,MRVL,SHORT,17,285.2650,4849.51,PAPER,success,entry,2026-06-23T10:30:00-04:00,2026-06-23T10:40:00-04:00,True
2026-06-23T10:41:58-04:00,escalator_reclaimed_shadow,escalator_reclaimed_bidirectional_v1_20260510,PAPER,BUYTOCOVER,MRVL,SHORT,17,285.1200,4847.04,PAPER,success,shadow_exit,2026-06-23T10:30:00-04:00,2026-06-23T10:40:00-04:00,True
2026-06-23T10:41:58-04:00,escalator_reclaimed_long_shadow,escalator_reclaimed_long_shadow_v1_20260510,PAPER,SELL,MSTR,LONG,46,106.4200,4895.32,PAPER,success,shadow_exit,2026-06-23T10:30:00-04:00,2026-06-23T10:40:00-04:00,True
2026-06-23T10:41:58-04:00,escalator_reclaimed_long_shadow,escalator_reclaimed_long_shadow_v1_20260510,PAPER,BUY,WDAY,LONG,43,114.1926,4910.28,PAPER,success,entry,2026-06-23T10:40:00-04:00,2026-06-23T10:50:00-04:00,True
2026-06-23T10:45:18-04:00,escalator_reclaimed_shadow,escalator_reclaimed_bidirectional_v1_20260510,PAPER,SELLSHORT,SNDK,SHORT,2,2004.3751,4008.75,PAPER,success,entry,2026-06-23T10:40:00-04:00,2026-06-23T10:50:00-04:00,True
2026-06-23T10:50:01-04:00,escalator_reclaimed_shadow,escalator_reclaimed_bidirectional_v1_20260510,PAPER,BUYTOCOVER,SNDK,SHORT,2,2002.0100,4004.02,PAPER,success,shadow_exit,2026-06-23T10:40:00-04:00,2026-06-23T10:50:00-04:00,True
2026-06-23T10:50:01-04:00,escalator_reclaimed_long_shadow,escalator_reclaimed_long_shadow_v1_20260510,PAPER,SELL,WDAY,LONG,43,114.6500,4929.95,PAPER,success,shadow_exit,2026-06-23T10:40:00-04:00,2026-06-23T10:50:00-04:00,True
2026-06-24T10:11:10-04:00,escalator_reclaimed_long_shadow,escalator_reclaimed_long_shadow_v1_20260510,PAPER,BUY,NBIS,LONG,19,262.4700,4986.93,PAPER,success,entry,2026-06-24T10:10:00-04:00,2026-06-24T10:20:00-04:00,True
2026-06-24T10:15:45-04:00,escalator_reclaimed_shadow,escalator_reclaimed_bidirectional_v1_20260510,PAPER,BUY,CIEN,LONG,11,452.6500,4979.15,PAPER,success,entry,2026-06-24T10:10:00-04:00,2026-06-24T10:20:00-04:00,True
2026-06-24T10:21:39-04:00,escalator_reclaimed_shadow,escalator_reclaimed_bidirectional_v1_20260510,PAPER,SELL,CIEN,LONG,11,457.2200,5029.42,PAPER,success,shadow_exit,2026-06-24T10:10:00-04:00,2026-06-24T10:20:00-04:00,True
2026-06-24T10:21:39-04:00,escalator_reclaimed_long_shadow,escalator_reclaimed_long_shadow_v1_20260510,PAPER,SELL,NBIS,LONG,19,253.9900,4825.81,PAPER,success,shadow_exit,2026-06-24T10:10:00-04:00,2026-06-24T10:20:00-04:00,True
2026-06-24T10:34:24-04:00,escalator_reclaimed_long_shadow,escalator_reclaimed_long_shadow_v1_20260510,PAPER,BUY,TSEM,LONG,18,276.3700,4974.66,PAPER,success,entry,2026-06-24T10:30:00-04:00,2026-06-24T10:40:00-04:00,True
2026-06-24T10:40:32-04:00,escalator_reclaimed_long_shadow,escalator_reclaimed_long_shadow_v1_20260510,PAPER,SELL,TSEM,LONG,18,280.0900,5041.62,PAPER,success,shadow_exit,2026-06-24T10:30:00-04:00,2026-06-24T10:40:00-04:00,True
2026-06-24T10:40:32-04:00,escalator_reclaimed_long_shadow,escalator_reclaimed_long_shadow_v1_20260510,PAPER,BUY,BE,LONG,14,337.7400,4728.36,PAPER,success,entry,2026-06-24T10:40:00-04:00,2026-06-24T10:50:00-04:00,True
2026-06-24T10:50:36-04:00,escalator_reclaimed_long_shadow,escalator_reclaimed_long_shadow_v1_20260510,PAPER,SELL,BE,LONG,14,341.9800,4787.72,PAPER,success,shadow_exit,2026-06-24T10:40:00-04:00,2026-06-24T10:50:00-04:00,True
2026-06-24T11:06:59-04:00,escalator_reclaimed_shadow,escalator_reclaimed_bidirectional_v1_20260510,PAPER,BUY,PAAS,LONG,111,44.6800,4959.48,PAPER,success,entry,2026-06-24T11:00:00-04:00,2026-06-24T11:10:00-04:00,True
2026-06-24T11:10:13-04:00,escalator_reclaimed_shadow,escalator_reclaimed_bidirectional_v1_20260510,PAPER,SELL,PAAS,LONG,111,44.4600,4935.06,PAPER,success,shadow_exit,2026-06-24T11:00:00-04:00,2026-06-24T11:10:00-04:00,True
2026-06-25T10:22:50-04:00,escalator_reclaimed_long_shadow,escalator_reclaimed_long_shadow_v1_20260510,PAPER,BUY,SNDK,LONG,2,2138.1300,4276.26,PAPER,success,entry,2026-06-25T10:20:00-04:00,2026-06-25T10:30:00-04:00,True
2026-06-25T10:24:33-04:00,escalator_reclaimed_shadow,escalator_reclaimed_bidirectional_v1_20260510,PAPER,BUY,MU,LONG,4,1159.8700,4639.48,PAPER,success,entry,2026-06-25T10:20:00-04:00,2026-06-25T10:30:00-04:00,True
2026-06-25T10:30:23-04:00,escalator_reclaimed_shadow,escalator_reclaimed_bidirectional_v1_20260510,PAPER,SELL,MU,LONG,4,1153.4177,4613.67,PAPER,success,shadow_exit,2026-06-25T10:20:00-04:00,2026-06-25T10:30:00-04:00,True
2026-06-25T10:30:23-04:00,escalator_reclaimed_long_shadow,escalator_reclaimed_long_shadow_v1_20260510,PAPER,SELL,SNDK,LONG,2,2150.4150,4300.83,PAPER,success,shadow_exit,2026-06-25T10:20:00-04:00,2026-06-25T10:30:00-04:00,True
2026-06-25T10:30:23-04:00,escalator_reclaimed_shadow,escalator_reclaimed_bidirectional_v1_20260510,PAPER,SELLSHORT,STM,SHORT,68,73.0100,4964.68,PAPER,success,entry,2026-06-25T10:30:00-04:00,2026-06-25T10:40:00-04:00,True
2026-06-25T10:30:24-04:00,escalator_reclaimed_long_shadow,escalator_reclaimed_long_shadow_v1_20260510,PAPER,BUY,PLTR,LONG,45,108.7400,4893.30,PAPER,success,entry,2026-06-25T10:30:00-04:00,2026-06-25T10:40:00-04:00,True
2026-06-25T10:43:22-04:00,escalator_reclaimed_long_shadow,escalator_reclaimed_long_shadow_v1_20260510,PAPER,SELL,PLTR,LONG,45,107.9100,4855.95,PAPER,success,shadow_exit,2026-06-25T10:30:00-04:00,2026-06-25T10:40:00-04:00,True
2026-06-25T10:43:22-04:00,escalator_reclaimed_shadow,escalator_reclaimed_bidirectional_v1_20260510,PAPER,BUYTOCOVER,STM,SHORT,68,73.5200,4999.36,PAPER,success,shadow_exit,2026-06-25T10:30:00-04:00,2026-06-25T10:40:00-04:00,True
2026-06-25T10:53:44-04:00,escalator_reclaimed_long_shadow,escalator_reclaimed_long_shadow_v1_20260510,PAPER,BUY,WDC,LONG,7,671.8700,4703.09,PAPER,success,entry,2026-06-25T10:50:00-04:00,2026-06-25T11:00:00-04:00,True
2026-06-25T11:01:57-04:00,escalator_reclaimed_long_shadow,escalator_reclaimed_long_shadow_v1_20260510,PAPER,SELL,WDC,LONG,7,676.9450,4738.62,PAPER,success,shadow_exit,2026-06-25T10:50:00-04:00,2026-06-25T11:00:00-04:00,True
2026-06-25T11:05:22-04:00,escalator_reclaimed_shadow,escalator_reclaimed_bidirectional_v1_20260510,PAPER,SELLSHORT,NTRA,SHORT,18,267.5000,4815.00,PAPER,success,entry,2026-06-25T11:00:00-04:00,2026-06-25T11:10:00-04:00,True
2026-06-25T11:10:01-04:00,escalator_reclaimed_shadow,escalator_reclaimed_bidirectional_v1_20260510,PAPER,BUYTOCOVER,NTRA,SHORT,18,268.2100,4827.78,PAPER,success,shadow_exit,2026-06-25T11:00:00-04:00,2026-06-25T11:10:00-04:00,True
2026-06-26T10:11:41-04:00,escalator_reclaimed_long_shadow,escalator_reclaimed_long_shadow_v1_20260510,PAPER,BUY,MRVL,LONG,18,273.6700,4926.06,PAPER,success,entry,2026-06-26T10:10:00-04:00,2026-06-26T10:20:00-04:00,True
2026-06-26T10:20:01-04:00,escalator_reclaimed_long_shadow,escalator_reclaimed_long_shadow_v1_20260510,PAPER,SELL,MRVL,LONG,18,272.4200,4903.56,PAPER,success,shadow_exit,2026-06-26T10:10:00-04:00,2026-06-26T10:20:00-04:00,True
2026-06-26T10:32:34-04:00,escalator_reclaimed_long_shadow,escalator_reclaimed_long_shadow_v1_20260510,PAPER,BUY,RBLX,LONG,108,46.2600,4996.08,PAPER,success,entry,2026-06-26T10:30:00-04:00,2026-06-26T10:40:00-04:00,True
2026-06-26T10:40:38-04:00,escalator_reclaimed_long_shadow,escalator_reclaimed_long_shadow_v1_20260510,PAPER,SELL,RBLX,LONG,108,46.3000,5000.40,PAPER,success,shadow_exit,2026-06-26T10:30:00-04:00,2026-06-26T10:40:00-04:00,True
2026-06-26T10:40:38-04:00,escalator_reclaimed_long_shadow,escalator_reclaimed_long_shadow_v1_20260510,PAPER,BUY,MDB,LONG,16,305.6200,4889.92,PAPER,success,entry,2026-06-26T10:40:00-04:00,2026-06-26T10:50:00-04:00,True
2026-06-26T10:40:46-04:00,escalator_reclaimed_shadow,escalator_reclaimed_bidirectional_v1_20260510,PAPER,SELLSHORT,ASTS,SHORT,70,70.5450,4938.15,PAPER,success,entry,2026-06-26T10:40:00-04:00,2026-06-26T10:50:00-04:00,True
2026-06-26T10:50:43-04:00,escalator_reclaimed_shadow,escalator_reclaimed_bidirectional_v1_20260510,PAPER,BUYTOCOVER,ASTS,SHORT,70,71.4800,5003.60,PAPER,success,shadow_exit,2026-06-26T10:40:00-04:00,2026-06-26T10:50:00-04:00,True
2026-06-26T10:50:43-04:00,escalator_reclaimed_long_shadow,escalator_reclaimed_long_shadow_v1_20260510,PAPER,SELL,MDB,LONG,16,305.2750,4884.40,PAPER,success,shadow_exit,2026-06-26T10:40:00-04:00,2026-06-26T10:50:00-04:00,True
2026-06-26T11:11:55-04:00,escalator_reclaimed_shadow,escalator_reclaimed_bidirectional_v1_20260510,PAPER,SELLSHORT,FOXA,SHORT,101,49.1700,4966.17,PAPER,success,entry,2026-06-26T11:10:00-04:00,2026-06-26T11:20:00-04:00,True
2026-06-26T11:22:25-04:00,escalator_reclaimed_shadow,escalator_reclaimed_bidirectional_v1_20260510,PAPER,BUYTOCOVER,FOXA,SHORT,101,49.0500,4954.05,PAPER,success,shadow_exit,2026-06-26T11:10:00-04:00,2026-06-26T11:20:00-04:00,True
2026-06-29T10:12:00-04:00,escalator_reclaimed_long_shadow,escalator_reclaimed_long_shadow_v1_20260510,PAPER,BUY,RKT,LONG,329,15.1800,4994.22,PAPER,success,entry,2026-06-29T10:10:00-04:00,2026-06-29T10:20:00-04:00,True
2026-06-29T10:13:42-04:00,escalator_reclaimed_shadow,escalator_reclaimed_bidirectional_v1_20260510,PAPER,SELLSHORT,LITE,SHORT,6,757.5100,4545.06,PAPER,success,entry,2026-06-29T10:10:00-04:00,2026-06-29T10:20:00-04:00,True
2026-06-29T10:20:03-04:00,escalator_reclaimed_shadow,escalator_reclaimed_bidirectional_v1_20260510,PAPER,BUYTOCOVER,LITE,SHORT,6,765.9150,4595.49,PAPER,success,shadow_exit,2026-06-29T10:10:00-04:00,2026-06-29T10:20:00-04:00,True
2026-06-29T10:20:03-04:00,escalator_reclaimed_long_shadow,escalator_reclaimed_long_shadow_v1_20260510,PAPER,SELL,RKT,LONG,329,15.0900,4964.61,PAPER,success,shadow_exit,2026-06-29T10:10:00-04:00,2026-06-29T10:20:00-04:00,True
2026-06-29T10:32:46-04:00,escalator_reclaimed_long_shadow,escalator_reclaimed_long_shadow_v1_20260510,PAPER,BUY,BE,LONG,18,273.0000,4914.00,PAPER,success,entry,2026-06-29T10:30:00-04:00,2026-06-29T10:40:00-04:00,True
2026-06-29T10:40:51-04:00,escalator_reclaimed_long_shadow,escalator_reclaimed_long_shadow_v1_20260510,PAPER,SELL,BE,LONG,18,271.3699,4884.66,PAPER,success,shadow_exit,2026-06-29T10:30:00-04:00,2026-06-29T10:40:00-04:00,True
2026-06-29T10:40:51-04:00,escalator_reclaimed_long_shadow,escalator_reclaimed_long_shadow_v1_20260510,PAPER,BUY,STRL,LONG,6,819.9350,4919.61,PAPER,success,entry,2026-06-29T10:40:00-04:00,2026-06-29T10:50:00-04:00,True
2026-06-29T10:51:13-04:00,escalator_reclaimed_long_shadow,escalator_reclaimed_long_shadow_v1_20260510,PAPER,SELL,STRL,LONG,6,817.1000,4902.60,PAPER,success,shadow_exit,2026-06-29T10:40:00-04:00,2026-06-29T10:50:00-04:00,True
2026-06-30T10:11:44-04:00,escalator_reclaimed_long_shadow,escalator_reclaimed_long_shadow_v1_20260510,PAPER,BUY,SNDK,LONG,2,2160.8999,4321.80,PAPER,success,entry,2026-06-30T10:10:00-04:00,2026-06-30T10:20:00-04:00,True
2026-06-30T10:21:52-04:00,escalator_reclaimed_long_shadow,escalator_reclaimed_long_shadow_v1_20260510,PAPER,SELL,SNDK,LONG,2,2152.3500,4304.70,PAPER,success,shadow_exit,2026-06-30T10:10:00-04:00,2026-06-30T10:20:00-04:00,True
2026-06-30T10:32:02-04:00,escalator_reclaimed_long_shadow,escalator_reclaimed_long_shadow_v1_20260510,PAPER,BUY,WDC,LONG,7,659.2500,4614.75,PAPER,success,entry,2026-06-30T10:30:00-04:00,2026-06-30T10:40:00-04:00,True
2026-06-30T10:40:23-04:00,escalator_reclaimed_long_shadow,escalator_reclaimed_long_shadow_v1_20260510,PAPER,SELL,WDC,LONG,7,662.2400,4635.68,PAPER,success,shadow_exit,2026-06-30T10:30:00-04:00,2026-06-30T10:40:00-04:00,True
2026-06-30T10:40:23-04:00,escalator_reclaimed_long_shadow,escalator_reclaimed_long_shadow_v1_20260510,PAPER,BUY,HOOD,LONG,48,102.2073,4905.95,PAPER,success,entry,2026-06-30T10:40:00-04:00,2026-06-30T10:50:00-04:00,True
2026-06-30T10:50:28-04:00,escalator_reclaimed_long_shadow,escalator_reclaimed_long_shadow_v1_20260510,PAPER,SELL,HOOD,LONG,48,101.3950,4866.96,PAPER,success,shadow_exit,2026-06-30T10:40:00-04:00,2026-06-30T10:50:00-04:00,True
2026-06-30T11:08:48-04:00,escalator_reclaimed_shadow,escalator_reclaimed_bidirectional_v1_20260510,PAPER,SELLSHORT,RVMD,SHORT,26,188.5900,4903.34,PAPER,success,entry,2026-06-30T11:00:00-04:00,2026-06-30T11:10:00-04:00,True
2026-06-30T11:10:43-04:00,escalator_reclaimed_shadow,escalator_reclaimed_bidirectional_v1_20260510,PAPER,BUYTOCOVER,RVMD,SHORT,26,189.7100,4932.46,PAPER,success,shadow_exit,2026-06-30T11:00:00-04:00,2026-06-30T11:10:00-04:00,True
2026-07-01T10:11:32-04:00,escalator_reclaimed_long_shadow,escalator_reclaimed_long_shadow_v1_20260510,PAPER,BUY,HOOD,LONG,47,104.3800,4905.86,PAPER,success,entry,2026-07-01T10:10:00-04:00,2026-07-01T10:20:00-04:00,True
2026-07-01T10:16:14-04:00,escalator_reclaimed_shadow,escalator_reclaimed_bidirectional_v1_20260510,PAPER,BUY,MSTR,LONG,53,93.4000,4950.20,PAPER,success,entry,2026-07-01T10:10:00-04:00,2026-07-01T10:20:00-04:00,True
2026-07-01T10:20:09-04:00,escalator_reclaimed_long_shadow,escalator_reclaimed_long_shadow_v1_20260510,PAPER,SELL,HOOD,LONG,47,105.5700,4961.79,PAPER,success,shadow_exit,2026-07-01T10:10:00-04:00,2026-07-01T10:20:00-04:00,True
2026-07-01T10:20:09-04:00,escalator_reclaimed_shadow,escalator_reclaimed_bidirectional_v1_20260510,PAPER,SELL,MSTR,LONG,53,94.9000,5029.70,PAPER,success,shadow_exit,2026-07-01T10:10:00-04:00,2026-07-01T10:20:00-04:00,True
2026-07-01T10:32:34-04:00,escalator_reclaimed_long_shadow,escalator_reclaimed_long_shadow_v1_20260510,PAPER,BUY,BE,LONG,16,311.5750,4985.20,PAPER,success,entry,2026-07-01T10:30:00-04:00,2026-07-01T10:40:00-04:00,True
2026-07-01T10:40:59-04:00,escalator_reclaimed_long_shadow,escalator_reclaimed_long_shadow_v1_20260510,PAPER,SELL,BE,LONG,16,302.4650,4839.44,PAPER,success,shadow_exit,2026-07-01T10:30:00-04:00,2026-07-01T10:40:00-04:00,True
2026-07-01T10:46:48-04:00,escalator_reclaimed_shadow,escalator_reclaimed_bidirectional_v1_20260510,PAPER,SELLSHORT,RKLB,SHORT,49,100.7401,4936.26,PAPER,success,entry,2026-07-01T10:40:00-04:00,2026-07-01T10:50:00-04:00,True
2026-07-01T10:51:07-04:00,escalator_reclaimed_shadow,escalator_reclaimed_bidirectional_v1_20260510,PAPER,BUYTOCOVER,RKLB,SHORT,49,99.8612,4893.20,PAPER,success,shadow_exit,2026-07-01T10:40:00-04:00,2026-07-01T10:50:00-04:00,True
2026-07-01T11:08:52-04:00,escalator_reclaimed_shadow,escalator_reclaimed_bidirectional_v1_20260510,PAPER,BUY,AMD,LONG,9,550.4610,4954.15,PAPER,success,entry,2026-07-01T11:00:00-04:00,2026-07-01T11:10:00-04:00,True
2026-07-01T11:10:13-04:00,escalator_reclaimed_shadow,escalator_reclaimed_bidirectional_v1_20260510,PAPER,SELL,AMD,LONG,9,550.8400,4957.56,PAPER,success,shadow_exit,2026-07-01T11:00:00-04:00,2026-07-01T11:10:00-04:00,True
2026-07-02T10:10:06-04:00,escalator_reclaimed_long_shadow,escalator_reclaimed_long_shadow_v1_20260510,PAPER,BUY,FWONK,LONG,50,98.5200,4926.00,PAPER,success,entry,2026-07-02T10:10:00-04:00,2026-07-02T10:20:00-04:00,True
2026-07-02T10:21:18-04:00,escalator_reclaimed_long_shadow,escalator_reclaimed_long_shadow_v1_20260510,PAPER,SELL,FWONK,LONG,50,98.1900,4909.50,PAPER,success,shadow_exit,2026-07-02T10:10:00-04:00,2026-07-02T10:20:00-04:00,True
2026-07-02T10:31:49-04:00,escalator_reclaimed_shadow,escalator_reclaimed_bidirectional_v1_20260510,PAPER,BUY,APD,LONG,16,308.3700,4933.92,PAPER,success,entry,2026-07-02T10:30:00-04:00,2026-07-02T10:40:00-04:00,True
2026-07-02T10:31:51-04:00,escalator_reclaimed_long_shadow,escalator_reclaimed_long_shadow_v1_20260510,PAPER,BUY,FTI,LONG,75,66.2150,4966.12,PAPER,success,entry,2026-07-02T10:30:00-04:00,2026-07-02T10:40:00-04:00,True
2026-07-02T10:40:16-04:00,escalator_reclaimed_shadow,escalator_reclaimed_bidirectional_v1_20260510,PAPER,SELL,APD,LONG,16,309.0500,4944.80,PAPER,success,shadow_exit,2026-07-02T10:30:00-04:00,2026-07-02T10:40:00-04:00,True
2026-07-02T10:40:16-04:00,escalator_reclaimed_long_shadow,escalator_reclaimed_long_shadow_v1_20260510,PAPER,SELL,FTI,LONG,75,66.0550,4954.13,PAPER,success,shadow_exit,2026-07-02T10:30:00-04:00,2026-07-02T10:40:00-04:00,True
2026-07-02T10:40:16-04:00,escalator_reclaimed_long_shadow,escalator_reclaimed_long_shadow_v1_20260510,PAPER,BUY,RKT,LONG,323,15.4400,4987.12,PAPER,success,entry,2026-07-02T10:40:00-04:00,2026-07-02T10:50:00-04:00,True
2026-07-02T10:50:21-04:00,escalator_reclaimed_long_shadow,escalator_reclaimed_long_shadow_v1_20260510,PAPER,SELL,RKT,LONG,323,15.3650,4962.90,PAPER,success,shadow_exit,2026-07-02T10:40:00-04:00,2026-07-02T10:50:00-04:00,True
2026-07-02T11:13:22-04:00,escalator_reclaimed_shadow,escalator_reclaimed_bidirectional_v1_20260510,PAPER,SELLSHORT,MCO,SHORT,10,481.6600,4816.60,PAPER,success,entry,2026-07-02T11:10:00-04:00,2026-07-02T11:20:00-04:00,True
2026-07-02T11:23:28-04:00,escalator_reclaimed_shadow,escalator_reclaimed_bidirectional_v1_20260510,PAPER,BUYTOCOVER,MCO,SHORT,10,481.9900,4819.90,PAPER,success,shadow_exit,2026-07-02T11:10:00-04:00,2026-07-02T11:20:00-04:00,True
2026-07-06T10:17:29-04:00,escalator_reclaimed_shadow,escalator_reclaimed_bidirectional_v1_20260510,PAPER,SELLSHORT,COIN,SHORT,30,162.9500,4888.50,PAPER,success,entry,2026-07-06T10:10:00-04:00,2026-07-06T10:20:00-04:00,True
2026-07-06T10:21:06-04:00,escalator_reclaimed_shadow,escalator_reclaimed_bidirectional_v1_20260510,PAPER,BUYTOCOVER,COIN,SHORT,30,163.1500,4894.50,PAPER,success,shadow_exit,2026-07-06T10:10:00-04:00,2026-07-06T10:20:00-04:00,True
2026-07-06T10:31:18-04:00,escalator_reclaimed_long_shadow,escalator_reclaimed_long_shadow_v1_20260510,PAPER,BUY,STRL,LONG,6,740.5050,4443.03,PAPER,success,entry,2026-07-06T10:30:00-04:00,2026-07-06T10:40:00-04:00,True
2026-07-06T10:37:58-04:00,escalator_reclaimed_shadow,escalator_reclaimed_bidirectional_v1_20260510,PAPER,SELLSHORT,AXON,SHORT,8,601.6400,4813.12,PAPER,success,entry,2026-07-06T10:30:00-04:00,2026-07-06T10:40:00-04:00,True
2026-07-06T10:41:23-04:00,escalator_reclaimed_shadow,escalator_reclaimed_bidirectional_v1_20260510,PAPER,BUYTOCOVER,AXON,SHORT,8,601.0700,4808.56,PAPER,success,shadow_exit,2026-07-06T10:30:00-04:00,2026-07-06T10:40:00-04:00,True
2026-07-06T10:41:23-04:00,escalator_reclaimed_long_shadow,escalator_reclaimed_long_shadow_v1_20260510,PAPER,SELL,STRL,LONG,6,740.8550,4445.13,PAPER,success,shadow_exit,2026-07-06T10:30:00-04:00,2026-07-06T10:40:00-04:00,True
2026-07-06T10:41:23-04:00,escalator_reclaimed_long_shadow,escalator_reclaimed_long_shadow_v1_20260510,PAPER,BUY,ZS,LONG,33,150.2650,4958.74,PAPER,success,entry,2026-07-06T10:40:00-04:00,2026-07-06T10:50:00-04:00,True
2026-07-06T10:51:27-04:00,escalator_reclaimed_long_shadow,escalator_reclaimed_long_shadow_v1_20260510,PAPER,SELL,ZS,LONG,33,148.8100,4910.73,PAPER,success,shadow_exit,2026-07-06T10:40:00-04:00,2026-07-06T10:50:00-04:00,True
2026-07-07T10:15:22-04:00,escalator_reclaimed_shadow,escalator_reclaimed_bidirectional_v1_20260510,PAPER,SELLSHORT,FN,SHORT,10,479.7800,4797.80,PAPER,success,entry,2026-07-07T10:10:00-04:00,2026-07-07T10:20:00-04:00,True
2026-07-07T10:20:03-04:00,escalator_reclaimed_shadow,escalator_reclaimed_bidirectional_v1_20260510,PAPER,BUYTOCOVER,FN,SHORT,10,469.0000,4690.00,PAPER,success,shadow_exit,2026-07-07T10:10:00-04:00,2026-07-07T10:20:00-04:00,True
2026-07-07T10:32:30-04:00,escalator_reclaimed_long_shadow,escalator_reclaimed_long_shadow_v1_20260510,PAPER,BUY,PLTR,LONG,37,133.1150,4925.26,PAPER,success,entry,2026-07-07T10:30:00-04:00,2026-07-07T10:40:00-04:00,True
2026-07-07T10:40:34-04:00,escalator_reclaimed_long_shadow,escalator_reclaimed_long_shadow_v1_20260510,PAPER,SELL,PLTR,LONG,37,134.3300,4970.21,PAPER,success,shadow_exit,2026-07-07T10:30:00-04:00,2026-07-07T10:40:00-04:00,True
2026-07-07T10:40:34-04:00,escalator_reclaimed_long_shadow,escalator_reclaimed_long_shadow_v1_20260510,PAPER,BUY,GLW,LONG,27,181.4600,4899.42,PAPER,success,entry,2026-07-07T10:40:00-04:00,2026-07-07T10:50:00-04:00,True
2026-07-07T10:50:38-04:00,escalator_reclaimed_long_shadow,escalator_reclaimed_long_shadow_v1_20260510,PAPER,SELL,GLW,LONG,27,180.7850,4881.19,PAPER,success,shadow_exit,2026-07-07T10:40:00-04:00,2026-07-07T10:50:00-04:00,True
2026-07-07T11:08:08-04:00,escalator_reclaimed_shadow,escalator_reclaimed_bidirectional_v1_20260510,PAPER,BUY,SNDK,LONG,3,1548.4500,4645.35,PAPER,success,entry,2026-07-07T11:00:00-04:00,2026-07-07T11:10:00-04:00,True
2026-07-07T11:18:34-04:00,escalator_reclaimed_shadow,escalator_reclaimed_bidirectional_v1_20260510,PAPER,SELL,SNDK,LONG,3,1566.1000,4698.30,PAPER,success,shadow_exit,2026-07-07T11:00:00-04:00,2026-07-07T11:10:00-04:00,True
2026-07-08T10:11:37-04:00,escalator_reclaimed_long_shadow,escalator_reclaimed_long_shadow_v1_20260510,PAPER,BUY,WDC,LONG,8,561.2750,4490.20,PAPER,success,entry,2026-07-08T10:10:00-04:00,2026-07-08T10:20:00-04:00,True
2026-07-08T10:15:38-04:00,escalator_reclaimed_shadow,escalator_reclaimed_bidirectional_v1_20260510,PAPER,BUY,CRWV,LONG,57,87.0550,4962.14,PAPER,success,entry,2026-07-08T10:10:00-04:00,2026-07-08T10:20:00-04:00,True
2026-07-08T10:20:59-04:00,escalator_reclaimed_shadow,escalator_reclaimed_bidirectional_v1_20260510,PAPER,SELL,CRWV,LONG,57,87.0200,4960.14,PAPER,success,shadow_exit,2026-07-08T10:10:00-04:00,2026-07-08T10:20:00-04:00,True
2026-07-08T10:20:59-04:00,escalator_reclaimed_long_shadow,escalator_reclaimed_long_shadow_v1_20260510,PAPER,SELL,WDC,LONG,8,549.8150,4398.52,PAPER,success,shadow_exit,2026-07-08T10:10:00-04:00,2026-07-08T10:20:00-04:00,True
2026-07-08T10:32:55-04:00,escalator_reclaimed_long_shadow,escalator_reclaimed_long_shadow_v1_20260510,PAPER,BUY,BE,LONG,19,263.0000,4997.00,PAPER,success,entry,2026-07-08T10:30:00-04:00,2026-07-08T10:40:00-04:00,True
2026-07-08T10:40:58-04:00,escalator_reclaimed_long_shadow,escalator_reclaimed_long_shadow_v1_20260510,PAPER,SELL,BE,LONG,19,256.9550,4882.14,PAPER,success,shadow_exit,2026-07-08T10:30:00-04:00,2026-07-08T10:40:00-04:00,True
2026-07-08T10:40:58-04:00,escalator_reclaimed_long_shadow,escalator_reclaimed_long_shadow_v1_20260510,PAPER,BUY,FTAI,LONG,22,222.0400,4884.88,PAPER,success,entry,2026-07-08T10:40:00-04:00,2026-07-08T10:50:00-04:00,True
2026-07-08T10:51:02-04:00,escalator_reclaimed_long_shadow,escalator_reclaimed_long_shadow_v1_20260510,PAPER,SELL,FTAI,LONG,22,216.8600,4770.92,PAPER,success,shadow_exit,2026-07-08T10:40:00-04:00,2026-07-08T10:50:00-04:00,True
2026-07-08T11:06:48-04:00,escalator_reclaimed_shadow,escalator_reclaimed_bidirectional_v1_20260510,PAPER,SELLSHORT,LLY,SHORT,4,1229.0750,4916.30,PAPER,success,entry,2026-07-08T11:00:00-04:00,2026-07-08T11:10:00-04:00,True
2026-07-08T11:17:05-04:00,escalator_reclaimed_shadow,escalator_reclaimed_bidirectional_v1_20260510,PAPER,BUYTOCOVER,LLY,SHORT,4,1230.1350,4920.54,PAPER,success,shadow_exit,2026-07-08T11:00:00-04:00,2026-07-08T11:10:00-04:00,True
2026-07-09T10:31:49-04:00,escalator_reclaimed_shadow,escalator_reclaimed_bidirectional_v1_20260510,PAPER,BUY,AKAM,LONG,38,128.5500,4884.90,PAPER,success,entry,2026-07-09T10:30:00-04:00,2026-07-09T10:40:00-04:00,True
2026-07-09T10:40:06-04:00,escalator_reclaimed_shadow,escalator_reclaimed_bidirectional_v1_20260510,PAPER,SELL,AKAM,LONG,38,128.7200,4891.36,PAPER,success,shadow_exit,2026-07-09T10:30:00-04:00,2026-07-09T10:40:00-04:00,True
2026-07-09T10:40:06-04:00,escalator_reclaimed_long_shadow,escalator_reclaimed_long_shadow_v1_20260510,PAPER,BUY,BE,LONG,19,262.8800,4994.72,PAPER,success,entry,2026-07-09T10:40:00-04:00,2026-07-09T10:50:00-04:00,True
2026-07-09T10:50:11-04:00,escalator_reclaimed_long_shadow,escalator_reclaimed_long_shadow_v1_20260510,PAPER,SELL,BE,LONG,19,262.2700,4983.13,PAPER,success,shadow_exit,2026-07-09T10:40:00-04:00,2026-07-09T10:50:00-04:00,True
2026-07-09T11:02:41-04:00,escalator_reclaimed_shadow,escalator_reclaimed_bidirectional_v1_20260510,PAPER,SELLSHORT,CBRE,SHORT,35,141.8600,4965.10,PAPER,success,entry,2026-07-09T11:00:00-04:00,2026-07-09T11:10:00-04:00,True
2026-07-09T11:10:50-04:00,escalator_reclaimed_shadow,escalator_reclaimed_bidirectional_v1_20260510,PAPER,BUYTOCOVER,CBRE,SHORT,35,141.6500,4957.75,PAPER,success,shadow_exit,2026-07-09T11:00:00-04:00,2026-07-09T11:10:00-04:00,True
2026-07-10T10:38:18-04:00,escalator_reclaimed_shadow,escalator_reclaimed_bidirectional_v1_20260510,PAPER,SELLSHORT,CRCL,SHORT,73,67.8250,4951.23,PAPER,success,entry,2026-07-10T10:30:00-04:00,2026-07-10T10:40:00-04:00,True
2026-07-10T10:52:49-04:00,escalator_reclaimed_shadow,escalator_reclaimed_bidirectional_v1_20260510,PAPER,BUYTOCOVER,CRCL,SHORT,73,67.7000,4942.10,PAPER,success,shadow_exit,2026-07-10T10:30:00-04:00,2026-07-10T10:40:00-04:00,True
2026-07-13T10:44:09-04:00,escalator_reclaimed_shadow,escalator_reclaimed_bidirectional_v1_20260510,PAPER,BUY,APP,LONG,10,462.2200,4622.20,PAPER,success,entry,2026-07-13T10:40:00-04:00,2026-07-13T10:50:00-04:00,True
2026-07-13T10:44:10-04:00,escalator_reclaimed_long_shadow,escalator_reclaimed_long_shadow_v1_20260510,PAPER,BUY,APP,LONG,10,462.2200,4622.20,PAPER,success,entry,2026-07-13T10:40:00-04:00,2026-07-13T10:50:00-04:00,True
2026-07-13T10:52:08-04:00,escalator_reclaimed_shadow,escalator_reclaimed_bidirectional_v1_20260510,PAPER,SELL,APP,LONG,10,458.2700,4582.70,PAPER,success,shadow_exit,2026-07-13T10:40:00-04:00,2026-07-13T10:50:00-04:00,True
2026-07-13T10:52:08-04:00,escalator_reclaimed_shadow,escalator_reclaimed_bidirectional_v1_20260510,PAPER,SELLSHORT,DELL,SHORT,11,431.3050,4744.36,PAPER,success,entry,2026-07-13T10:50:00-04:00,2026-07-13T11:00:00-04:00,True
2026-07-13T10:52:10-04:00,escalator_reclaimed_long_shadow,escalator_reclaimed_long_shadow_v1_20260510,PAPER,SELL,APP,LONG,10,458.2700,4582.70,PAPER,success,shadow_exit,2026-07-13T10:40:00-04:00,2026-07-13T10:50:00-04:00,True
2026-07-13T10:52:10-04:00,escalator_reclaimed_long_shadow,escalator_reclaimed_long_shadow_v1_20260510,PAPER,BUY,RBLX,LONG,88,56.7050,4990.04,PAPER,success,entry,2026-07-13T10:50:00-04:00,2026-07-13T11:00:00-04:00,True
2026-07-13T11:04:26-04:00,escalator_reclaimed_shadow,escalator_reclaimed_bidirectional_v1_20260510,PAPER,BUYTOCOVER,DELL,SHORT,11,433.3500,4766.85,PAPER,success,shadow_exit,2026-07-13T10:50:00-04:00,2026-07-13T11:00:00-04:00,True
2026-07-13T11:04:27-04:00,escalator_reclaimed_long_shadow,escalator_reclaimed_long_shadow_v1_20260510,PAPER,SELL,RBLX,LONG,88,57.4825,5058.46,PAPER,success,shadow_exit,2026-07-13T10:50:00-04:00,2026-07-13T11:00:00-04:00,True
2026-07-14T10:14:36-04:00,escalator_reclaimed_shadow,escalator_reclaimed_bidirectional_v1_20260510,PAPER,BUY,APP,LONG,11,453.2000,4985.20,PAPER,success,entry,2026-07-14T10:10:00-04:00,2026-07-14T10:20:00-04:00,True
2026-07-14T10:14:37-04:00,escalator_reclaimed_long_shadow,escalator_reclaimed_long_shadow_v1_20260510,PAPER,BUY,RKLB,LONG,61,81.5050,4971.80,PAPER,success,entry,2026-07-14T10:10:00-04:00,2026-07-14T10:20:00-04:00,True
2026-07-14T10:24:51-04:00,escalator_reclaimed_shadow,escalator_reclaimed_bidirectional_v1_20260510,PAPER,SELL,APP,LONG,11,453.6880,4990.57,PAPER,success,shadow_exit,2026-07-14T10:10:00-04:00,2026-07-14T10:20:00-04:00,True
2026-07-14T10:24:51-04:00,escalator_reclaimed_long_shadow,escalator_reclaimed_long_shadow_v1_20260510,PAPER,SELL,RKLB,LONG,61,79.8150,4868.72,PAPER,success,shadow_exit,2026-07-14T10:10:00-04:00,2026-07-14T10:20:00-04:00,True
2026-07-14T10:35:39-04:00,escalator_reclaimed_shadow,escalator_reclaimed_bidirectional_v1_20260510,PAPER,BUY,SNDK,LONG,2,1745.1800,3490.36,PAPER,success,entry,2026-07-14T10:30:00-04:00,2026-07-14T10:40:00-04:00,True
2026-07-14T10:35:40-04:00,escalator_reclaimed_long_shadow,escalator_reclaimed_long_shadow_v1_20260510,PAPER,BUY,SNDK,LONG,2,1745.1800,3490.36,PAPER,success,entry,2026-07-14T10:30:00-04:00,2026-07-14T10:40:00-04:00,True
2026-07-14T10:45:46-04:00,escalator_reclaimed_shadow,escalator_reclaimed_bidirectional_v1_20260510,PAPER,SELL,SNDK,LONG,2,1759.1899,3518.38,PAPER,success,shadow_exit,2026-07-14T10:30:00-04:00,2026-07-14T10:40:00-04:00,True
2026-07-14T10:45:46-04:00,escalator_reclaimed_shadow,escalator_reclaimed_bidirectional_v1_20260510,PAPER,BUY,SITM,LONG,8,614.1450,4913.16,PAPER,success,entry,2026-07-14T10:40:00-04:00,2026-07-14T10:50:00-04:00,True
2026-07-14T10:45:47-04:00,escalator_reclaimed_long_shadow,escalator_reclaimed_long_shadow_v1_20260510,PAPER,SELL,SNDK,LONG,2,1759.1899,3518.38,PAPER,success,shadow_exit,2026-07-14T10:30:00-04:00,2026-07-14T10:40:00-04:00,True
2026-07-14T10:45:47-04:00,escalator_reclaimed_long_shadow,escalator_reclaimed_long_shadow_v1_20260510,PAPER,BUY,SITM,LONG,8,614.1450,4913.16,PAPER,success,entry,2026-07-14T10:40:00-04:00,2026-07-14T10:50:00-04:00,True
2026-07-14T10:55:49-04:00,escalator_reclaimed_shadow,escalator_reclaimed_bidirectional_v1_20260510,PAPER,SELL,SITM,LONG,8,613.2800,4906.24,PAPER,success,shadow_exit,2026-07-14T10:40:00-04:00,2026-07-14T10:50:00-04:00,True
2026-07-14T10:55:50-04:00,escalator_reclaimed_long_shadow,escalator_reclaimed_long_shadow_v1_20260510,PAPER,SELL,SITM,LONG,8,613.2800,4906.24,PAPER,success,shadow_exit,2026-07-14T10:40:00-04:00,2026-07-14T10:50:00-04:00,True
2026-07-14T11:06:30-04:00,escalator_reclaimed_shadow,escalator_reclaimed_bidirectional_v1_20260510,PAPER,BUY,ALAB,LONG,13,374.7125,4871.26,PAPER,success,entry,2026-07-14T11:00:00-04:00,2026-07-14T11:10:00-04:00,True
2026-07-14T11:16:54-04:00,escalator_reclaimed_shadow,escalator_reclaimed_bidirectional_v1_20260510,PAPER,SELL,ALAB,LONG,13,373.9550,4861.41,PAPER,success,shadow_exit,2026-07-14T11:00:00-04:00,2026-07-14T11:10:00-04:00,True
2026-07-15T10:17:19-04:00,escalator_reclaimed_shadow,escalator_reclaimed_bidirectional_v1_20260510,PAPER,BUY,ALAB,LONG,14,354.4000,4961.60,PAPER,success,entry,2026-07-15T10:10:00-04:00,2026-07-15T10:20:00-04:00,True
2026-07-15T10:17:24-04:00,escalator_reclaimed_long_shadow,escalator_reclaimed_long_shadow_v1_20260510,PAPER,BUY,ALAB,LONG,14,354.4000,4961.60,PAPER,success,entry,2026-07-15T10:10:00-04:00,2026-07-15T10:20:00-04:00,True
2026-07-15T10:27:27-04:00,escalator_reclaimed_shadow,escalator_reclaimed_bidirectional_v1_20260510,PAPER,SELL,ALAB,LONG,14,342.5500,4795.70,PAPER,success,shadow_exit,2026-07-15T10:10:00-04:00,2026-07-15T10:20:00-04:00,True
2026-07-15T10:27:27-04:00,escalator_reclaimed_long_shadow,escalator_reclaimed_long_shadow_v1_20260510,PAPER,SELL,ALAB,LONG,14,342.5500,4795.70,PAPER,success,shadow_exit,2026-07-15T10:10:00-04:00,2026-07-15T10:20:00-04:00,True
2026-07-15T10:37:38-04:00,escalator_reclaimed_shadow,escalator_reclaimed_bidirectional_v1_20260510,PAPER,SELLSHORT,CRCL,SHORT,76,65.5900,4984.84,PAPER,success,entry,2026-07-15T10:30:00-04:00,2026-07-15T10:40:00-04:00,True
2026-07-15T10:37:39-04:00,escalator_reclaimed_long_shadow,escalator_reclaimed_long_shadow_v1_20260510,PAPER,BUY,APP,LONG,11,451.7100,4968.81,PAPER,success,entry,2026-07-15T10:30:00-04:00,2026-07-15T10:40:00-04:00,True
2026-07-15T10:47:51-04:00,escalator_reclaimed_shadow,escalator_reclaimed_bidirectional_v1_20260510,PAPER,BUYTOCOVER,CRCL,SHORT,76,65.9500,5012.20,PAPER,success,shadow_exit,2026-07-15T10:30:00-04:00,2026-07-15T10:40:00-04:00,True
2026-07-15T10:47:51-04:00,escalator_reclaimed_shadow,escalator_reclaimed_bidirectional_v1_20260510,PAPER,BUY,FTAI,LONG,23,208.5500,4796.65,PAPER,success,entry,2026-07-15T10:40:00-04:00,2026-07-15T10:50:00-04:00,True
2026-07-15T10:47:52-04:00,escalator_reclaimed_long_shadow,escalator_reclaimed_long_shadow_v1_20260510,PAPER,SELL,APP,LONG,11,450.7850,4958.64,PAPER,success,shadow_exit,2026-07-15T10:30:00-04:00,2026-07-15T10:40:00-04:00,True
2026-07-15T10:47:52-04:00,escalator_reclaimed_long_shadow,escalator_reclaimed_long_shadow_v1_20260510,PAPER,BUY,FTAI,LONG,23,208.5500,4796.65,PAPER,success,entry,2026-07-15T10:40:00-04:00,2026-07-15T10:50:00-04:00,True
2026-07-15T11:15:00-04:00,escalator_reclaimed_shadow,escalator_reclaimed_bidirectional_v1_20260510,PAPER,SELL,FTAI,LONG,23,208.8300,4803.09,PAPER,success,shadow_exit,2026-07-15T10:40:00-04:00,2026-07-15T10:50:00-04:00,True
2026-07-15T11:15:01-04:00,escalator_reclaimed_long_shadow,escalator_reclaimed_long_shadow_v1_20260510,PAPER,SELL,FTAI,LONG,23,208.8300,4803.09,PAPER,success,shadow_exit,2026-07-15T10:40:00-04:00,2026-07-15T10:50:00-04:00,True
2026-07-16T10:56:42-04:00,escalator_reclaimed_shadow,escalator_reclaimed_bidirectional_v1_20260510,PAPER,BUY,PGR,LONG,24,206.1050,4946.52,PAPER,success,entry,2026-07-16T10:50:00-04:00,2026-07-16T11:00:00-04:00,True
2026-07-16T10:56:42-04:00,escalator_reclaimed_long_shadow,escalator_reclaimed_long_shadow_v1_20260510,PAPER,BUY,NOW,LONG,49,100.7600,4937.24,PAPER,success,entry,2026-07-16T10:50:00-04:00,2026-07-16T11:00:00-04:00,True
2026-07-16T11:07:00-04:00,escalator_reclaimed_shadow,escalator_reclaimed_bidirectional_v1_20260510,PAPER,SELL,PGR,LONG,24,206.0900,4946.16,PAPER,success,shadow_exit,2026-07-16T10:50:00-04:00,2026-07-16T11:00:00-04:00,True
2026-07-16T11:07:00-04:00,escalator_reclaimed_shadow,escalator_reclaimed_bidirectional_v1_20260510,PAPER,SELLSHORT,TSLA,SHORT,12,392.9700,4715.64,PAPER,success,entry,2026-07-16T11:00:00-04:00,2026-07-16T11:10:00-04:00,True
2026-07-16T11:07:05-04:00,escalator_reclaimed_long_shadow,escalator_reclaimed_long_shadow_v1_20260510,PAPER,SELL,NOW,LONG,49,101.3050,4963.95,PAPER,success,shadow_exit,2026-07-16T10:50:00-04:00,2026-07-16T11:00:00-04:00,True
2026-07-16T11:17:10-04:00,escalator_reclaimed_shadow,escalator_reclaimed_bidirectional_v1_20260510,PAPER,BUYTOCOVER,TSLA,SHORT,12,393.3750,4720.50,PAPER,success,shadow_exit,2026-07-16T11:00:00-04:00,2026-07-16T11:10:00-04:00,True
2026-07-17T10:13:45-04:00,escalator_reclaimed_shadow,escalator_reclaimed_bidirectional_v1_20260510,PAPER,BUY,LITE,LONG,7,711.4399,4980.08,PAPER,success,entry,2026-07-17T10:10:00-04:00,2026-07-17T10:20:00-04:00,True
2026-07-17T10:13:45-04:00,escalator_reclaimed_long_shadow,escalator_reclaimed_long_shadow_v1_20260510,PAPER,BUY,GEV,LONG,4,1053.4550,4213.82,PAPER,success,entry,2026-07-17T10:10:00-04:00,2026-07-17T10:20:00-04:00,True
2026-07-17T10:23:51-04:00,escalator_reclaimed_shadow,escalator_reclaimed_bidirectional_v1_20260510,PAPER,SELL,LITE,LONG,7,728.3650,5098.56,PAPER,success,shadow_exit,2026-07-17T10:10:00-04:00,2026-07-17T10:20:00-04:00,True
2026-07-17T10:23:51-04:00,escalator_reclaimed_shadow,escalator_reclaimed_bidirectional_v1_20260510,PAPER,SELLSHORT,ORCL,SHORT,39,125.0700,4877.73,PAPER,success,entry,2026-07-17T10:20:00-04:00,2026-07-17T10:30:00-04:00,True
2026-07-17T10:23:52-04:00,escalator_reclaimed_long_shadow,escalator_reclaimed_long_shadow_v1_20260510,PAPER,SELL,GEV,LONG,4,1052.1550,4208.62,PAPER,success,shadow_exit,2026-07-17T10:10:00-04:00,2026-07-17T10:20:00-04:00,True
2026-07-17T10:23:52-04:00,escalator_reclaimed_long_shadow,escalator_reclaimed_long_shadow_v1_20260510,PAPER,BUY,AXON,LONG,9,524.8900,4724.01,PAPER,success,entry,2026-07-17T10:20:00-04:00,2026-07-17T10:30:00-04:00,True
2026-07-17T10:45:47-04:00,escalator_reclaimed_shadow,escalator_reclaimed_bidirectional_v1_20260510,PAPER,BUYTOCOVER,ORCL,SHORT,39,125.9500,4912.05,PAPER,success,shadow_exit,2026-07-17T10:20:00-04:00,2026-07-17T10:30:00-04:00,True
2026-07-17T10:45:47-04:00,escalator_reclaimed_shadow,escalator_reclaimed_bidirectional_v1_20260510,PAPER,SELLSHORT,TER,SHORT,15,317.0850,4756.27,PAPER,success,entry,2026-07-17T10:40:00-04:00,2026-07-17T10:50:00-04:00,True
2026-07-17T10:45:48-04:00,escalator_reclaimed_long_shadow,escalator_reclaimed_long_shadow_v1_20260510,PAPER,SELL,AXON,LONG,9,528.0600,4752.54,PAPER,success,shadow_exit,2026-07-17T10:20:00-04:00,2026-07-17T10:30:00-04:00,True
2026-07-17T10:45:48-04:00,escalator_reclaimed_long_shadow,escalator_reclaimed_long_shadow_v1_20260510,PAPER,BUY,KHC,LONG,187,26.6050,4975.14,PAPER,success,entry,2026-07-17T10:40:00-04:00,2026-07-17T10:50:00-04:00,True
2026-07-17T10:53:28-04:00,escalator_reclaimed_shadow,escalator_reclaimed_bidirectional_v1_20260510,PAPER,BUYTOCOVER,TER,SHORT,15,315.9650,4739.47,PAPER,success,shadow_exit,2026-07-17T10:40:00-04:00,2026-07-17T10:50:00-04:00,True
2026-07-17T10:53:28-04:00,escalator_reclaimed_shadow,escalator_reclaimed_bidirectional_v1_20260510,PAPER,SELLSHORT,ALB,SHORT,42,118.8100,4990.02,PAPER,success,entry,2026-07-17T10:50:00-04:00,2026-07-17T11:00:00-04:00,True
2026-07-17T10:56:32-04:00,escalator_reclaimed_long_shadow,escalator_reclaimed_long_shadow_v1_20260510,PAPER,SELL,KHC,LONG,187,26.5250,4960.18,PAPER,success,shadow_exit,2026-07-17T10:40:00-04:00,2026-07-17T10:50:00-04:00,True
2026-07-17T10:56:32-04:00,escalator_reclaimed_long_shadow,escalator_reclaimed_long_shadow_v1_20260510,PAPER,BUY,UBER,LONG,69,72.1350,4977.32,PAPER,success,entry,2026-07-17T10:50:00-04:00,2026-07-17T11:00:00-04:00,True
2026-07-17T11:32:34-04:00,escalator_reclaimed_shadow,escalator_reclaimed_bidirectional_v1_20260510,PAPER,BUYTOCOVER,ALB,SHORT,42,119.2400,5008.08,PAPER,success,shadow_exit,2026-07-17T10:50:00-04:00,2026-07-17T11:00:00-04:00,True
2026-07-17T11:32:36-04:00,escalator_reclaimed_long_shadow,escalator_reclaimed_long_shadow_v1_20260510,PAPER,SELL,UBER,LONG,69,71.8600,4958.34,PAPER,success,shadow_exit,2026-07-17T10:50:00-04:00,2026-07-17T11:00:00-04:00,True
2026-07-20T10:24:50-04:00,escalator_reclaimed_shadow,escalator_reclaimed_bidirectional_v1_20260510,PAPER,SELLSHORT,TER,SHORT,14,340.3650,4765.11,PAPER,success,entry,2026-07-20T10:20:00-04:00,2026-07-20T10:30:00-04:00,True
2026-07-20T10:25:14-04:00,escalator_reclaimed_long_shadow,escalator_reclaimed_long_shadow_v1_20260510,PAPER,BUY,ISRG,LONG,14,347.3600,4863.04,PAPER,success,entry,2026-07-20T10:20:00-04:00,2026-07-20T10:30:00-04:00,True
2026-07-20T10:45:22-04:00,escalator_reclaimed_shadow,escalator_reclaimed_bidirectional_v1_20260510,PAPER,BUYTOCOVER,TER,SHORT,14,344.4900,4822.86,PAPER,success,shadow_exit,2026-07-20T10:20:00-04:00,2026-07-20T10:30:00-04:00,True
2026-07-20T10:45:23-04:00,escalator_reclaimed_long_shadow,escalator_reclaimed_long_shadow_v1_20260510,PAPER,SELL,ISRG,LONG,14,345.9981,4843.97,PAPER,success,shadow_exit,2026-07-20T10:20:00-04:00,2026-07-20T10:30:00-04:00,True
2026-07-20T10:55:33-04:00,escalator_reclaimed_shadow,escalator_reclaimed_bidirectional_v1_20260510,PAPER,BUY,MRNA,LONG,81,61.2850,4964.09,PAPER,success,entry,2026-07-20T10:50:00-04:00,2026-07-20T11:00:00-04:00,True
2026-07-20T10:55:34-04:00,escalator_reclaimed_long_shadow,escalator_reclaimed_long_shadow_v1_20260510,PAPER,BUY,MRNA,LONG,81,61.2850,4964.09,PAPER,success,entry,2026-07-20T10:50:00-04:00,2026-07-20T11:00:00-04:00,True
2026-07-20T11:05:38-04:00,escalator_reclaimed_shadow,escalator_reclaimed_bidirectional_v1_20260510,PAPER,SELL,MRNA,LONG,81,61.0200,4942.62,PAPER,success,shadow_exit,2026-07-20T10:50:00-04:00,2026-07-20T11:00:00-04:00,True
2026-07-20T11:05:39-04:00,escalator_reclaimed_long_shadow,escalator_reclaimed_long_shadow_v1_20260510,PAPER,SELL,MRNA,LONG,81,61.0200,4942.62,PAPER,success,shadow_exit,2026-07-20T10:50:00-04:00,2026-07-20T11:00:00-04:00,True
2026-07-21T10:16:51-04:00,escalator_reclaimed_shadow,escalator_reclaimed_bidirectional_v1_20260510,PAPER,SELLSHORT,ALAB,SHORT,15,322.1050,4831.58,PAPER,success,entry,2026-07-21T10:10:00-04:00,2026-07-21T10:20:00-04:00,True
2026-07-21T10:16:52-04:00,escalator_reclaimed_long_shadow,escalator_reclaimed_long_shadow_v1_20260510,PAPER,BUY,CRWV,LONG,65,76.5550,4976.08,PAPER,success,entry,2026-07-21T10:10:00-04:00,2026-07-21T10:20:00-04:00,True
2026-07-21T10:26:55-04:00,escalator_reclaimed_shadow,escalator_reclaimed_bidirectional_v1_20260510,PAPER,BUYTOCOVER,ALAB,SHORT,15,324.2900,4864.35,PAPER,success,shadow_exit,2026-07-21T10:10:00-04:00,2026-07-21T10:20:00-04:00,True
2026-07-21T10:26:56-04:00,escalator_reclaimed_long_shadow,escalator_reclaimed_long_shadow_v1_20260510,PAPER,SELL,CRWV,LONG,65,76.2060,4953.39,PAPER,success,shadow_exit,2026-07-21T10:10:00-04:00,2026-07-21T10:20:00-04:00,True
2026-07-21T10:37:05-04:00,escalator_reclaimed_shadow,escalator_reclaimed_bidirectional_v1_20260510,PAPER,BUY,MDB,LONG,15,326.3550,4895.33,PAPER,success,entry,2026-07-21T10:30:00-04:00,2026-07-21T10:40:00-04:00,True
2026-07-21T10:37:06-04:00,escalator_reclaimed_long_shadow,escalator_reclaimed_long_shadow_v1_20260510,PAPER,BUY,MDB,LONG,15,326.3550,4895.33,PAPER,success,entry,2026-07-21T10:30:00-04:00,2026-07-21T10:40:00-04:00,True
2026-07-21T10:47:12-04:00,escalator_reclaimed_shadow,escalator_reclaimed_bidirectional_v1_20260510,PAPER,SELL,MDB,LONG,15,324.6350,4869.52,PAPER,success,shadow_exit,2026-07-21T10:30:00-04:00,2026-07-21T10:40:00-04:00,True
2026-07-21T10:47:12-04:00,escalator_reclaimed_shadow,escalator_reclaimed_bidirectional_v1_20260510,PAPER,BUY,BE,LONG,22,221.6901,4877.18,PAPER,success,entry,2026-07-21T10:40:00-04:00,2026-07-21T10:50:00-04:00,True
2026-07-21T10:47:13-04:00,escalator_reclaimed_long_shadow,escalator_reclaimed_long_shadow_v1_20260510,PAPER,SELL,MDB,LONG,15,324.6350,4869.52,PAPER,success,shadow_exit,2026-07-21T10:30:00-04:00,2026-07-21T10:40:00-04:00,True
2026-07-21T10:47:13-04:00,escalator_reclaimed_long_shadow,escalator_reclaimed_long_shadow_v1_20260510,PAPER,BUY,BE,LONG,22,221.6901,4877.18,PAPER,success,entry,2026-07-21T10:40:00-04:00,2026-07-21T10:50:00-04:00,True
2026-07-21T10:57:15-04:00,escalator_reclaimed_shadow,escalator_reclaimed_bidirectional_v1_20260510,PAPER,SELL,BE,LONG,22,221.1400,4865.08,PAPER,success,shadow_exit,2026-07-21T10:40:00-04:00,2026-07-21T10:50:00-04:00,True
2026-07-21T10:57:16-04:00,escalator_reclaimed_long_shadow,escalator_reclaimed_long_shadow_v1_20260510,PAPER,SELL,BE,LONG,22,221.1400,4865.08,PAPER,success,shadow_exit,2026-07-21T10:40:00-04:00,2026-07-21T10:50:00-04:00,True
2026-07-21T11:08:39-04:00,escalator_reclaimed_shadow,escalator_reclaimed_bidirectional_v1_20260510,PAPER,SELLSHORT,GFS,SHORT,85,58.5950,4980.57,PAPER,success,entry,2026-07-21T11:00:00-04:00,2026-07-21T11:10:00-04:00,True
2026-07-21T11:32:44-04:00,escalator_reclaimed_shadow,escalator_reclaimed_bidirectional_v1_20260510,PAPER,BUYTOCOVER,GFS,SHORT,85,59.1100,5024.35,PAPER,success,shadow_exit,2026-07-21T11:00:00-04:00,2026-07-21T11:10:00-04:00,True
2026-07-22T10:24:38-04:00,escalator_reclaimed_shadow,escalator_reclaimed_bidirectional_v1_20260510,PAPER,SELLSHORT,MSTR,SHORT,50,99.4550,4972.75,PAPER,success,entry,2026-07-22T10:20:00-04:00,2026-07-22T10:30:00-04:00,True
2026-07-22T10:24:39-04:00,escalator_reclaimed_long_shadow,escalator_reclaimed_long_shadow_v1_20260510,PAPER,BUY,YUM,LONG,33,149.6500,4938.45,PAPER,success,entry,2026-07-22T10:20:00-04:00,2026-07-22T10:30:00-04:00,True
2026-07-22T10:34:47-04:00,escalator_reclaimed_shadow,escalator_reclaimed_bidirectional_v1_20260510,PAPER,BUYTOCOVER,MSTR,SHORT,50,99.6500,4982.50,PAPER,success,shadow_exit,2026-07-22T10:20:00-04:00,2026-07-22T10:30:00-04:00,True
2026-07-22T10:34:47-04:00,escalator_reclaimed_shadow,escalator_reclaimed_bidirectional_v1_20260510,PAPER,BUY,MU,LONG,5,970.8200,4854.10,PAPER,success,entry,2026-07-22T10:30:00-04:00,2026-07-22T10:40:00-04:00,True
2026-07-22T10:34:48-04:00,escalator_reclaimed_long_shadow,escalator_reclaimed_long_shadow_v1_20260510,PAPER,SELL,YUM,LONG,33,148.5400,4901.82,PAPER,success,shadow_exit,2026-07-22T10:20:00-04:00,2026-07-22T10:30:00-04:00,True
2026-07-22T10:34:48-04:00,escalator_reclaimed_long_shadow,escalator_reclaimed_long_shadow_v1_20260510,PAPER,BUY,TSEM,LONG,20,248.3500,4967.00,PAPER,success,entry,2026-07-22T10:30:00-04:00,2026-07-22T10:40:00-04:00,True
2026-07-22T10:44:51-04:00,escalator_reclaimed_shadow,escalator_reclaimed_bidirectional_v1_20260510,PAPER,SELL,MU,LONG,5,967.0100,4835.05,PAPER,success,shadow_exit,2026-07-22T10:30:00-04:00,2026-07-22T10:40:00-04:00,True
2026-07-22T10:44:52-04:00,escalator_reclaimed_long_shadow,escalator_reclaimed_long_shadow_v1_20260510,PAPER,SELL,TSEM,LONG,20,247.9000,4958.00,PAPER,success,shadow_exit,2026-07-22T10:30:00-04:00,2026-07-22T10:40:00-04:00,True
2026-07-22T10:55:01-04:00,escalator_reclaimed_shadow,escalator_reclaimed_bidirectional_v1_20260510,PAPER,BUY,NU,LONG,356,14.0401,4998.28,PAPER,success,entry,2026-07-22T10:50:00-04:00,2026-07-22T11:00:00-04:00,True
2026-07-22T10:55:02-04:00,escalator_reclaimed_long_shadow,escalator_reclaimed_long_shadow_v1_20260510,PAPER,BUY,NU,LONG,356,14.0401,4998.28,PAPER,success,entry,2026-07-22T10:50:00-04:00,2026-07-22T11:00:00-04:00,True
2026-07-22T11:11:46-04:00,escalator_reclaimed_shadow,escalator_reclaimed_bidirectional_v1_20260510,PAPER,SELL,NU,LONG,356,13.9600,4969.76,PAPER,success,shadow_exit,2026-07-22T10:50:00-04:00,2026-07-22T11:00:00-04:00,True
2026-07-22T11:11:48-04:00,escalator_reclaimed_long_shadow,escalator_reclaimed_long_shadow_v1_20260510,PAPER,SELL,NU,LONG,356,13.9600,4969.76,PAPER,success,shadow_exit,2026-07-22T10:50:00-04:00,2026-07-22T11:00:00-04:00,True
2026-07-23T10:14:03-04:00,escalator_reclaimed_shadow,escalator_reclaimed_bidirectional_v1_20260510,PAPER,BUY,NBIS,LONG,22,226.4700,4982.34,PAPER,success,entry,2026-07-23T10:10:00-04:00,2026-07-23T10:20:00-04:00,True
2026-07-23T10:14:03-04:00,escalator_reclaimed_long_shadow,escalator_reclaimed_long_shadow_v1_20260510,PAPER,BUY,NBIS,LONG,22,226.4700,4982.34,PAPER,success,entry,2026-07-23T10:10:00-04:00,2026-07-23T10:20:00-04:00,True
2026-07-23T10:24:38-04:00,escalator_reclaimed_shadow,escalator_reclaimed_bidirectional_v1_20260510,PAPER,SELL,NBIS,LONG,22,227.3250,5001.15,PAPER,success,shadow_exit,2026-07-23T10:10:00-04:00,2026-07-23T10:20:00-04:00,True
2026-07-23T10:24:40-04:00,escalator_reclaimed_long_shadow,escalator_reclaimed_long_shadow_v1_20260510,PAPER,SELL,NBIS,LONG,22,227.3250,5001.15,PAPER,success,shadow_exit,2026-07-23T10:10:00-04:00,2026-07-23T10:20:00-04:00,True
2026-07-23T10:42:27-04:00,escalator_reclaimed_shadow,escalator_reclaimed_bidirectional_v1_20260510,PAPER,BUY,APP,LONG,12,400.9200,4811.04,PAPER,success,entry,2026-07-23T10:40:00-04:00,2026-07-23T10:50:00-04:00,True
2026-07-23T10:42:28-04:00,escalator_reclaimed_long_shadow,escalator_reclaimed_long_shadow_v1_20260510,PAPER,BUY,APP,LONG,12,400.9200,4811.04,PAPER,success,entry,2026-07-23T10:40:00-04:00,2026-07-23T10:50:00-04:00,True
2026-07-23T10:52:36-04:00,escalator_reclaimed_shadow,escalator_reclaimed_bidirectional_v1_20260510,PAPER,SELL,APP,LONG,12,400.6700,4808.04,PAPER,success,shadow_exit,2026-07-23T10:40:00-04:00,2026-07-23T10:50:00-04:00,True
2026-07-23T10:52:36-04:00,escalator_reclaimed_shadow,escalator_reclaimed_bidirectional_v1_20260510,PAPER,SELLSHORT,VG,SHORT,325,15.3771,4997.56,PAPER,success,entry,2026-07-23T10:50:00-04:00,2026-07-23T11:00:00-04:00,True
2026-07-23T10:52:37-04:00,escalator_reclaimed_long_shadow,escalator_reclaimed_long_shadow_v1_20260510,PAPER,SELL,APP,LONG,12,400.6700,4808.04,PAPER,success,shadow_exit,2026-07-23T10:40:00-04:00,2026-07-23T10:50:00-04:00,True
2026-07-23T10:52:37-04:00,escalator_reclaimed_long_shadow,escalator_reclaimed_long_shadow_v1_20260510,PAPER,BUY,DHR,LONG,26,187.2400,4868.24,PAPER,success,entry,2026-07-23T10:50:00-04:00,2026-07-23T11:00:00-04:00,True
2026-07-23T11:02:39-04:00,escalator_reclaimed_shadow,escalator_reclaimed_bidirectional_v1_20260510,PAPER,BUYTOCOVER,VG,SHORT,325,15.3003,4972.60,PAPER,success,shadow_exit,2026-07-23T10:50:00-04:00,2026-07-23T11:00:00-04:00,True
2026-07-23T11:02:40-04:00,escalator_reclaimed_long_shadow,escalator_reclaimed_long_shadow_v1_20260510,PAPER,SELL,DHR,LONG,26,188.5050,4901.13,PAPER,success,shadow_exit,2026-07-23T10:50:00-04:00,2026-07-23T11:00:00-04:00,True
2026-07-23T11:24:41-04:00,escalator_reclaimed_shadow,escalator_reclaimed_bidirectional_v1_20260510,PAPER,SELLSHORT,YUM,SHORT,33,148.6700,4906.11,PAPER,success,entry,2026-07-23T11:20:00-04:00,2026-07-23T11:30:00-04:00,True
2026-07-23T11:37:24-04:00,escalator_reclaimed_shadow,escalator_reclaimed_bidirectional_v1_20260510,PAPER,BUYTOCOVER,YUM,SHORT,33,148.5100,4900.83,PAPER,success,shadow_exit,2026-07-23T11:20:00-04:00,2026-07-23T11:30:00-04:00,True
2026-07-24T10:15:08-04:00,escalator_reclaimed_shadow,escalator_reclaimed_bidirectional_v1_20260510,PAPER,SELLSHORT,GLW,SHORT,33,149.9700,4949.01,PAPER,success,entry,2026-07-24T10:10:00-04:00,2026-07-24T10:20:00-04:00,True
2026-07-24T10:15:09-04:00,escalator_reclaimed_long_shadow,escalator_reclaimed_long_shadow_v1_20260510,PAPER,BUY,CRWD,LONG,27,184.0000,4968.00,PAPER,success,entry,2026-07-24T10:10:00-04:00,2026-07-24T10:20:00-04:00,True
2026-07-24T10:26:09-04:00,escalator_reclaimed_shadow,escalator_reclaimed_bidirectional_v1_20260510,PAPER,BUYTOCOVER,GLW,SHORT,33,148.8300,4911.39,PAPER,success,shadow_exit,2026-07-24T10:10:00-04:00,2026-07-24T10:20:00-04:00,True
2026-07-24T10:26:09-04:00,escalator_reclaimed_shadow,escalator_reclaimed_bidirectional_v1_20260510,PAPER,BUY,NBIS,LONG,24,201.4700,4835.28,PAPER,success,entry,2026-07-24T10:20:00-04:00,2026-07-24T10:30:00-04:00,True
2026-07-24T10:26:36-04:00,escalator_reclaimed_long_shadow,escalator_reclaimed_long_shadow_v1_20260510,PAPER,SELL,CRWD,LONG,27,183.2250,4947.07,PAPER,success,shadow_exit,2026-07-24T10:10:00-04:00,2026-07-24T10:20:00-04:00,True
2026-07-24T10:26:36-04:00,escalator_reclaimed_long_shadow,escalator_reclaimed_long_shadow_v1_20260510,PAPER,BUY,NBIS,LONG,24,201.4700,4835.28,PAPER,success,entry,2026-07-24T10:20:00-04:00,2026-07-24T10:30:00-04:00,True
2026-07-24T10:37:09-04:00,escalator_reclaimed_shadow,escalator_reclaimed_bidirectional_v1_20260510,PAPER,SELL,NBIS,LONG,24,196.7000,4720.80,PAPER,success,shadow_exit,2026-07-24T10:20:00-04:00,2026-07-24T10:30:00-04:00,True
2026-07-24T10:37:10-04:00,escalator_reclaimed_long_shadow,escalator_reclaimed_long_shadow_v1_20260510,PAPER,SELL,NBIS,LONG,24,196.7000,4720.80,PAPER,success,shadow_exit,2026-07-24T10:20:00-04:00,2026-07-24T10:30:00-04:00,True
2026-07-24T10:47:25-04:00,escalator_reclaimed_shadow,escalator_reclaimed_bidirectional_v1_20260510,PAPER,SELLSHORT,ASTS,SHORT,89,56.0950,4992.45,PAPER,success,entry,2026-07-24T10:40:00-04:00,2026-07-24T10:50:00-04:00,True
2026-07-24T10:47:26-04:00,escalator_reclaimed_long_shadow,escalator_reclaimed_long_shadow_v1_20260510,PAPER,BUY,MDB,LONG,17,292.1900,4967.23,PAPER,success,entry,2026-07-24T10:40:00-04:00,2026-07-24T10:50:00-04:00,True
2026-07-24T11:00:37-04:00,escalator_reclaimed_shadow,escalator_reclaimed_bidirectional_v1_20260510,PAPER,BUYTOCOVER,ASTS,SHORT,89,56.7670,5052.26,PAPER,success,shadow_exit,2026-07-24T10:40:00-04:00,2026-07-24T10:50:00-04:00,True
2026-07-24T11:00:38-04:00,escalator_reclaimed_long_shadow,escalator_reclaimed_long_shadow_v1_20260510,PAPER,SELL,MDB,LONG,17,295.1900,5018.23,PAPER,success,shadow_exit,2026-07-24T10:40:00-04:00,2026-07-24T10:50:00-04:00,True
2026-07-27T10:15:00-04:00,escalator_reclaimed_shadow,escalator_reclaimed_bidirectional_v1_20260510,PAPER,SELLSHORT,SNDK,SHORT,3,1307.1828,3921.55,PAPER,success,entry,2026-07-27T10:10:00-04:00,2026-07-27T10:20:00-04:00,True
2026-07-27T10:15:00-04:00,escalator_reclaimed_long_shadow,escalator_reclaimed_long_shadow_v1_20260510,PAPER,BUY,MDB,LONG,16,311.8900,4990.24,PAPER,success,entry,2026-07-27T10:10:00-04:00,2026-07-27T10:20:00-04:00,True
2026-07-27T10:25:21-04:00,escalator_reclaimed_shadow,escalator_reclaimed_bidirectional_v1_20260510,PAPER,BUYTOCOVER,SNDK,SHORT,3,1297.7800,3893.34,PAPER,success,shadow_exit,2026-07-27T10:10:00-04:00,2026-07-27T10:20:00-04:00,True
2026-07-27T10:25:22-04:00,escalator_reclaimed_long_shadow,escalator_reclaimed_long_shadow_v1_20260510,PAPER,SELL,MDB,LONG,16,309.8800,4958.08,PAPER,success,shadow_exit,2026-07-27T10:10:00-04:00,2026-07-27T10:20:00-04:00,True
2026-07-27T10:35:31-04:00,escalator_reclaimed_shadow,escalator_reclaimed_bidirectional_v1_20260510,PAPER,BUY,CPNG,LONG,318,15.6950,4991.01,PAPER,success,entry,2026-07-27T10:30:00-04:00,2026-07-27T10:40:00-04:00,True
2026-07-27T10:35:32-04:00,escalator_reclaimed_long_shadow,escalator_reclaimed_long_shadow_v1_20260510,PAPER,BUY,CPNG,LONG,318,15.6950,4991.01,PAPER,success,entry,2026-07-27T10:30:00-04:00,2026-07-27T10:40:00-04:00,True
2026-07-27T10:45:35-04:00,escalator_reclaimed_shadow,escalator_reclaimed_bidirectional_v1_20260510,PAPER,SELL,CPNG,LONG,318,15.7650,5013.27,PAPER,success,shadow_exit,2026-07-27T10:30:00-04:00,2026-07-27T10:40:00-04:00,True
2026-07-27T10:45:35-04:00,escalator_reclaimed_shadow,escalator_reclaimed_bidirectional_v1_20260510,PAPER,BUY,RKT,LONG,373,13.3750,4988.88,PAPER,success,entry,2026-07-27T10:40:00-04:00,2026-07-27T10:50:00-04:00,True
2026-07-27T10:45:36-04:00,escalator_reclaimed_long_shadow,escalator_reclaimed_long_shadow_v1_20260510,PAPER,SELL,CPNG,LONG,318,15.7650,5013.27,PAPER,success,shadow_exit,2026-07-27T10:30:00-04:00,2026-07-27T10:40:00-04:00,True
2026-07-27T10:45:36-04:00,escalator_reclaimed_long_shadow,escalator_reclaimed_long_shadow_v1_20260510,PAPER,BUY,RKT,LONG,373,13.3750,4988.88,PAPER,success,entry,2026-07-27T10:40:00-04:00,2026-07-27T10:50:00-04:00,True
2026-07-27T10:55:38-04:00,escalator_reclaimed_shadow,escalator_reclaimed_bidirectional_v1_20260510,PAPER,SELL,RKT,LONG,373,13.3350,4973.95,PAPER,success,shadow_exit,2026-07-27T10:40:00-04:00,2026-07-27T10:50:00-04:00,True
2026-07-27T10:55:39-04:00,escalator_reclaimed_long_shadow,escalator_reclaimed_long_shadow_v1_20260510,PAPER,SELL,RKT,LONG,373,13.3350,4973.95,PAPER,success,shadow_exit,2026-07-27T10:40:00-04:00,2026-07-27T10:50:00-04:00,True
2026-07-27T11:05:47-04:00,escalator_reclaimed_shadow,escalator_reclaimed_bidirectional_v1_20260510,PAPER,BUY,BE,LONG,27,184.3950,4978.66,PAPER,success,entry,2026-07-27T11:00:00-04:00,2026-07-27T11:10:00-04:00,True
2026-07-27T11:16:08-04:00,escalator_reclaimed_shadow,escalator_reclaimed_bidirectional_v1_20260510,PAPER,SELL,BE,LONG,27,180.2100,4865.67,PAPER,success,shadow_exit,2026-07-27T11:00:00-04:00,2026-07-27T11:10:00-04:00,True
2026-07-28T10:19:13-04:00,escalator_reclaimed_shadow,escalator_reclaimed_bidirectional_v1_20260510,PAPER,SELLSHORT,SNDK,SHORT,4,1079.5500,4318.20,PAPER,success,entry,2026-07-28T10:10:00-04:00,2026-07-28T10:20:00-04:00,True
2026-07-28T10:19:14-04:00,escalator_reclaimed_long_shadow,escalator_reclaimed_long_shadow_v1_20260510,PAPER,BUY,CRCL,LONG,79,62.7400,4956.46,PAPER,success,entry,2026-07-28T10:10:00-04:00,2026-07-28T10:20:00-04:00,True
2026-07-28T10:29:18-04:00,escalator_reclaimed_shadow,escalator_reclaimed_bidirectional_v1_20260510,PAPER,BUYTOCOVER,SNDK,SHORT,4,1081.9500,4327.80,PAPER,success,shadow_exit,2026-07-28T10:10:00-04:00,2026-07-28T10:20:00-04:00,True
2026-07-28T10:29:20-04:00,escalator_reclaimed_long_shadow,escalator_reclaimed_long_shadow_v1_20260510,PAPER,SELL,CRCL,LONG,79,62.3350,4924.47,PAPER,success,shadow_exit,2026-07-28T10:10:00-04:00,2026-07-28T10:20:00-04:00,True
2026-07-28T10:39:31-04:00,escalator_reclaimed_shadow,escalator_reclaimed_bidirectional_v1_20260510,PAPER,BUY,CRWD,LONG,28,176.0600,4929.68,PAPER,success,entry,2026-07-28T10:30:00-04:00,2026-07-28T10:40:00-04:00,True
2026-07-28T10:39:31-04:00,escalator_reclaimed_long_shadow,escalator_reclaimed_long_shadow_v1_20260510,PAPER,BUY,CRWD,LONG,28,176.0600,4929.68,PAPER,success,entry,2026-07-28T10:30:00-04:00,2026-07-28T10:40:00-04:00,True
2026-07-28T10:49:38-04:00,escalator_reclaimed_shadow,escalator_reclaimed_bidirectional_v1_20260510,PAPER,SELL,CRWD,LONG,28,178.0250,4984.70,PAPER,success,shadow_exit,2026-07-28T10:30:00-04:00,2026-07-28T10:40:00-04:00,True
2026-07-28T10:49:38-04:00,escalator_reclaimed_shadow,escalator_reclaimed_bidirectional_v1_20260510,PAPER,BUY,CLS,LONG,15,324.0550,4860.82,PAPER,success,entry,2026-07-28T10:40:00-04:00,2026-07-28T10:50:00-04:00,True
2026-07-28T10:49:39-04:00,escalator_reclaimed_long_shadow,escalator_reclaimed_long_shadow_v1_20260510,PAPER,SELL,CRWD,LONG,28,178.0250,4984.70,PAPER,success,shadow_exit,2026-07-28T10:30:00-04:00,2026-07-28T10:40:00-04:00,True
2026-07-28T10:49:39-04:00,escalator_reclaimed_long_shadow,escalator_reclaimed_long_shadow_v1_20260510,PAPER,BUY,CLS,LONG,15,324.0550,4860.82,PAPER,success,entry,2026-07-28T10:40:00-04:00,2026-07-28T10:50:00-04:00,True
2026-07-28T10:59:42-04:00,escalator_reclaimed_shadow,escalator_reclaimed_bidirectional_v1_20260510,PAPER,SELL,CLS,LONG,15,328.1800,4922.70,PAPER,success,shadow_exit,2026-07-28T10:40:00-04:00,2026-07-28T10:50:00-04:00,True
2026-07-28T10:59:43-04:00,escalator_reclaimed_long_shadow,escalator_reclaimed_long_shadow_v1_20260510,PAPER,SELL,CLS,LONG,15,328.1800,4922.70,PAPER,success,shadow_exit,2026-07-28T10:40:00-04:00,2026-07-28T10:50:00-04:00,True
2026-07-28T11:09:53-04:00,escalator_reclaimed_shadow,escalator_reclaimed_bidirectional_v1_20260510,PAPER,SELLSHORT,INTU,SHORT,15,316.0200,4740.30,PAPER,success,entry,2026-07-28T11:00:00-04:00,2026-07-28T11:10:00-04:00,True
2026-07-28T11:19:58-04:00,escalator_reclaimed_shadow,escalator_reclaimed_bidirectional_v1_20260510,PAPER,BUYTOCOVER,INTU,SHORT,15,317.0900,4756.35,PAPER,success,shadow_exit,2026-07-28T11:00:00-04:00,2026-07-28T11:10:00-04:00,True
2026-07-29T10:28:15-04:00,escalator_reclaimed_shadow,escalator_reclaimed_bidirectional_v1_20260510,PAPER,SELLSHORT,STX,SHORT,6,760.4900,4562.94,PAPER,success,entry,2026-07-29T10:20:00-04:00,2026-07-29T10:30:00-04:00,True
2026-07-29T10:28:22-04:00,escalator_reclaimed_long_shadow,escalator_reclaimed_long_shadow_v1_20260510,PAPER,BUY,GM,LONG,54,91.5500,4943.70,PAPER,success,entry,2026-07-29T10:20:00-04:00,2026-07-29T10:30:00-04:00,True
2026-07-29T10:38:35-04:00,escalator_reclaimed_shadow,escalator_reclaimed_bidirectional_v1_20260510,PAPER,BUYTOCOVER,STX,SHORT,6,765.9250,4595.55,PAPER,success,shadow_exit,2026-07-29T10:20:00-04:00,2026-07-29T10:30:00-04:00,True
2026-07-29T10:38:35-04:00,escalator_reclaimed_shadow,escalator_reclaimed_bidirectional_v1_20260510,PAPER,SELLSHORT,STRL,SHORT,9,518.9300,4670.37,PAPER,success,entry,2026-07-29T10:30:00-04:00,2026-07-29T10:40:00-04:00,True
2026-07-29T10:38:36-04:00,escalator_reclaimed_long_shadow,escalator_reclaimed_long_shadow_v1_20260510,PAPER,SELL,GM,LONG,54,90.8700,4906.98,PAPER,success,shadow_exit,2026-07-29T10:20:00-04:00,2026-07-29T10:30:00-04:00,True
2026-07-29T10:38:36-04:00,escalator_reclaimed_long_shadow,escalator_reclaimed_long_shadow_v1_20260510,PAPER,BUY,PLTR,LONG,40,123.6000,4944.00,PAPER,success,entry,2026-07-29T10:30:00-04:00,2026-07-29T10:40:00-04:00,True
2026-07-29T10:50:05-04:00,escalator_reclaimed_shadow,escalator_reclaimed_bidirectional_v1_20260510,PAPER,BUYTOCOVER,STRL,SHORT,9,522.3700,4701.33,PAPER,success,shadow_exit,2026-07-29T10:30:00-04:00,2026-07-29T10:40:00-04:00,True
2026-07-29T10:50:07-04:00,escalator_reclaimed_long_shadow,escalator_reclaimed_long_shadow_v1_20260510,PAPER,SELL,PLTR,LONG,40,124.0000,4960.00,PAPER,success,shadow_exit,2026-07-29T10:30:00-04:00,2026-07-29T10:40:00-04:00,True
2026-07-29T11:06:41-04:00,escalator_reclaimed_shadow,escalator_reclaimed_bidirectional_v1_20260510,PAPER,BUY,ENTG,LONG,44,111.8550,4921.62,PAPER,success,entry,2026-07-29T11:00:00-04:00,2026-07-29T11:10:00-04:00,True
2026-07-29T11:19:05-04:00,escalator_reclaimed_shadow,escalator_reclaimed_bidirectional_v1_20260510,PAPER,SELL,ENTG,LONG,44,111.3600,4899.84,PAPER,success,shadow_exit,2026-07-29T11:00:00-04:00,2026-07-29T11:10:00-04:00,True
2026-07-30T10:15:28-04:00,escalator_reclaimed_shadow,escalator_reclaimed_bidirectional_v1_20260510,PAPER,BUY,BE,LONG,24,206.6100,4958.64,PAPER,success,entry,2026-07-30T10:10:00-04:00,2026-07-30T10:20:00-04:00,True
2026-07-30T10:15:29-04:00,escalator_reclaimed_long_shadow,escalator_reclaimed_long_shadow_v1_20260510,PAPER,BUY,TSEM,LONG,23,209.3900,4815.97,PAPER,success,entry,2026-07-30T10:10:00-04:00,2026-07-30T10:20:00-04:00,True
2026-07-30T10:25:46-04:00,escalator_reclaimed_shadow,escalator_reclaimed_bidirectional_v1_20260510,PAPER,SELL,BE,LONG,24,212.1200,5090.88,PAPER,success,shadow_exit,2026-07-30T10:10:00-04:00,2026-07-30T10:20:00-04:00,True
2026-07-30T10:25:46-04:00,escalator_reclaimed_shadow,escalator_reclaimed_bidirectional_v1_20260510,PAPER,SELLSHORT,NOW,SHORT,46,107.8250,4959.95,PAPER,success,entry,2026-07-30T10:20:00-04:00,2026-07-30T10:30:00-04:00,True
2026-07-30T10:25:47-04:00,escalator_reclaimed_long_shadow,escalator_reclaimed_long_shadow_v1_20260510,PAPER,SELL,TSEM,LONG,23,210.8000,4848.40,PAPER,success,shadow_exit,2026-07-30T10:10:00-04:00,2026-07-30T10:20:00-04:00,True
2026-07-30T10:25:47-04:00,escalator_reclaimed_long_shadow,escalator_reclaimed_long_shadow_v1_20260510,PAPER,BUY,META,LONG,9,533.9450,4805.51,PAPER,success,entry,2026-07-30T10:20:00-04:00,2026-07-30T10:30:00-04:00,True
2026-07-30T10:35:51-04:00,escalator_reclaimed_shadow,escalator_reclaimed_bidirectional_v1_20260510,PAPER,BUYTOCOVER,NOW,SHORT,46,106.8500,4915.10,PAPER,success,shadow_exit,2026-07-30T10:20:00-04:00,2026-07-30T10:30:00-04:00,True
2026-07-30T10:35:53-04:00,escalator_reclaimed_long_shadow,escalator_reclaimed_long_shadow_v1_20260510,PAPER,SELL,META,LONG,9,530.3150,4772.84,PAPER,success,shadow_exit,2026-07-30T10:20:00-04:00,2026-07-30T10:30:00-04:00,True
2026-07-30T10:46:37-04:00,escalator_reclaimed_shadow,escalator_reclaimed_bidirectional_v1_20260510,PAPER,BUY,RDDT,LONG,28,177.1000,4958.80,PAPER,success,entry,2026-07-30T10:40:00-04:00,2026-07-30T10:50:00-04:00,True
2026-07-30T10:46:38-04:00,escalator_reclaimed_long_shadow,escalator_reclaimed_long_shadow_v1_20260510,PAPER,BUY,RDDT,LONG,28,177.1000,4958.80,PAPER,success,entry,2026-07-30T10:40:00-04:00,2026-07-30T10:50:00-04:00,True
2026-07-30T10:53:43-04:00,escalator_reclaimed_shadow,escalator_reclaimed_bidirectional_v1_20260510,PAPER,SELL,RDDT,LONG,28,177.6100,4973.08,PAPER,success,shadow_exit,2026-07-30T10:40:00-04:00,2026-07-30T10:50:00-04:00,True
2026-07-30T10:53:43-04:00,escalator_reclaimed_shadow,escalator_reclaimed_bidirectional_v1_20260510,PAPER,SELLSHORT,DASH,SHORT,26,190.8100,4961.06,PAPER,success,entry,2026-07-30T10:50:00-04:00,2026-07-30T11:00:00-04:00,True
2026-07-30T10:53:44-04:00,escalator_reclaimed_long_shadow,escalator_reclaimed_long_shadow_v1_20260510,PAPER,SELL,RDDT,LONG,28,177.6100,4973.08,PAPER,success,shadow_exit,2026-07-30T10:40:00-04:00,2026-07-30T10:50:00-04:00,True
2026-07-30T11:06:51-04:00,escalator_reclaimed_shadow,escalator_reclaimed_bidirectional_v1_20260510,PAPER,BUYTOCOVER,DASH,SHORT,26,190.9500,4964.70,PAPER,success,shadow_exit,2026-07-30T10:50:00-04:00,2026-07-30T11:00:00-04:00,True
2026-07-31T10:12:02-04:00,escalator_reclaimed_shadow,escalator_reclaimed_bidirectional_v1_20260510,PAPER,BUY,NBIS,LONG,26,189.8300,4935.58,PAPER,success,entry,2026-07-31T10:10:00-04:00,2026-07-31T10:20:00-04:00,True
2026-07-31T10:12:02-04:00,escalator_reclaimed_long_shadow,escalator_reclaimed_long_shadow_v1_20260510,PAPER,BUY,NBIS,LONG,26,189.8300,4935.58,PAPER,success,entry,2026-07-31T10:10:00-04:00,2026-07-31T10:20:00-04:00,True
2026-07-31T10:22:42-04:00,escalator_reclaimed_shadow,escalator_reclaimed_bidirectional_v1_20260510,PAPER,SELL,NBIS,LONG,26,190.4550,4951.83,PAPER,success,shadow_exit,2026-07-31T10:10:00-04:00,2026-07-31T10:20:00-04:00,True
2026-07-31T10:23:03-04:00,escalator_reclaimed_long_shadow,escalator_reclaimed_long_shadow_v1_20260510,PAPER,SELL,NBIS,LONG,26,190.4550,4951.83,PAPER,success,shadow_exit,2026-07-31T10:10:00-04:00,2026-07-31T10:20:00-04:00,True
2026-07-31T10:33:40-04:00,escalator_reclaimed_shadow,escalator_reclaimed_bidirectional_v1_20260510,PAPER,BUY,NBIS,LONG,26,191.3812,4975.91,PAPER,success,entry,2026-07-31T10:30:00-04:00,2026-07-31T10:40:00-04:00,True
2026-07-31T10:33:40-04:00,escalator_reclaimed_long_shadow,escalator_reclaimed_long_shadow_v1_20260510,PAPER,BUY,NBIS,LONG,26,191.3812,4975.91,PAPER,success,entry,2026-07-31T10:30:00-04:00,2026-07-31T10:40:00-04:00,True
2026-07-31T10:43:50-04:00,escalator_reclaimed_shadow,escalator_reclaimed_bidirectional_v1_20260510,PAPER,SELL,NBIS,LONG,26,190.4550,4951.83,PAPER,success,shadow_exit,2026-07-31T10:30:00-04:00,2026-07-31T10:40:00-04:00,True
2026-07-31T10:43:50-04:00,escalator_reclaimed_shadow,escalator_reclaimed_bidirectional_v1_20260510,PAPER,BUY,ACN,LONG,30,162.5500,4876.50,PAPER,success,entry,2026-07-31T10:40:00-04:00,2026-07-31T10:50:00-04:00,True
2026-07-31T10:43:51-04:00,escalator_reclaimed_long_shadow,escalator_reclaimed_long_shadow_v1_20260510,PAPER,SELL,NBIS,LONG,26,190.4550,4951.83,PAPER,success,shadow_exit,2026-07-31T10:30:00-04:00,2026-07-31T10:40:00-04:00,True
2026-07-31T10:43:51-04:00,escalator_reclaimed_long_shadow,escalator_reclaimed_long_shadow_v1_20260510,PAPER,BUY,ACN,LONG,30,162.5500,4876.50,PAPER,success,entry,2026-07-31T10:40:00-04:00,2026-07-31T10:50:00-04:00,True
2026-07-31T10:52:58-04:00,escalator_reclaimed_shadow,escalator_reclaimed_bidirectional_v1_20260510,PAPER,SELL,ACN,LONG,30,162.5300,4875.90,PAPER,success,shadow_exit,2026-07-31T10:40:00-04:00,2026-07-31T10:50:00-04:00,True
2026-07-31T10:52:59-04:00,escalator_reclaimed_long_shadow,escalator_reclaimed_long_shadow_v1_20260510,PAPER,SELL,ACN,LONG,30,162.5300,4875.90,PAPER,success,shadow_exit,2026-07-31T10:40:00-04:00,2026-07-31T10:50:00-04:00,True
2026-07-31T11:04:08-04:00,escalator_reclaimed_shadow,escalator_reclaimed_bidirectional_v1_20260510,PAPER,BUY,PWR,LONG,7,670.1200,4690.84,PAPER,success,entry,2026-07-31T11:00:00-04:00,2026-07-31T11:10:00-04:00,True
2026-07-31T11:14:13-04:00,escalator_reclaimed_shadow,escalator_reclaimed_bidirectional_v1_20260510,PAPER,SELL,PWR,LONG,7,666.8300,4667.81,PAPER,success,shadow_exit,2026-07-31T11:00:00-04:00,2026-07-31T11:10:00-04:00,True
2026-08-03T10:14:47-04:00,escalator_reclaimed_shadow,escalator_reclaimed_bidirectional_v1_20260510,PAPER,BUY,BE,LONG,23,210.5100,4841.73,PAPER,success,entry,2026-08-03T10:10:00-04:00,2026-08-03T10:20:00-04:00,True
2026-08-03T10:14:48-04:00,escalator_reclaimed_long_shadow,escalator_reclaimed_long_shadow_v1_20260510,PAPER,BUY,MU,LONG,6,789.7550,4738.53,PAPER,success,entry,2026-08-03T10:10:00-04:00,2026-08-03T10:20:00-04:00,True
2026-08-03T10:24:51-04:00,escalator_reclaimed_shadow,escalator_reclaimed_bidirectional_v1_20260510,PAPER,SELL,BE,LONG,23,218.2250,5019.18,PAPER,success,shadow_exit,2026-08-03T10:10:00-04:00,2026-08-03T10:20:00-04:00,True
2026-08-03T10:24:52-04:00,escalator_reclaimed_long_shadow,escalator_reclaimed_long_shadow_v1_20260510,PAPER,SELL,MU,LONG,6,810.1327,4860.80,PAPER,success,shadow_exit,2026-08-03T10:10:00-04:00,2026-08-03T10:20:00-04:00,True
2026-08-03T10:35:06-04:00,escalator_reclaimed_shadow,escalator_reclaimed_bidirectional_v1_20260510,PAPER,BUY,WDC,LONG,9,520.7800,4687.02,PAPER,success,entry,2026-08-03T10:30:00-04:00,2026-08-03T10:40:00-04:00,True
2026-08-03T10:35:06-04:00,escalator_reclaimed_long_shadow,escalator_reclaimed_long_shadow_v1_20260510,PAPER,BUY,WDC,LONG,9,520.7800,4687.02,PAPER,success,entry,2026-08-03T10:30:00-04:00,2026-08-03T10:40:00-04:00,True
2026-08-03T10:45:16-04:00,escalator_reclaimed_shadow,escalator_reclaimed_bidirectional_v1_20260510,PAPER,SELL,WDC,LONG,9,519.3050,4673.74,PAPER,success,shadow_exit,2026-08-03T10:30:00-04:00,2026-08-03T10:40:00-04:00,True
2026-08-03T10:45:16-04:00,escalator_reclaimed_shadow,escalator_reclaimed_bidirectional_v1_20260510,PAPER,BUY,ACN,LONG,29,166.8700,4839.23,PAPER,success,entry,2026-08-03T10:40:00-04:00,2026-08-03T10:50:00-04:00,True
2026-08-03T10:45:16-04:00,escalator_reclaimed_long_shadow,escalator_reclaimed_long_shadow_v1_20260510,PAPER,SELL,WDC,LONG,9,519.3050,4673.74,PAPER,success,shadow_exit,2026-08-03T10:30:00-04:00,2026-08-03T10:40:00-04:00,True
2026-08-03T10:45:16-04:00,escalator_reclaimed_long_shadow,escalator_reclaimed_long_shadow_v1_20260510,PAPER,BUY,ACN,LONG,29,166.8700,4839.23,PAPER,success,entry,2026-08-03T10:40:00-04:00,2026-08-03T10:50:00-04:00,True
2026-08-03T10:55:20-04:00,escalator_reclaimed_shadow,escalator_reclaimed_bidirectional_v1_20260510,PAPER,SELL,ACN,LONG,29,166.2050,4819.95,PAPER,success,shadow_exit,2026-08-03T10:40:00-04:00,2026-08-03T10:50:00-04:00,True
2026-08-03T10:55:21-04:00,escalator_reclaimed_long_shadow,escalator_reclaimed_long_shadow_v1_20260510,PAPER,SELL,ACN,LONG,29,166.2050,4819.95,PAPER,success,shadow_exit,2026-08-03T10:40:00-04:00,2026-08-03T10:50:00-04:00,True
2026-08-04T10:17:21-04:00,escalator_reclaimed_shadow,escalator_reclaimed_bidirectional_v1_20260510,PAPER,SELLSHORT,MRNA,SHORT,88,56.4700,4969.36,PAPER,success,entry,2026-08-04T10:10:00-04:00,2026-08-04T10:20:00-04:00,True
2026-08-04T10:17:22-04:00,escalator_reclaimed_long_shadow,escalator_reclaimed_long_shadow_v1_20260510,PAPER,BUY,NOW,LONG,43,115.1400,4951.02,PAPER,success,entry,2026-08-04T10:10:00-04:00,2026-08-04T10:20:00-04:00,True
2026-08-04T10:29:04-04:00,escalator_reclaimed_shadow,escalator_reclaimed_bidirectional_v1_20260510,PAPER,BUYTOCOVER,MRNA,SHORT,88,55.9800,4926.24,PAPER,success,shadow_exit,2026-08-04T10:10:00-04:00,2026-08-04T10:20:00-04:00,True
2026-08-04T10:29:05-04:00,escalator_reclaimed_long_shadow,escalator_reclaimed_long_shadow_v1_20260510,PAPER,SELL,NOW,LONG,43,115.5300,4967.79,PAPER,success,shadow_exit,2026-08-04T10:10:00-04:00,2026-08-04T10:20:00-04:00,True
2026-08-04T10:43:06-04:00,escalator_reclaimed_shadow,escalator_reclaimed_bidirectional_v1_20260510,PAPER,BUY,CRWV,LONG,54,91.1348,4921.28,PAPER,success,entry,2026-08-04T10:40:00-04:00,2026-08-04T10:50:00-04:00,True
2026-08-04T10:43:07-04:00,escalator_reclaimed_long_shadow,escalator_reclaimed_long_shadow_v1_20260510,PAPER,BUY,CRWV,LONG,54,91.1348,4921.28,PAPER,success,entry,2026-08-04T10:40:00-04:00,2026-08-04T10:50:00-04:00,True
2026-08-04T10:55:00-04:00,escalator_reclaimed_shadow,escalator_reclaimed_bidirectional_v1_20260510,PAPER,SELL,CRWV,LONG,54,91.1400,4921.56,PAPER,success,shadow_exit,2026-08-04T10:40:00-04:00,2026-08-04T10:50:00-04:00,True
2026-08-04T10:55:00-04:00,escalator_reclaimed_shadow,escalator_reclaimed_bidirectional_v1_20260510,PAPER,SELLSHORT,NET,SHORT,16,296.5900,4745.44,PAPER,success,entry,2026-08-04T10:50:00-04:00,2026-08-04T11:00:00-04:00,True
2026-08-04T10:55:02-04:00,escalator_reclaimed_long_shadow,escalator_reclaimed_long_shadow_v1_20260510,PAPER,SELL,CRWV,LONG,54,91.1400,4921.56,PAPER,success,shadow_exit,2026-08-04T10:40:00-04:00,2026-08-04T10:50:00-04:00,True
2026-08-04T10:55:02-04:00,escalator_reclaimed_long_shadow,escalator_reclaimed_long_shadow_v1_20260510,PAPER,BUY,FANG,LONG,26,192.1900,4996.94,PAPER,success,entry,2026-08-04T10:50:00-04:00,2026-08-04T11:00:00-04:00,True
2026-08-04T11:07:50-04:00,escalator_reclaimed_shadow,escalator_reclaimed_bidirectional_v1_20260510,PAPER,BUYTOCOVER,NET,SHORT,16,298.9800,4783.68,PAPER,success,shadow_exit,2026-08-04T10:50:00-04:00,2026-08-04T11:00:00-04:00,True
2026-08-04T11:07:52-04:00,escalator_reclaimed_long_shadow,escalator_reclaimed_long_shadow_v1_20260510,PAPER,SELL,FANG,LONG,26,192.6100,5007.86,PAPER,success,shadow_exit,2026-08-04T10:50:00-04:00,2026-08-04T11:00:00-04:00,True
2026-08-05T10:18:47-04:00,escalator_reclaimed_shadow,escalator_reclaimed_bidirectional_v1_20260510,PAPER,SELLSHORT,BE,SHORT,21,237.1850,4980.89,PAPER,success,entry,2026-08-05T10:10:00-04:00,2026-08-05T10:20:00-04:00,True
2026-08-05T10:18:47-04:00,escalator_reclaimed_long_shadow,escalator_reclaimed_long_shadow_v1_20260510,PAPER,BUY,TRI,LONG,46,108.2700,4980.42,PAPER,success,entry,2026-08-05T10:10:00-04:00,2026-08-05T10:20:00-04:00,True
2026-08-05T10:32:18-04:00,escalator_reclaimed_shadow,escalator_reclaimed_bidirectional_v1_20260510,PAPER,BUYTOCOVER,BE,SHORT,21,235.3925,4943.24,PAPER,success,shadow_exit,2026-08-05T10:10:00-04:00,2026-08-05T10:20:00-04:00,True
2026-08-05T10:32:21-04:00,escalator_reclaimed_long_shadow,escalator_reclaimed_long_shadow_v1_20260510,PAPER,SELL,TRI,LONG,46,107.5600,4947.76,PAPER,success,shadow_exit,2026-08-05T10:10:00-04:00,2026-08-05T10:20:00-04:00,True
2026-08-05T10:42:52-04:00,escalator_reclaimed_shadow,escalator_reclaimed_bidirectional_v1_20260510,PAPER,SELLSHORT,TEAM,SHORT,45,110.9100,4990.95,PAPER,success,entry,2026-08-05T10:40:00-04:00,2026-08-05T10:50:00-04:00,True
2026-08-05T10:42:53-04:00,escalator_reclaimed_long_shadow,escalator_reclaimed_long_shadow_v1_20260510,PAPER,BUY,UAL,LONG,37,134.7700,4986.49,PAPER,success,entry,2026-08-05T10:40:00-04:00,2026-08-05T10:50:00-04:00,True
2026-08-05T10:54:51-04:00,escalator_reclaimed_shadow,escalator_reclaimed_bidirectional_v1_20260510,PAPER,BUYTOCOVER,TEAM,SHORT,45,110.4425,4969.91,PAPER,success,shadow_exit,2026-08-05T10:40:00-04:00,2026-08-05T10:50:00-04:00,True
2026-08-05T10:54:51-04:00,escalator_reclaimed_shadow,escalator_reclaimed_bidirectional_v1_20260510,PAPER,BUY,FSLR,LONG,21,237.5000,4987.50,PAPER,success,entry,2026-08-05T10:50:00-04:00,2026-08-05T11:00:00-04:00,True
2026-08-05T10:54:52-04:00,escalator_reclaimed_long_shadow,escalator_reclaimed_long_shadow_v1_20260510,PAPER,SELL,UAL,LONG,37,134.4625,4975.11,PAPER,success,shadow_exit,2026-08-05T10:40:00-04:00,2026-08-05T10:50:00-04:00,True
2026-08-05T10:54:52-04:00,escalator_reclaimed_long_shadow,escalator_reclaimed_long_shadow_v1_20260510,PAPER,BUY,FSLR,LONG,21,237.5000,4987.50,PAPER,success,entry,2026-08-05T10:50:00-04:00,2026-08-05T11:00:00-04:00,True
2026-08-05T11:05:39-04:00,escalator_reclaimed_shadow,escalator_reclaimed_bidirectional_v1_20260510,PAPER,SELL,FSLR,LONG,21,236.4500,4965.45,PAPER,success,shadow_exit,2026-08-05T10:50:00-04:00,2026-08-05T11:00:00-04:00,True
2026-08-05T11:06:03-04:00,escalator_reclaimed_long_shadow,escalator_reclaimed_long_shadow_v1_20260510,PAPER,SELL,FSLR,LONG,21,236.4500,4965.45,PAPER,success,shadow_exit,2026-08-05T10:50:00-04:00,2026-08-05T11:00:00-04:00,True
2026-08-06T10:19:55-04:00,escalator_reclaimed_shadow,escalator_reclaimed_bidirectional_v1_20260510,PAPER,BUY,WDC,LONG,10,463.0000,4630.00,PAPER,success,entry,2026-08-06T10:10:00-04:00,2026-08-06T10:20:00-04:00,True
2026-08-06T10:19:56-04:00,escalator_reclaimed_long_shadow,escalator_reclaimed_long_shadow_v1_20260510,PAPER,BUY,WDC,LONG,10,463.0000,4630.00,PAPER,success,entry,2026-08-06T10:10:00-04:00,2026-08-06T10:20:00-04:00,True
2026-08-06T10:22:11-04:00,escalator_reclaimed_shadow,escalator_reclaimed_bidirectional_v1_20260510,PAPER,SELL,WDC,LONG,10,461.5100,4615.10,PAPER,success,shadow_exit,2026-08-06T10:10:00-04:00,2026-08-06T10:20:00-04:00,True
2026-08-06T10:22:12-04:00,escalator_reclaimed_long_shadow,escalator_reclaimed_long_shadow_v1_20260510,PAPER,SELL,WDC,LONG,10,461.5100,4615.10,PAPER,success,shadow_exit,2026-08-06T10:10:00-04:00,2026-08-06T10:20:00-04:00,True
2026-08-06T10:40:16-04:00,escalator_reclaimed_shadow,escalator_reclaimed_bidirectional_v1_20260510,PAPER,SELLSHORT,CLS,SHORT,15,321.9201,4828.80,PAPER,success,entry,2026-08-06T10:40:00-04:00,2026-08-06T10:50:00-04:00,True
2026-08-06T10:50:25-04:00,escalator_reclaimed_shadow,escalator_reclaimed_bidirectional_v1_20260510,PAPER,BUYTOCOVER,CLS,SHORT,15,318.3450,4775.18,PAPER,success,shadow_exit,2026-08-06T10:40:00-04:00,2026-08-06T10:50:00-04:00,True
2026-08-07T10:13:49-04:00,escalator_reclaimed_shadow,escalator_reclaimed_bidirectional_v1_20260510,PAPER,SELLSHORT,WDC,SHORT,11,428.9700,4718.67,PAPER,success,entry,2026-08-07T10:10:00-04:00,2026-08-07T10:20:00-04:00,True
2026-08-07T10:13:50-04:00,escalator_reclaimed_long_shadow,escalator_reclaimed_long_shadow_v1_20260510,PAPER,BUY,HPE,LONG,96,51.9000,4982.40,PAPER,success,entry,2026-08-07T10:10:00-04:00,2026-08-07T10:20:00-04:00,True
2026-08-07T10:23:57-04:00,escalator_reclaimed_shadow,escalator_reclaimed_bidirectional_v1_20260510,PAPER,BUYTOCOVER,WDC,SHORT,11,430.7700,4738.47,PAPER,success,shadow_exit,2026-08-07T10:10:00-04:00,2026-08-07T10:20:00-04:00,True
2026-08-07T10:24:00-04:00,escalator_reclaimed_long_shadow,escalator_reclaimed_long_shadow_v1_20260510,PAPER,SELL,HPE,LONG,96,51.2400,4919.04,PAPER,success,shadow_exit,2026-08-07T10:10:00-04:00,2026-08-07T10:20:00-04:00,True
2026-08-07T10:43:30-04:00,escalator_reclaimed_shadow,escalator_reclaimed_bidirectional_v1_20260510,PAPER,SELLSHORT,RDDT,SHORT,30,162.8450,4885.35,PAPER,success,entry,2026-08-07T10:40:00-04:00,2026-08-07T10:50:00-04:00,True
2026-08-07T10:43:31-04:00,escalator_reclaimed_long_shadow,escalator_reclaimed_long_shadow_v1_20260510,PAPER,BUY,ALNY,LONG,23,214.2200,4927.06,PAPER,success,entry,2026-08-07T10:40:00-04:00,2026-08-07T10:50:00-04:00,True
2026-08-07T10:54:49-04:00,escalator_reclaimed_shadow,escalator_reclaimed_bidirectional_v1_20260510,PAPER,BUYTOCOVER,RDDT,SHORT,30,162.3525,4870.57,PAPER,success,shadow_exit,2026-08-07T10:40:00-04:00,2026-08-07T10:50:00-04:00,True
2026-08-07T10:54:49-04:00,escalator_reclaimed_shadow,escalator_reclaimed_bidirectional_v1_20260510,PAPER,SELLSHORT,PLTR,SHORT,29,169.2110,4907.12,PAPER,success,entry,2026-08-07T10:50:00-04:00,2026-08-07T11:00:00-04:00,True
2026-08-07T10:55:08-04:00,escalator_reclaimed_long_shadow,escalator_reclaimed_long_shadow_v1_20260510,PAPER,SELL,ALNY,LONG,23,215.8400,4964.32,PAPER,success,shadow_exit,2026-08-07T10:40:00-04:00,2026-08-07T10:50:00-04:00,True
2026-08-07T11:00:12-04:00,escalator_reclaimed_shadow,escalator_reclaimed_bidirectional_v1_20260510,PAPER,BUYTOCOVER,PLTR,SHORT,29,170.0500,4931.45,PAPER,success,shadow_exit,2026-08-07T10:50:00-04:00,2026-08-07T11:00:00-04:00,True
2026-08-10T10:16:41-04:00,escalator_reclaimed_shadow,escalator_reclaimed_bidirectional_v1_20260510,PAPER,BUY,DDOG,LONG,20,248.0950,4961.90,PAPER,success,entry,2026-08-10T10:10:00-04:00,2026-08-10T10:20:00-04:00,True
2026-08-10T10:16:41-04:00,escalator_reclaimed_long_shadow,escalator_reclaimed_long_shadow_v1_20260510,PAPER,BUY,NET,LONG,16,303.4250,4854.80,PAPER,success,entry,2026-08-10T10:10:00-04:00,2026-08-10T10:20:00-04:00,True
2026-08-10T10:21:54-04:00,escalator_reclaimed_shadow,escalator_reclaimed_bidirectional_v1_20260510,PAPER,SELL,DDOG,LONG,20,248.3107,4966.21,PAPER,success,shadow_exit,2026-08-10T10:10:00-04:00,2026-08-10T10:20:00-04:00,True
2026-08-10T10:21:54-04:00,escalator_reclaimed_shadow,escalator_reclaimed_bidirectional_v1_20260510,PAPER,BUY,STX,LONG,6,820.4900,4922.94,PAPER,success,entry,2026-08-10T10:20:00-04:00,2026-08-10T10:30:00-04:00,True
2026-08-10T10:21:55-04:00,escalator_reclaimed_long_shadow,escalator_reclaimed_long_shadow_v1_20260510,PAPER,SELL,NET,LONG,16,299.5200,4792.32,PAPER,success,shadow_exit,2026-08-10T10:10:00-04:00,2026-08-10T10:20:00-04:00,True
2026-08-10T10:21:55-04:00,escalator_reclaimed_long_shadow,escalator_reclaimed_long_shadow_v1_20260510,PAPER,BUY,STX,LONG,6,820.4900,4922.94,PAPER,success,entry,2026-08-10T10:20:00-04:00,2026-08-10T10:30:00-04:00,True
2026-08-10T10:34:08-04:00,escalator_reclaimed_shadow,escalator_reclaimed_bidirectional_v1_20260510,PAPER,SELL,STX,LONG,6,810.3050,4861.83,PAPER,success,shadow_exit,2026-08-10T10:20:00-04:00,2026-08-10T10:30:00-04:00,True
2026-08-10T10:34:09-04:00,escalator_reclaimed_long_shadow,escalator_reclaimed_long_shadow_v1_20260510,PAPER,SELL,STX,LONG,6,810.3050,4861.83,PAPER,success,shadow_exit,2026-08-10T10:20:00-04:00,2026-08-10T10:30:00-04:00,True
2026-08-10T10:54:25-04:00,escalator_reclaimed_shadow,escalator_reclaimed_bidirectional_v1_20260510,PAPER,BUY,FSLR,LONG,21,235.8500,4952.85,PAPER,success,entry,2026-08-10T10:50:00-04:00,2026-08-10T11:00:00-04:00,True
2026-08-10T10:54:26-04:00,escalator_reclaimed_long_shadow,escalator_reclaimed_long_shadow_v1_20260510,PAPER,BUY,FSLR,LONG,21,235.8500,4952.85,PAPER,success,entry,2026-08-10T10:50:00-04:00,2026-08-10T11:00:00-04:00,True
2026-08-10T11:04:30-04:00,escalator_reclaimed_shadow,escalator_reclaimed_bidirectional_v1_20260510,PAPER,SELL,FSLR,LONG,21,235.5300,4946.13,PAPER,success,shadow_exit,2026-08-10T10:50:00-04:00,2026-08-10T11:00:00-04:00,True
2026-08-10T11:04:30-04:00,escalator_reclaimed_shadow,escalator_reclaimed_bidirectional_v1_20260510,PAPER,BUY,ALB,LONG,37,131.5950,4869.02,PAPER,success,entry,2026-08-10T11:00:00-04:00,2026-08-10T11:10:00-04:00,True
2026-08-10T11:04:31-04:00,escalator_reclaimed_long_shadow,escalator_reclaimed_long_shadow_v1_20260510,PAPER,SELL,FSLR,LONG,21,235.5300,4946.13,PAPER,success,shadow_exit,2026-08-10T10:50:00-04:00,2026-08-10T11:00:00-04:00,True
2026-08-10T11:14:34-04:00,escalator_reclaimed_shadow,escalator_reclaimed_bidirectional_v1_20260510,PAPER,SELL,ALB,LONG,37,131.5037,4865.64,PAPER,success,shadow_exit,2026-08-10T11:00:00-04:00,2026-08-10T11:10:00-04:00,True
2026-08-11T10:10:17-04:00,escalator_reclaimed_shadow,escalator_reclaimed_bidirectional_v1_20260510,PAPER,BUY,NBIS,LONG,25,193.5000,4837.50,PAPER,success,entry,2026-08-11T10:10:00-04:00,2026-08-11T10:20:00-04:00,True
2026-08-11T10:10:18-04:00,escalator_reclaimed_long_shadow,escalator_reclaimed_long_shadow_v1_20260510,PAPER,BUY,COHR,LONG,15,325.7400,4886.10,PAPER,success,entry,2026-08-11T10:10:00-04:00,2026-08-11T10:20:00-04:00,True
2026-08-11T10:20:25-04:00,escalator_reclaimed_shadow,escalator_reclaimed_bidirectional_v1_20260510,PAPER,SELL,NBIS,LONG,25,193.4550,4836.38,PAPER,success,shadow_exit,2026-08-11T10:10:00-04:00,2026-08-11T10:20:00-04:00,True
2026-08-11T10:20:27-04:00,escalator_reclaimed_long_shadow,escalator_reclaimed_long_shadow_v1_20260510,PAPER,SELL,COHR,LONG,15,329.7900,4946.85,PAPER,success,shadow_exit,2026-08-11T10:10:00-04:00,2026-08-11T10:20:00-04:00,True
2026-08-11T10:41:00-04:00,escalator_reclaimed_shadow,escalator_reclaimed_bidirectional_v1_20260510,PAPER,SELLSHORT,SITM,SHORT,7,684.9200,4794.44,PAPER,success,entry,2026-08-11T10:40:00-04:00,2026-08-11T10:50:00-04:00,True
2026-08-11T10:41:34-04:00,escalator_reclaimed_long_shadow,escalator_reclaimed_long_shadow_v1_20260510,PAPER,BUY,PANW,LONG,13,383.2600,4982.38,PAPER,success,entry,2026-08-11T10:40:00-04:00,2026-08-11T10:50:00-04:00,True
2026-08-11T10:52:15-04:00,escalator_reclaimed_shadow,escalator_reclaimed_bidirectional_v1_20260510,PAPER,BUYTOCOVER,SITM,SHORT,7,686.0750,4802.53,PAPER,success,shadow_exit,2026-08-11T10:40:00-04:00,2026-08-11T10:50:00-04:00,True
2026-08-11T10:52:16-04:00,escalator_reclaimed_long_shadow,escalator_reclaimed_long_shadow_v1_20260510,PAPER,SELL,PANW,LONG,13,383.8600,4990.18,PAPER,success,shadow_exit,2026-08-11T10:40:00-04:00,2026-08-11T10:50:00-04:00,True
2026-08-12T10:14:54-04:00,escalator_reclaimed_shadow,escalator_reclaimed_bidirectional_v1_20260510,PAPER,BUY,CRWV,LONG,46,106.7700,4911.42,PAPER,success,entry,2026-08-12T10:10:00-04:00,2026-08-12T10:20:00-04:00,True
2026-08-12T10:14:55-04:00,escalator_reclaimed_long_shadow,escalator_reclaimed_long_shadow_v1_20260510,PAPER,BUY,CRWV,LONG,46,106.7700,4911.42,PAPER,success,entry,2026-08-12T10:10:00-04:00,2026-08-12T10:20:00-04:00,True
2026-08-12T10:25:14-04:00,escalator_reclaimed_shadow,escalator_reclaimed_bidirectional_v1_20260510,PAPER,SELL,CRWV,LONG,46,107.5000,4945.00,PAPER,success,shadow_exit,2026-08-12T10:10:00-04:00,2026-08-12T10:20:00-04:00,True
2026-08-12T10:25:15-04:00,escalator_reclaimed_long_shadow,escalator_reclaimed_long_shadow_v1_20260510,PAPER,SELL,CRWV,LONG,46,107.5000,4945.00,PAPER,success,shadow_exit,2026-08-12T10:10:00-04:00,2026-08-12T10:20:00-04:00,True
2026-08-12T10:35:38-04:00,escalator_reclaimed_shadow,escalator_reclaimed_bidirectional_v1_20260510,PAPER,SELLSHORT,ASTS,SHORT,67,73.8600,4948.62,PAPER,success,entry,2026-08-12T10:30:00-04:00,2026-08-12T10:40:00-04:00,True
2026-08-12T10:35:39-04:00,escalator_reclaimed_long_shadow,escalator_reclaimed_long_shadow_v1_20260510,PAPER,BUY,VRT,LONG,16,295.4599,4727.36,PAPER,success,entry,2026-08-12T10:30:00-04:00,2026-08-12T10:40:00-04:00,True
2026-08-12T10:45:45-04:00,escalator_reclaimed_shadow,escalator_reclaimed_bidirectional_v1_20260510,PAPER,BUYTOCOVER,ASTS,SHORT,67,73.2217,4905.85,PAPER,success,shadow_exit,2026-08-12T10:30:00-04:00,2026-08-12T10:40:00-04:00,True
2026-08-12T10:45:45-04:00,escalator_reclaimed_shadow,escalator_reclaimed_bidirectional_v1_20260510,PAPER,BUY,LITE,LONG,5,878.4600,4392.30,PAPER,success,entry,2026-08-12T10:40:00-04:00,2026-08-12T10:50:00-04:00,True
2026-08-12T10:45:46-04:00,escalator_reclaimed_long_shadow,escalator_reclaimed_long_shadow_v1_20260510,PAPER,SELL,VRT,LONG,16,296.1900,4739.04,PAPER,success,shadow_exit,2026-08-12T10:30:00-04:00,2026-08-12T10:40:00-04:00,True
2026-08-12T10:45:46-04:00,escalator_reclaimed_long_shadow,escalator_reclaimed_long_shadow_v1_20260510,PAPER,BUY,LITE,LONG,5,878.4600,4392.30,PAPER,success,entry,2026-08-12T10:40:00-04:00,2026-08-12T10:50:00-04:00,True
2026-08-12T10:55:49-04:00,escalator_reclaimed_shadow,escalator_reclaimed_bidirectional_v1_20260510,PAPER,SELL,LITE,LONG,5,901.9550,4509.78,PAPER,success,shadow_exit,2026-08-12T10:40:00-04:00,2026-08-12T10:50:00-04:00,True
2026-08-12T10:55:51-04:00,escalator_reclaimed_long_shadow,escalator_reclaimed_long_shadow_v1_20260510,PAPER,SELL,LITE,LONG,5,901.9550,4509.78,PAPER,success,shadow_exit,2026-08-12T10:40:00-04:00,2026-08-12T10:50:00-04:00,True
2026-08-12T11:07:07-04:00,escalator_reclaimed_shadow,escalator_reclaimed_bidirectional_v1_20260510,PAPER,SELLSHORT,ZS,SHORT,28,177.3000,4964.40,PAPER,success,entry,2026-08-12T11:00:00-04:00,2026-08-12T11:10:00-04:00,True
2026-08-12T11:18:13-04:00,escalator_reclaimed_shadow,escalator_reclaimed_bidirectional_v1_20260510,PAPER,BUYTOCOVER,ZS,SHORT,28,176.4600,4940.88,PAPER,success,shadow_exit,2026-08-12T11:00:00-04:00,2026-08-12T11:10:00-04:00,True
2026-08-13T10:12:57-04:00,escalator_reclaimed_shadow,escalator_reclaimed_bidirectional_v1_20260510,PAPER,SELLSHORT,CRWV,SHORT,44,112.1200,4933.28,PAPER,success,entry,2026-08-13T10:10:00-04:00,2026-08-13T10:20:00-04:00,True
2026-08-13T10:12:58-04:00,escalator_reclaimed_long_shadow,escalator_reclaimed_long_shadow_v1_20260510,PAPER,BUY,RKLB,LONG,59,83.5000,4926.50,PAPER,success,entry,2026-08-13T10:10:00-04:00,2026-08-13T10:20:00-04:00,True
2026-08-13T10:28:22-04:00,escalator_reclaimed_shadow,escalator_reclaimed_bidirectional_v1_20260510,PAPER,BUYTOCOVER,CRWV,SHORT,44,110.0300,4841.32,PAPER,success,shadow_exit,2026-08-13T10:10:00-04:00,2026-08-13T10:20:00-04:00,True
2026-08-13T10:28:22-04:00,escalator_reclaimed_shadow,escalator_reclaimed_bidirectional_v1_20260510,PAPER,BUY,WDC,LONG,10,478.1500,4781.50,PAPER,success,entry,2026-08-13T10:20:00-04:00,2026-08-13T10:30:00-04:00,True
2026-08-13T10:28:24-04:00,escalator_reclaimed_long_shadow,escalator_reclaimed_long_shadow_v1_20260510,PAPER,SELL,RKLB,LONG,59,83.7200,4939.48,PAPER,success,shadow_exit,2026-08-13T10:10:00-04:00,2026-08-13T10:20:00-04:00,True
2026-08-13T10:28:24-04:00,escalator_reclaimed_long_shadow,escalator_reclaimed_long_shadow_v1_20260510,PAPER,BUY,WDC,LONG,10,478.1500,4781.50,PAPER,success,entry,2026-08-13T10:20:00-04:00,2026-08-13T10:30:00-04:00,True
2026-08-13T10:38:28-04:00,escalator_reclaimed_shadow,escalator_reclaimed_bidirectional_v1_20260510,PAPER,SELL,WDC,LONG,10,487.5800,4875.80,PAPER,success,shadow_exit,2026-08-13T10:20:00-04:00,2026-08-13T10:30:00-04:00,True
2026-08-13T10:38:29-04:00,escalator_reclaimed_long_shadow,escalator_reclaimed_long_shadow_v1_20260510,PAPER,SELL,WDC,LONG,10,487.5800,4875.80,PAPER,success,shadow_exit,2026-08-13T10:20:00-04:00,2026-08-13T10:30:00-04:00,True
2026-08-13T10:48:41-04:00,escalator_reclaimed_shadow,escalator_reclaimed_bidirectional_v1_20260510,PAPER,BUY,AMD,LONG,10,494.9500,4949.50,PAPER,success,entry,2026-08-13T10:40:00-04:00,2026-08-13T10:50:00-04:00,True
2026-08-13T10:48:42-04:00,escalator_reclaimed_long_shadow,escalator_reclaimed_long_shadow_v1_20260510,PAPER,BUY,AMD,LONG,10,494.9500,4949.50,PAPER,success,entry,2026-08-13T10:40:00-04:00,2026-08-13T10:50:00-04:00,True
2026-08-13T10:58:49-04:00,escalator_reclaimed_shadow,escalator_reclaimed_bidirectional_v1_20260510,PAPER,SELL,AMD,LONG,10,495.2000,4952.00,PAPER,success,shadow_exit,2026-08-13T10:40:00-04:00,2026-08-13T10:50:00-04:00,True
2026-08-13T10:58:49-04:00,escalator_reclaimed_shadow,escalator_reclaimed_bidirectional_v1_20260510,PAPER,SELLSHORT,CRDO,SHORT,17,282.8300,4808.11,PAPER,success,entry,2026-08-13T10:50:00-04:00,2026-08-13T11:00:00-04:00,True
2026-08-13T10:58:50-04:00,escalator_reclaimed_long_shadow,escalator_reclaimed_long_shadow_v1_20260510,PAPER,SELL,AMD,LONG,10,495.2000,4952.00,PAPER,success,shadow_exit,2026-08-13T10:40:00-04:00,2026-08-13T10:50:00-04:00,True
2026-08-13T11:09:51-04:00,escalator_reclaimed_shadow,escalator_reclaimed_bidirectional_v1_20260510,PAPER,BUYTOCOVER,CRDO,SHORT,17,282.9000,4809.30,PAPER,success,shadow_exit,2026-08-13T10:50:00-04:00,2026-08-13T11:00:00-04:00,True
2026-08-13T11:20:59-04:00,escalator_reclaimed_shadow,escalator_reclaimed_bidirectional_v1_20260510,PAPER,SELLSHORT,HPE,SHORT,80,61.8600,4948.80,PAPER,success,entry,2026-08-13T11:20:00-04:00,2026-08-13T11:30:00-04:00,True
2026-08-13T11:31:06-04:00,escalator_reclaimed_shadow,escalator_reclaimed_bidirectional_v1_20260510,PAPER,BUYTOCOVER,HPE,SHORT,80,61.6300,4930.40,PAPER,success,shadow_exit,2026-08-13T11:20:00-04:00,2026-08-13T11:30:00-04:00,True
2026-08-14T10:28:04-04:00,escalator_reclaimed_shadow,escalator_reclaimed_bidirectional_v1_20260510,PAPER,SELLSHORT,WDC,SHORT,10,494.2700,4942.70,PAPER,success,entry,2026-08-14T10:20:00-04:00,2026-08-14T10:30:00-04:00,True
2026-08-14T10:28:05-04:00,escalator_reclaimed_long_shadow,escalator_reclaimed_long_shadow_v1_20260510,PAPER,BUY,TSEM,LONG,19,262.0600,4979.14,PAPER,success,entry,2026-08-14T10:20:00-04:00,2026-08-14T10:30:00-04:00,True
2026-08-14T10:38:12-04:00,escalator_reclaimed_shadow,escalator_reclaimed_bidirectional_v1_20260510,PAPER,BUYTOCOVER,WDC,SHORT,10,491.9000,4919.00,PAPER,success,shadow_exit,2026-08-14T10:20:00-04:00,2026-08-14T10:30:00-04:00,True
2026-08-14T10:38:12-04:00,escalator_reclaimed_shadow,escalator_reclaimed_bidirectional_v1_20260510,PAPER,SELLSHORT,CRDO,SHORT,19,260.5000,4949.50,PAPER,success,entry,2026-08-14T10:30:00-04:00,2026-08-14T10:40:00-04:00,True
2026-08-14T10:38:14-04:00,escalator_reclaimed_long_shadow,escalator_reclaimed_long_shadow_v1_20260510,PAPER,SELL,TSEM,LONG,19,266.4900,5063.31,PAPER,success,shadow_exit,2026-08-14T10:20:00-04:00,2026-08-14T10:30:00-04:00,True
2026-08-14T10:38:14-04:00,escalator_reclaimed_long_shadow,escalator_reclaimed_long_shadow_v1_20260510,PAPER,BUY,PANW,LONG,12,389.5700,4674.84,PAPER,success,entry,2026-08-14T10:30:00-04:00,2026-08-14T10:40:00-04:00,True
2026-08-14T10:48:17-04:00,escalator_reclaimed_shadow,escalator_reclaimed_bidirectional_v1_20260510,PAPER,BUYTOCOVER,CRDO,SHORT,19,260.3650,4946.94,PAPER,success,shadow_exit,2026-08-14T10:30:00-04:00,2026-08-14T10:40:00-04:00,True
2026-08-14T10:48:18-04:00,escalator_reclaimed_long_shadow,escalator_reclaimed_long_shadow_v1_20260510,PAPER,SELL,PANW,LONG,12,386.2100,4634.52,PAPER,success,shadow_exit,2026-08-14T10:30:00-04:00,2026-08-14T10:40:00-04:00,True
2026-08-14T10:58:26-04:00,escalator_reclaimed_shadow,escalator_reclaimed_bidirectional_v1_20260510,PAPER,SELLSHORT,WDAY,SHORT,25,195.1450,4878.62,PAPER,success,entry,2026-08-14T10:50:00-04:00,2026-08-14T11:00:00-04:00,True
2026-08-14T10:58:26-04:00,escalator_reclaimed_long_shadow,escalator_reclaimed_long_shadow_v1_20260510,PAPER,BUY,LRCX,LONG,15,332.3700,4985.55,PAPER,success,entry,2026-08-14T10:50:00-04:00,2026-08-14T11:00:00-04:00,True
2026-08-14T11:08:30-04:00,escalator_reclaimed_shadow,escalator_reclaimed_bidirectional_v1_20260510,PAPER,BUYTOCOVER,WDAY,SHORT,25,196.2300,4905.75,PAPER,success,shadow_exit,2026-08-14T10:50:00-04:00,2026-08-14T11:00:00-04:00,True
2026-08-14T11:08:30-04:00,escalator_reclaimed_shadow,escalator_reclaimed_bidirectional_v1_20260510,PAPER,BUY,DELL,LONG,10,497.5800,4975.80,PAPER,success,entry,2026-08-14T11:00:00-04:00,2026-08-14T11:10:00-04:00,True
2026-08-14T11:08:31-04:00,escalator_reclaimed_long_shadow,escalator_reclaimed_long_shadow_v1_20260510,PAPER,SELL,LRCX,LONG,15,332.3800,4985.70,PAPER,success,shadow_exit,2026-08-14T10:50:00-04:00,2026-08-14T11:00:00-04:00,True
2026-08-14T11:18:34-04:00,escalator_reclaimed_shadow,escalator_reclaimed_bidirectional_v1_20260510,PAPER,SELL,DELL,LONG,10,495.3900,4953.90,PAPER,success,shadow_exit,2026-08-14T11:00:00-04:00,2026-08-14T11:10:00-04:00,True
2026-08-14T11:28:41-04:00,escalator_reclaimed_shadow,escalator_reclaimed_bidirectional_v1_20260510,PAPER,SELLSHORT,XPO,SHORT,23,212.8550,4895.66,PAPER,success,entry,2026-08-14T11:20:00-04:00,2026-08-14T11:30:00-04:00,True
2026-08-14T11:38:45-04:00,escalator_reclaimed_shadow,escalator_reclaimed_bidirectional_v1_20260510,PAPER,BUYTOCOVER,XPO,SHORT,23,212.9900,4898.77,PAPER,success,shadow_exit,2026-08-14T11:20:00-04:00,2026-08-14T11:30:00-04:00,True
2026-08-17T10:10:44-04:00,escalator_reclaimed_shadow,escalator_reclaimed_bidirectional_v1_20260510,PAPER,SELLSHORT,ALAB,SHORT,15,330.2365,4953.55,PAPER,success,entry,2026-08-17T10:10:00-04:00,2026-08-17T10:20:00-04:00,True
2026-08-17T10:10:45-04:00,escalator_reclaimed_long_shadow,escalator_reclaimed_long_shadow_v1_20260510,PAPER,BUY,TEAM,LONG,31,158.6600,4918.46,PAPER,success,entry,2026-08-17T10:10:00-04:00,2026-08-17T10:20:00-04:00,True
2026-08-17T10:20:49-04:00,escalator_reclaimed_shadow,escalator_reclaimed_bidirectional_v1_20260510,PAPER,BUYTOCOVER,ALAB,SHORT,15,330.0000,4950.00,PAPER,success,shadow_exit,2026-08-17T10:10:00-04:00,2026-08-17T10:20:00-04:00,True
2026-08-17T10:20:50-04:00,escalator_reclaimed_long_shadow,escalator_reclaimed_long_shadow_v1_20260510,PAPER,SELL,TEAM,LONG,31,158.8300,4923.73,PAPER,success,shadow_exit,2026-08-17T10:10:00-04:00,2026-08-17T10:20:00-04:00,True
2026-08-17T10:41:06-04:00,escalator_reclaimed_shadow,escalator_reclaimed_bidirectional_v1_20260510,PAPER,BUY,RKLB,LONG,59,83.6951,4938.01,PAPER,success,entry,2026-08-17T10:40:00-04:00,2026-08-17T10:50:00-04:00,True
2026-08-17T10:41:07-04:00,escalator_reclaimed_long_shadow,escalator_reclaimed_long_shadow_v1_20260510,PAPER,BUY,RKLB,LONG,59,83.6951,4938.01,PAPER,success,entry,2026-08-17T10:40:00-04:00,2026-08-17T10:50:00-04:00,True
2026-08-17T10:51:11-04:00,escalator_reclaimed_shadow,escalator_reclaimed_bidirectional_v1_20260510,PAPER,SELL,RKLB,LONG,59,83.5650,4930.34,PAPER,success,shadow_exit,2026-08-17T10:40:00-04:00,2026-08-17T10:50:00-04:00,True
2026-08-17T10:51:12-04:00,escalator_reclaimed_long_shadow,escalator_reclaimed_long_shadow_v1_20260510,PAPER,SELL,RKLB,LONG,59,83.5650,4930.34,PAPER,success,shadow_exit,2026-08-17T10:40:00-04:00,2026-08-17T10:50:00-04:00,True
2026-08-18T10:18:44-04:00,escalator_reclaimed_shadow,escalator_reclaimed_bidirectional_v1_20260510,PAPER,BUY,CIEN,LONG,11,418.0750,4598.82,PAPER,success,entry,2026-08-18T10:10:00-04:00,2026-08-18T10:20:00-04:00,True
2026-08-18T10:19:08-04:00,escalator_reclaimed_long_shadow,escalator_reclaimed_long_shadow_v1_20260510,PAPER,BUY,CIEN,LONG,11,418.0750,4598.82,PAPER,success,entry,2026-08-18T10:10:00-04:00,2026-08-18T10:20:00-04:00,True
2026-08-18T10:29:45-04:00,escalator_reclaimed_shadow,escalator_reclaimed_bidirectional_v1_20260510,PAPER,SELL,CIEN,LONG,11,413.7700,4551.47,PAPER,success,shadow_exit,2026-08-18T10:10:00-04:00,2026-08-18T10:20:00-04:00,True
2026-08-18T10:29:46-04:00,escalator_reclaimed_long_shadow,escalator_reclaimed_long_shadow_v1_20260510,PAPER,SELL,CIEN,LONG,11,413.7700,4551.47,PAPER,success,shadow_exit,2026-08-18T10:10:00-04:00,2026-08-18T10:20:00-04:00,True
2026-08-18T10:39:57-04:00,escalator_reclaimed_shadow,escalator_reclaimed_bidirectional_v1_20260510,PAPER,BUY,COHR,LONG,15,317.7999,4767.00,PAPER,success,entry,2026-08-18T10:30:00-04:00,2026-08-18T10:40:00-04:00,True
2026-08-18T10:39:58-04:00,escalator_reclaimed_long_shadow,escalator_reclaimed_long_shadow_v1_20260510,PAPER,BUY,COHR,LONG,15,317.7999,4767.00,PAPER,success,entry,2026-08-18T10:30:00-04:00,2026-08-18T10:40:00-04:00,True
2026-08-18T10:50:06-04:00,escalator_reclaimed_shadow,escalator_reclaimed_bidirectional_v1_20260510,PAPER,SELL,COHR,LONG,15,310.2000,4653.00,PAPER,success,shadow_exit,2026-08-18T10:30:00-04:00,2026-08-18T10:40:00-04:00,True
2026-08-18T10:50:07-04:00,escalator_reclaimed_long_shadow,escalator_reclaimed_long_shadow_v1_20260510,PAPER,SELL,COHR,LONG,15,310.2000,4653.00,PAPER,success,shadow_exit,2026-08-18T10:30:00-04:00,2026-08-18T10:40:00-04:00,True
