paper_date,paper_entry_session_date,signal_source_date,entry_date,timestamp,strategy_id,source_strategy_id,source_strategy,order_key,idempotency_key,symbol,action,direction,entry_price,paper_fill_price,price,paper_fill_price_source,paper_position_qty,qty,shares,paper_position_status,status,execution_status,mode,paper_only,route_to_tradestation,live_trading_enabled,entry_window_status,entry_time_et,research_allocation_rank,research_allocation_usd,research_rank_score,sector,paper_sizing_rule,paper_notional_per_slot,generated_at,exit_reason,days_held,exit_bar_date,source_buy_idempotency_key
2026-06-17,2026-06-17,2026-06-17,2026-06-17,2026-06-17T15:45:15,high_5_strategy,automated_swing_trading,Automated Swing Trading,HIGH5-PAPER-2026-06-17-BBAR,HIGH5-PAPER-2026-06-17-BBAR,BBAR,BUY,LONG,21.51,21.51,21.51,high_5_entry_price,9298.0,9298.0,9298.0,FILLED,FILLED,FILLED,PAPER,True,False,False,ENTRY_WINDOW_OPEN_1545_1559_ET,15:45,1,100000.0,0.909091,Financial Services,floor((RESEARCH_ALLOCATION_USD * LEVERAGE) / entry_price),200000.0,2026-06-17T15:45:15,,,,
2026-06-17,2026-06-17,2026-06-17,2026-06-17,2026-06-17T15:45:15,high_5_strategy,automated_swing_trading,Automated Swing Trading,HIGH5-PAPER-2026-06-17-SNDK,HIGH5-PAPER-2026-06-17-SNDK,SNDK,BUY,LONG,2002.34,2002.34,2002.34,high_5_entry_price,99.0,99.0,99.0,FILLED,FILLED,FILLED,PAPER,True,False,False,ENTRY_WINDOW_OPEN_1545_1559_ET,15:45,2,100000.0,0.909091,Technology,floor((RESEARCH_ALLOCATION_USD * LEVERAGE) / entry_price),200000.0,2026-06-17T15:45:15,,,,
2026-06-17,2026-06-17,2026-06-17,2026-06-17,2026-06-17T15:45:15,high_5_strategy,automated_swing_trading,Automated Swing Trading,HIGH5-PAPER-2026-06-17-MBX,HIGH5-PAPER-2026-06-17-MBX,MBX,BUY,LONG,40.9,40.9,40.9,high_5_entry_price,4889.0,4889.0,4889.0,FILLED,FILLED,FILLED,PAPER,True,False,False,ENTRY_WINDOW_OPEN_1545_1559_ET,15:45,3,100000.0,0.727273,Healthcare,floor((RESEARCH_ALLOCATION_USD * LEVERAGE) / entry_price),200000.0,2026-06-17T15:45:15,,,,
2026-06-17,2026-06-17,2026-06-17,2026-06-17,2026-06-17T15:45:15,high_5_strategy,automated_swing_trading,Automated Swing Trading,HIGH5-PAPER-2026-06-17-LRCX,HIGH5-PAPER-2026-06-17-LRCX,LRCX,BUY,LONG,389.96,389.96,389.96,high_5_entry_price,512.0,512.0,512.0,FILLED,FILLED,FILLED,PAPER,True,False,False,ENTRY_WINDOW_OPEN_1545_1559_ET,15:45,4,100000.0,0.727273,Technology,floor((RESEARCH_ALLOCATION_USD * LEVERAGE) / entry_price),200000.0,2026-06-17T15:45:15,,,,
2026-06-17,2026-06-17,2026-06-17,2026-06-17,2026-06-17T15:45:15,high_5_strategy,automated_swing_trading,Automated Swing Trading,HIGH5-PAPER-2026-06-17-SEPN,HIGH5-PAPER-2026-06-17-SEPN,SEPN,BUY,LONG,36.02,36.02,36.02,high_5_entry_price,5552.0,5552.0,5552.0,FILLED,FILLED,FILLED,PAPER,True,False,False,ENTRY_WINDOW_OPEN_1545_1559_ET,15:45,5,100000.0,0.636364,Healthcare,floor((RESEARCH_ALLOCATION_USD * LEVERAGE) / entry_price),200000.0,2026-06-17T15:45:15,,,,
2026-06-18,2026-06-18,2026-06-18,2026-06-18,2026-06-18T15:45:06,high_5_strategy,automated_swing_trading,Automated Swing Trading,HIGH5-PAPER-2026-06-18-BBAR,HIGH5-PAPER-2026-06-18-BBAR,BBAR,BUY,LONG,22.26,22.26,22.26,high_5_entry_price,8984.0,8984.0,8984.0,FILLED,FILLED,FILLED,PAPER,True,False,False,ENTRY_WINDOW_OPEN_1545_1559_ET,15:45,1,100000.0,0.944444,Financial Services,floor((RESEARCH_ALLOCATION_USD * LEVERAGE) / entry_price),200000.0,2026-06-18T15:45:06,,,,
2026-06-18,2026-06-18,2026-06-18,2026-06-18,2026-06-18T15:45:06,high_5_strategy,automated_swing_trading,Automated Swing Trading,HIGH5-PAPER-2026-06-18-ARM,HIGH5-PAPER-2026-06-18-ARM,ARM,BUY,LONG,432.9,432.9,432.9,high_5_entry_price,462.0,462.0,462.0,FILLED,FILLED,FILLED,PAPER,True,False,False,ENTRY_WINDOW_OPEN_1545_1559_ET,15:45,2,100000.0,0.861111,Technology,floor((RESEARCH_ALLOCATION_USD * LEVERAGE) / entry_price),200000.0,2026-06-18T15:45:06,,,,
2026-06-18,2026-06-18,2026-06-18,2026-06-18,2026-06-18T15:45:06,high_5_strategy,automated_swing_trading,Automated Swing Trading,HIGH5-PAPER-2026-06-18-KLAC,HIGH5-PAPER-2026-06-18-KLAC,KLAC,BUY,LONG,259.625,259.625,259.625,high_5_entry_price,770.0,770.0,770.0,FILLED,FILLED,FILLED,PAPER,True,False,False,ENTRY_WINDOW_OPEN_1545_1559_ET,15:45,3,100000.0,0.805556,Technology,floor((RESEARCH_ALLOCATION_USD * LEVERAGE) / entry_price),200000.0,2026-06-18T15:45:06,,,,
2026-06-18,2026-06-18,2026-06-18,2026-06-18,2026-06-18T15:45:06,high_5_strategy,automated_swing_trading,Automated Swing Trading,HIGH5-PAPER-2026-06-18-MBX,HIGH5-PAPER-2026-06-18-MBX,MBX,BUY,LONG,41.365,41.365,41.365,high_5_entry_price,4835.0,4835.0,4835.0,FILLED,FILLED,FILLED,PAPER,True,False,False,ENTRY_WINDOW_OPEN_1545_1559_ET,15:45,4,100000.0,0.777778,Healthcare,floor((RESEARCH_ALLOCATION_USD * LEVERAGE) / entry_price),200000.0,2026-06-18T15:45:06,,,,
2026-06-18,2026-06-18,2026-06-18,2026-06-18,2026-06-18T15:45:06,high_5_strategy,automated_swing_trading,Automated Swing Trading,HIGH5-PAPER-2026-06-18-BMA,HIGH5-PAPER-2026-06-18-BMA,BMA,BUY,LONG,103.16,103.16,103.16,high_5_entry_price,1938.0,1938.0,1938.0,FILLED,FILLED,FILLED,PAPER,True,False,False,ENTRY_WINDOW_OPEN_1545_1559_ET,15:45,5,100000.0,0.75,Financial Services,floor((RESEARCH_ALLOCATION_USD * LEVERAGE) / entry_price),200000.0,2026-06-18T15:45:06,,,,
2026-06-22,2026-06-22,2026-06-22,2026-06-22,2026-06-22T15:45:28,high_5_strategy,automated_swing_trading,Automated Swing Trading,HIGH5-PAPER-2026-06-22-SNDK,HIGH5-PAPER-2026-06-22-SNDK,SNDK,BUY,LONG,2328.095,2328.095,2328.095,high_5_entry_price,85.0,85.0,85.0,FILLED,FILLED,FILLED,PAPER,True,False,False,ENTRY_WINDOW_OPEN_1545_1559_ET,15:45,1,100000.0,0.875,Technology,floor((RESEARCH_ALLOCATION_USD * LEVERAGE) / entry_price),200000.0,2026-06-22T15:45:28,,,,
2026-06-22,2026-06-22,2026-06-22,2026-06-22,2026-06-22T15:45:28,high_5_strategy,automated_swing_trading,Automated Swing Trading,HIGH5-PAPER-2026-06-22-MBX,HIGH5-PAPER-2026-06-22-MBX,MBX,BUY,LONG,44.8,44.8,44.8,high_5_entry_price,4464.0,4464.0,4464.0,FILLED,FILLED,FILLED,PAPER,True,False,False,ENTRY_WINDOW_OPEN_1545_1559_ET,15:45,2,100000.0,0.8125,Healthcare,floor((RESEARCH_ALLOCATION_USD * LEVERAGE) / entry_price),200000.0,2026-06-22T15:45:28,,,,
2026-06-22,2026-06-22,2026-06-22,2026-06-22,2026-06-22T15:45:28,high_5_strategy,automated_swing_trading,Automated Swing Trading,HIGH5-PAPER-2026-06-22-AIP,HIGH5-PAPER-2026-06-22-AIP,AIP,BUY,LONG,44.15,44.15,44.15,high_5_entry_price,4530.0,4530.0,4530.0,FILLED,FILLED,FILLED,PAPER,True,False,False,ENTRY_WINDOW_OPEN_1545_1559_ET,15:45,3,100000.0,0.75,Technology,floor((RESEARCH_ALLOCATION_USD * LEVERAGE) / entry_price),200000.0,2026-06-22T15:45:28,,,,
2026-06-22,2026-06-22,2026-06-22,2026-06-22,2026-06-22T15:45:28,high_5_strategy,automated_swing_trading,Automated Swing Trading,HIGH5-PAPER-2026-06-22-CXW,HIGH5-PAPER-2026-06-22-CXW,CXW,BUY,LONG,29.805,29.805,29.805,high_5_entry_price,6710.0,6710.0,6710.0,FILLED,FILLED,FILLED,PAPER,True,False,False,ENTRY_WINDOW_OPEN_1545_1559_ET,15:45,4,100000.0,0.625,Industrials,floor((RESEARCH_ALLOCATION_USD * LEVERAGE) / entry_price),200000.0,2026-06-22T15:45:28,,,,
2026-06-22,2026-06-22,2026-06-22,2026-06-22,2026-06-22T15:45:28,high_5_strategy,automated_swing_trading,Automated Swing Trading,HIGH5-PAPER-2026-06-22-AGIO,HIGH5-PAPER-2026-06-22-AGIO,AGIO,BUY,LONG,35.08,35.08,35.08,high_5_entry_price,5701.0,5701.0,5701.0,FILLED,FILLED,FILLED,PAPER,True,False,False,ENTRY_WINDOW_OPEN_1545_1559_ET,15:45,5,100000.0,0.4375,Healthcare,floor((RESEARCH_ALLOCATION_USD * LEVERAGE) / entry_price),200000.0,2026-06-22T15:45:28,,,,
2026-06-23,2026-06-23,2026-06-23,2026-06-23,2026-06-23T15:49:09,high_5_strategy,automated_swing_trading,Automated Swing Trading,HIGH5-PAPER-2026-06-23-MBX,HIGH5-PAPER-2026-06-23-MBX,MBX,BUY,LONG,46.27,46.27,46.27,high_5_entry_price,4322.0,4322.0,4322.0,FILLED,FILLED,FILLED,PAPER,True,False,False,ENTRY_WINDOW_OPEN_1545_1559_ET,15:45,1,100000.0,1.0,Healthcare,floor((RESEARCH_ALLOCATION_USD * LEVERAGE) / entry_price),200000.0,2026-06-23T15:49:09,,,,
2026-06-23,2026-06-23,2026-06-23,2026-06-23,2026-06-23T15:49:09,high_5_strategy,automated_swing_trading,Automated Swing Trading,HIGH5-PAPER-2026-06-23-TRVI,HIGH5-PAPER-2026-06-23-TRVI,TRVI,BUY,LONG,17.68,17.68,17.68,high_5_entry_price,11312.0,11312.0,11312.0,FILLED,FILLED,FILLED,PAPER,True,False,False,ENTRY_WINDOW_OPEN_1545_1559_ET,15:45,2,100000.0,0.75,Healthcare,floor((RESEARCH_ALLOCATION_USD * LEVERAGE) / entry_price),200000.0,2026-06-23T15:49:09,,,,
2026-06-23,2026-06-23,2026-06-23,2026-06-23,2026-06-23T15:49:09,high_5_strategy,automated_swing_trading,Automated Swing Trading,HIGH5-PAPER-2026-06-23-ALGT,HIGH5-PAPER-2026-06-23-ALGT,ALGT,BUY,LONG,103.885,103.885,103.885,high_5_entry_price,1925.0,1925.0,1925.0,FILLED,FILLED,FILLED,PAPER,True,False,False,ENTRY_WINDOW_OPEN_1545_1559_ET,15:45,3,100000.0,0.75,Industrials,floor((RESEARCH_ALLOCATION_USD * LEVERAGE) / entry_price),200000.0,2026-06-23T15:49:09,,,,
2026-06-23,2026-06-23,2026-06-23,2026-06-23,2026-06-23T15:49:09,high_5_strategy,automated_swing_trading,Automated Swing Trading,HIGH5-PAPER-2026-06-23-AMLX,HIGH5-PAPER-2026-06-23-AMLX,AMLX,BUY,LONG,16.51,16.51,16.51,high_5_entry_price,12113.0,12113.0,12113.0,FILLED,FILLED,FILLED,PAPER,True,False,False,ENTRY_WINDOW_OPEN_1545_1559_ET,15:45,4,100000.0,0.5625,Healthcare,floor((RESEARCH_ALLOCATION_USD * LEVERAGE) / entry_price),200000.0,2026-06-23T15:49:09,,,,
2026-06-23,2026-06-23,2026-06-23,2026-06-23,2026-06-23T15:49:09,high_5_strategy,automated_swing_trading,Automated Swing Trading,HIGH5-PAPER-2026-06-23-CXW,HIGH5-PAPER-2026-06-23-CXW,CXW,BUY,LONG,30.4,30.4,30.4,high_5_entry_price,6578.0,6578.0,6578.0,FILLED,FILLED,FILLED,PAPER,True,False,False,ENTRY_WINDOW_OPEN_1545_1559_ET,15:45,5,100000.0,0.5,Industrials,floor((RESEARCH_ALLOCATION_USD * LEVERAGE) / entry_price),200000.0,2026-06-23T15:49:09,,,,
2026-06-24,2026-06-24,2026-06-24,2026-06-24,2026-06-24T15:45:29,high_5_strategy,automated_swing_trading,Automated Swing Trading,HIGH5-PAPER-2026-06-24-MAMA,HIGH5-PAPER-2026-06-24-MAMA,MAMA,BUY,LONG,19.47,19.47,19.47,high_5_entry_price,10272.0,10272.0,10272.0,FILLED,FILLED,FILLED,PAPER,True,False,False,ENTRY_WINDOW_OPEN_1545_1559_ET,15:45,1,100000.0,0.941176,Consumer Defensive,floor((RESEARCH_ALLOCATION_USD * LEVERAGE) / entry_price),200000.0,2026-06-24T15:45:29,,,,
2026-06-24,2026-06-24,2026-06-24,2026-06-24,2026-06-24T15:45:29,high_5_strategy,automated_swing_trading,Automated Swing Trading,HIGH5-PAPER-2026-06-24-MBX,HIGH5-PAPER-2026-06-24-MBX,MBX,BUY,LONG,48.42,48.42,48.42,high_5_entry_price,4130.0,4130.0,4130.0,FILLED,FILLED,FILLED,PAPER,True,False,False,ENTRY_WINDOW_OPEN_1545_1559_ET,15:45,2,100000.0,0.941176,Healthcare,floor((RESEARCH_ALLOCATION_USD * LEVERAGE) / entry_price),200000.0,2026-06-24T15:45:29,,,,
2026-06-24,2026-06-24,2026-06-24,2026-06-24,2026-06-24T15:45:29,high_5_strategy,automated_swing_trading,Automated Swing Trading,HIGH5-PAPER-2026-06-24-RARE,HIGH5-PAPER-2026-06-24-RARE,RARE,BUY,LONG,29.32,29.32,29.32,high_5_entry_price,6821.0,6821.0,6821.0,FILLED,FILLED,FILLED,PAPER,True,False,False,ENTRY_WINDOW_OPEN_1545_1559_ET,15:45,3,100000.0,0.794118,Healthcare,floor((RESEARCH_ALLOCATION_USD * LEVERAGE) / entry_price),200000.0,2026-06-24T15:45:29,,,,
2026-06-24,2026-06-24,2026-06-24,2026-06-24,2026-06-24T15:45:29,high_5_strategy,automated_swing_trading,Automated Swing Trading,HIGH5-PAPER-2026-06-24-AGIO,HIGH5-PAPER-2026-06-24-AGIO,AGIO,BUY,LONG,36.35,36.35,36.35,high_5_entry_price,5502.0,5502.0,5502.0,FILLED,FILLED,FILLED,PAPER,True,False,False,ENTRY_WINDOW_OPEN_1545_1559_ET,15:45,4,100000.0,0.764706,Healthcare,floor((RESEARCH_ALLOCATION_USD * LEVERAGE) / entry_price),200000.0,2026-06-24T15:45:29,,,,
2026-06-24,2026-06-24,2026-06-24,2026-06-24,2026-06-24T15:45:29,high_5_strategy,automated_swing_trading,Automated Swing Trading,HIGH5-PAPER-2026-06-24-RCUS,HIGH5-PAPER-2026-06-24-RCUS,RCUS,BUY,LONG,29.35,29.35,29.35,high_5_entry_price,6814.0,6814.0,6814.0,FILLED,FILLED,FILLED,PAPER,True,False,False,ENTRY_WINDOW_OPEN_1545_1559_ET,15:45,5,100000.0,0.676471,Healthcare,floor((RESEARCH_ALLOCATION_USD * LEVERAGE) / entry_price),200000.0,2026-06-24T15:45:29,,,,
2026-06-25,2026-06-25,2026-06-25,2026-06-25,2026-06-25T15:45:10,high_5_strategy,automated_swing_trading,Automated Swing Trading,HIGH5-PAPER-2026-06-25-RARE,HIGH5-PAPER-2026-06-25-RARE,RARE,BUY,LONG,29.22,29.22,29.22,high_5_entry_price,6844.0,6844.0,6844.0,FILLED,FILLED,FILLED,PAPER,True,False,False,ENTRY_WINDOW_OPEN_1545_1559_ET,15:45,1,100000.0,0.863636,Healthcare,floor((RESEARCH_ALLOCATION_USD * LEVERAGE) / entry_price),200000.0,2026-06-25T15:45:10,,,,
2026-06-25,2026-06-25,2026-06-25,2026-06-25,2026-06-25T15:45:10,high_5_strategy,automated_swing_trading,Automated Swing Trading,HIGH5-PAPER-2026-06-25-AGIO,HIGH5-PAPER-2026-06-25-AGIO,AGIO,BUY,LONG,36.07,36.07,36.07,high_5_entry_price,5544.0,5544.0,5544.0,FILLED,FILLED,FILLED,PAPER,True,False,False,ENTRY_WINDOW_OPEN_1545_1559_ET,15:45,2,100000.0,0.818182,Healthcare,floor((RESEARCH_ALLOCATION_USD * LEVERAGE) / entry_price),200000.0,2026-06-25T15:45:10,,,,
2026-06-25,2026-06-25,2026-06-25,2026-06-25,2026-06-25T15:45:10,high_5_strategy,automated_swing_trading,Automated Swing Trading,HIGH5-PAPER-2026-06-25-LGND,HIGH5-PAPER-2026-06-25-LGND,LGND,BUY,LONG,294.2,294.2,294.2,high_5_entry_price,679.0,679.0,679.0,FILLED,FILLED,FILLED,PAPER,True,False,False,ENTRY_WINDOW_OPEN_1545_1559_ET,15:45,3,100000.0,0.727273,Healthcare,floor((RESEARCH_ALLOCATION_USD * LEVERAGE) / entry_price),200000.0,2026-06-25T15:45:10,,,,
2026-06-25,2026-06-25,2026-06-25,2026-06-25,2026-06-25T15:45:10,high_5_strategy,automated_swing_trading,Automated Swing Trading,HIGH5-PAPER-2026-06-25-CCS,HIGH5-PAPER-2026-06-25-CCS,CCS,BUY,LONG,69.7,69.7,69.7,high_5_entry_price,2869.0,2869.0,2869.0,FILLED,FILLED,FILLED,PAPER,True,False,False,ENTRY_WINDOW_OPEN_1545_1559_ET,15:45,4,100000.0,0.681818,Real Estate,floor((RESEARCH_ALLOCATION_USD * LEVERAGE) / entry_price),200000.0,2026-06-25T15:45:10,,,,
2026-06-25,2026-06-25,2026-06-25,2026-06-25,2026-06-25T15:45:10,high_5_strategy,automated_swing_trading,Automated Swing Trading,HIGH5-PAPER-2026-06-25-RCUS,HIGH5-PAPER-2026-06-25-RCUS,RCUS,BUY,LONG,30.26,30.26,30.26,high_5_entry_price,6609.0,6609.0,6609.0,FILLED,FILLED,FILLED,PAPER,True,False,False,ENTRY_WINDOW_OPEN_1545_1559_ET,15:45,5,100000.0,0.681818,Healthcare,floor((RESEARCH_ALLOCATION_USD * LEVERAGE) / entry_price),200000.0,2026-06-25T15:45:10,,,,
2026-06-26,2026-06-26,2026-06-26,2026-06-26,2026-06-26T15:45:37,high_5_strategy,automated_swing_trading,Automated Swing Trading,HIGH5-PAPER-2026-06-26-ADPT,HIGH5-PAPER-2026-06-26-ADPT,ADPT,BUY,LONG,20.74,20.74,20.74,high_5_entry_price,9643.0,9643.0,9643.0,FILLED,FILLED,FILLED,PAPER,True,False,False,ENTRY_WINDOW_OPEN_1545_1559_ET,15:45,1,100000.0,0.972222,Healthcare,floor((RESEARCH_ALLOCATION_USD * LEVERAGE) / entry_price),200000.0,2026-06-26T15:45:37,,,,
2026-06-26,2026-06-26,2026-06-26,2026-06-26,2026-06-26T15:45:37,high_5_strategy,automated_swing_trading,Automated Swing Trading,HIGH5-PAPER-2026-06-26-LGND,HIGH5-PAPER-2026-06-26-LGND,LGND,BUY,LONG,296.01,296.01,296.01,high_5_entry_price,675.0,675.0,675.0,FILLED,FILLED,FILLED,PAPER,True,False,False,ENTRY_WINDOW_OPEN_1545_1559_ET,15:45,2,100000.0,0.805556,Healthcare,floor((RESEARCH_ALLOCATION_USD * LEVERAGE) / entry_price),200000.0,2026-06-26T15:45:37,,,,
2026-06-26,2026-06-26,2026-06-26,2026-06-26,2026-06-26T15:45:37,high_5_strategy,automated_swing_trading,Automated Swing Trading,HIGH5-PAPER-2026-06-26-TXG,HIGH5-PAPER-2026-06-26-TXG,TXG,BUY,LONG,35.07,35.07,35.07,high_5_entry_price,5702.0,5702.0,5702.0,FILLED,FILLED,FILLED,PAPER,True,False,False,ENTRY_WINDOW_OPEN_1545_1559_ET,15:45,3,100000.0,0.75,Technology,floor((RESEARCH_ALLOCATION_USD * LEVERAGE) / entry_price),200000.0,2026-06-26T15:45:37,,,,
2026-06-26,2026-06-26,2026-06-26,2026-06-26,2026-06-26T15:45:37,high_5_strategy,automated_swing_trading,Automated Swing Trading,HIGH5-PAPER-2026-06-26-GOLF,HIGH5-PAPER-2026-06-26-GOLF,GOLF,BUY,LONG,118.52,118.52,118.52,high_5_entry_price,1687.0,1687.0,1687.0,FILLED,FILLED,FILLED,PAPER,True,False,False,ENTRY_WINDOW_OPEN_1545_1559_ET,15:45,4,100000.0,0.75,Consumer Cyclical,floor((RESEARCH_ALLOCATION_USD * LEVERAGE) / entry_price),200000.0,2026-06-26T15:45:37,,,,
2026-06-26,2026-06-26,2026-06-26,2026-06-26,2026-06-26T15:45:37,high_5_strategy,automated_swing_trading,Automated Swing Trading,HIGH5-PAPER-2026-06-26-RCUS,HIGH5-PAPER-2026-06-26-RCUS,RCUS,BUY,LONG,30.22,30.22,30.22,high_5_entry_price,6618.0,6618.0,6618.0,FILLED,FILLED,FILLED,PAPER,True,False,False,ENTRY_WINDOW_OPEN_1545_1559_ET,15:45,5,100000.0,0.722222,Healthcare,floor((RESEARCH_ALLOCATION_USD * LEVERAGE) / entry_price),200000.0,2026-06-26T15:45:37,,,,
2026-06-29,2026-06-29,2026-06-29,2026-06-29,2026-06-29T15:45:19,high_5_strategy,automated_swing_trading,Automated Swing Trading,HIGH5-PAPER-2026-06-29-RCUS,HIGH5-PAPER-2026-06-29-RCUS,RCUS,BUY,LONG,31.2,31.2,31.2,high_5_entry_price,6410.0,6410.0,6410.0,FILLED,FILLED,FILLED,PAPER,True,False,False,ENTRY_WINDOW_OPEN_1545_1559_ET,15:45,1,100000.0,0.75,Healthcare,floor((RESEARCH_ALLOCATION_USD * LEVERAGE) / entry_price),200000.0,2026-06-29T15:45:19,,,,
2026-06-29,2026-06-29,2026-06-29,2026-06-29,2026-06-29T15:45:19,high_5_strategy,automated_swing_trading,Automated Swing Trading,HIGH5-PAPER-2026-06-29-RIGL,HIGH5-PAPER-2026-06-29-RIGL,RIGL,BUY,LONG,38.095,38.095,38.095,high_5_entry_price,5250.0,5250.0,5250.0,FILLED,FILLED,FILLED,PAPER,True,False,False,ENTRY_WINDOW_OPEN_1545_1559_ET,15:45,2,100000.0,0.75,Healthcare,floor((RESEARCH_ALLOCATION_USD * LEVERAGE) / entry_price),200000.0,2026-06-29T15:45:19,,,,
2026-06-29,2026-06-29,2026-06-29,2026-06-29,2026-06-29T15:45:19,high_5_strategy,automated_swing_trading,Automated Swing Trading,HIGH5-PAPER-2026-06-29-CCS,HIGH5-PAPER-2026-06-29-CCS,CCS,BUY,LONG,71.735,71.735,71.735,high_5_entry_price,2788.0,2788.0,2788.0,FILLED,FILLED,FILLED,PAPER,True,False,False,ENTRY_WINDOW_OPEN_1545_1559_ET,15:45,3,100000.0,0.75,Real Estate,floor((RESEARCH_ALLOCATION_USD * LEVERAGE) / entry_price),200000.0,2026-06-29T15:45:19,,,,
2026-06-29,2026-06-29,2026-06-29,2026-06-29,2026-06-29T15:45:19,high_5_strategy,automated_swing_trading,Automated Swing Trading,HIGH5-PAPER-2026-06-29-UAL,HIGH5-PAPER-2026-06-29-UAL,UAL,BUY,LONG,135.835,135.835,135.835,high_5_entry_price,1472.0,1472.0,1472.0,FILLED,FILLED,FILLED,PAPER,True,False,False,ENTRY_WINDOW_OPEN_1545_1559_ET,15:45,4,100000.0,0.5,Industrials,floor((RESEARCH_ALLOCATION_USD * LEVERAGE) / entry_price),200000.0,2026-06-29T15:45:19,,,,
2026-06-29,2026-06-29,2026-06-29,2026-06-29,2026-06-29T15:45:19,high_5_strategy,automated_swing_trading,Automated Swing Trading,HIGH5-PAPER-2026-06-29-BJRI,HIGH5-PAPER-2026-06-29-BJRI,BJRI,BUY,LONG,59.165,59.165,59.165,high_5_entry_price,3380.0,3380.0,3380.0,FILLED,FILLED,FILLED,PAPER,True,False,False,ENTRY_WINDOW_OPEN_1545_1559_ET,15:45,5,100000.0,0.5,Consumer Cyclical,floor((RESEARCH_ALLOCATION_USD * LEVERAGE) / entry_price),200000.0,2026-06-29T15:45:19,,,,
2026-06-30,2026-06-30,2026-06-30,2026-06-30,2026-06-30T15:45:17,high_5_strategy,automated_swing_trading,Automated Swing Trading,HIGH5-PAPER-2026-06-30-NRIX,HIGH5-PAPER-2026-06-30-NRIX,NRIX,BUY,LONG,24.68,24.68,24.68,high_5_entry_price,8103.0,8103.0,8103.0,FILLED,FILLED,FILLED,PAPER,True,False,False,ENTRY_WINDOW_OPEN_1545_1559_ET,15:45,1,100000.0,0.966667,Healthcare,floor((RESEARCH_ALLOCATION_USD * LEVERAGE) / entry_price),200000.0,2026-06-30T15:45:17,,,,
2026-06-30,2026-06-30,2026-06-30,2026-06-30,2026-06-30T15:45:17,high_5_strategy,automated_swing_trading,Automated Swing Trading,HIGH5-PAPER-2026-06-30-DAVE,HIGH5-PAPER-2026-06-30-DAVE,DAVE,BUY,LONG,373.35,373.35,373.35,high_5_entry_price,535.0,535.0,535.0,FILLED,FILLED,FILLED,PAPER,True,False,False,ENTRY_WINDOW_OPEN_1545_1559_ET,15:45,2,100000.0,0.8,Technology,floor((RESEARCH_ALLOCATION_USD * LEVERAGE) / entry_price),200000.0,2026-06-30T15:45:17,,,,
2026-06-30,2026-06-30,2026-06-30,2026-06-30,2026-06-30T15:45:17,high_5_strategy,automated_swing_trading,Automated Swing Trading,HIGH5-PAPER-2026-06-30-LGND,HIGH5-PAPER-2026-06-30-LGND,LGND,BUY,LONG,315.64,315.64,315.64,high_5_entry_price,633.0,633.0,633.0,FILLED,FILLED,FILLED,PAPER,True,False,False,ENTRY_WINDOW_OPEN_1545_1559_ET,15:45,3,100000.0,0.8,Healthcare,floor((RESEARCH_ALLOCATION_USD * LEVERAGE) / entry_price),200000.0,2026-06-30T15:45:17,,,,
2026-06-30,2026-06-30,2026-06-30,2026-06-30,2026-06-30T15:45:17,high_5_strategy,automated_swing_trading,Automated Swing Trading,HIGH5-PAPER-2026-06-30-HNGE,HIGH5-PAPER-2026-06-30-HNGE,HNGE,BUY,LONG,83.38,83.38,83.38,high_5_entry_price,2398.0,2398.0,2398.0,FILLED,FILLED,FILLED,PAPER,True,False,False,ENTRY_WINDOW_OPEN_1545_1559_ET,15:45,4,100000.0,0.733333,Healthcare,floor((RESEARCH_ALLOCATION_USD * LEVERAGE) / entry_price),200000.0,2026-06-30T15:45:17,,,,
2026-06-30,2026-06-30,2026-06-30,2026-06-30,2026-06-30T15:45:17,high_5_strategy,automated_swing_trading,Automated Swing Trading,HIGH5-PAPER-2026-06-30-WRBY,HIGH5-PAPER-2026-06-30-WRBY,WRBY,BUY,LONG,30.6,30.6,30.6,high_5_entry_price,6535.0,6535.0,6535.0,FILLED,FILLED,FILLED,PAPER,True,False,False,ENTRY_WINDOW_OPEN_1545_1559_ET,15:45,5,100000.0,0.633333,Healthcare,floor((RESEARCH_ALLOCATION_USD * LEVERAGE) / entry_price),200000.0,2026-06-30T15:45:17,,,,
2026-07-01,2026-07-01,2026-07-01,2026-07-01,2026-07-01T15:45:10,high_5_strategy,automated_swing_trading,Automated Swing Trading,HIGH5-PAPER-2026-07-01-NRIX,HIGH5-PAPER-2026-07-01-NRIX,NRIX,BUY,LONG,24.0601,24.0601,24.0601,high_5_entry_price,8312.0,8312.0,8312.0,FILLED,FILLED,FILLED,PAPER,True,False,False,ENTRY_WINDOW_OPEN_1545_1559_ET,15:45,1,100000.0,0.923077,Healthcare,floor((RESEARCH_ALLOCATION_USD * LEVERAGE) / entry_price),200000.0,2026-07-01T15:45:10,,,,
2026-07-01,2026-07-01,2026-07-01,2026-07-01,2026-07-01T15:45:10,high_5_strategy,automated_swing_trading,Automated Swing Trading,HIGH5-PAPER-2026-07-01-DAVE,HIGH5-PAPER-2026-07-01-DAVE,DAVE,BUY,LONG,396.94,396.94,396.94,high_5_entry_price,503.0,503.0,503.0,FILLED,FILLED,FILLED,PAPER,True,False,False,ENTRY_WINDOW_OPEN_1545_1559_ET,15:45,2,100000.0,0.923077,Technology,floor((RESEARCH_ALLOCATION_USD * LEVERAGE) / entry_price),200000.0,2026-07-01T15:45:10,,,,
2026-07-01,2026-07-01,2026-07-01,2026-07-01,2026-07-01T15:45:10,high_5_strategy,automated_swing_trading,Automated Swing Trading,HIGH5-PAPER-2026-07-01-GRPN,HIGH5-PAPER-2026-07-01-GRPN,GRPN,BUY,LONG,25.475,25.475,25.475,high_5_entry_price,7850.0,7850.0,7850.0,FILLED,FILLED,FILLED,PAPER,True,False,False,ENTRY_WINDOW_OPEN_1545_1559_ET,15:45,3,100000.0,0.884615,Communication Services,floor((RESEARCH_ALLOCATION_USD * LEVERAGE) / entry_price),200000.0,2026-07-01T15:45:10,,,,
2026-07-01,2026-07-01,2026-07-01,2026-07-01,2026-07-01T15:45:10,high_5_strategy,automated_swing_trading,Automated Swing Trading,HIGH5-PAPER-2026-07-01-OUST,HIGH5-PAPER-2026-07-01-OUST,OUST,BUY,LONG,61.325,61.325,61.325,high_5_entry_price,3261.0,3261.0,3261.0,FILLED,FILLED,FILLED,PAPER,True,False,False,ENTRY_WINDOW_OPEN_1545_1559_ET,15:45,4,100000.0,0.826923,Industrials,floor((RESEARCH_ALLOCATION_USD * LEVERAGE) / entry_price),200000.0,2026-07-01T15:45:10,,,,
2026-07-01,2026-07-01,2026-07-01,2026-07-01,2026-07-01T15:45:10,high_5_strategy,automated_swing_trading,Automated Swing Trading,HIGH5-PAPER-2026-07-01-LGND,HIGH5-PAPER-2026-07-01-LGND,LGND,BUY,LONG,312.34,312.34,312.34,high_5_entry_price,640.0,640.0,640.0,FILLED,FILLED,FILLED,PAPER,True,False,False,ENTRY_WINDOW_OPEN_1545_1559_ET,15:45,5,100000.0,0.75,Healthcare,floor((RESEARCH_ALLOCATION_USD * LEVERAGE) / entry_price),200000.0,2026-07-01T15:45:10,,,,
2026-07-02,2026-07-02,2026-07-02,2026-07-02,2026-07-02T15:46:33,high_5_strategy,automated_swing_trading,Automated Swing Trading,HIGH5-PAPER-2026-07-02-MRNA,HIGH5-PAPER-2026-07-02-MRNA,MRNA,BUY,LONG,78.75,78.75,78.75,high_5_entry_price,2539.0,2539.0,2539.0,FILLED,FILLED,FILLED,PAPER,True,False,False,ENTRY_WINDOW_OPEN_1545_1559_ET,15:45,1,100000.0,0.98,Healthcare,floor((RESEARCH_ALLOCATION_USD * LEVERAGE) / entry_price),200000.0,2026-07-02T15:46:33,,,,
2026-07-02,2026-07-02,2026-07-02,2026-07-02,2026-07-02T15:46:33,high_5_strategy,automated_swing_trading,Automated Swing Trading,HIGH5-PAPER-2026-07-02-DAVE,HIGH5-PAPER-2026-07-02-DAVE,DAVE,BUY,LONG,386.51,386.51,386.51,high_5_entry_price,517.0,517.0,517.0,FILLED,FILLED,FILLED,PAPER,True,False,False,ENTRY_WINDOW_OPEN_1545_1559_ET,15:45,2,100000.0,0.92,Technology,floor((RESEARCH_ALLOCATION_USD * LEVERAGE) / entry_price),200000.0,2026-07-02T15:46:33,,,,
2026-07-02,2026-07-02,2026-07-02,2026-07-02,2026-07-02T15:46:33,high_5_strategy,automated_swing_trading,Automated Swing Trading,HIGH5-PAPER-2026-07-02-GRPN,HIGH5-PAPER-2026-07-02-GRPN,GRPN,BUY,LONG,25.105,25.105,25.105,high_5_entry_price,7966.0,7966.0,7966.0,FILLED,FILLED,FILLED,PAPER,True,False,False,ENTRY_WINDOW_OPEN_1545_1559_ET,15:45,3,100000.0,0.9,Communication Services,floor((RESEARCH_ALLOCATION_USD * LEVERAGE) / entry_price),200000.0,2026-07-02T15:46:33,,,,
2026-07-02,2026-07-02,2026-07-02,2026-07-02,2026-07-02T15:46:33,high_5_strategy,automated_swing_trading,Automated Swing Trading,HIGH5-PAPER-2026-07-02-MAX,HIGH5-PAPER-2026-07-02-MAX,MAX,BUY,LONG,13.25,13.25,13.25,high_5_entry_price,15094.0,15094.0,15094.0,FILLED,FILLED,FILLED,PAPER,True,False,False,ENTRY_WINDOW_OPEN_1545_1559_ET,15:45,4,100000.0,0.8,Industrials,floor((RESEARCH_ALLOCATION_USD * LEVERAGE) / entry_price),200000.0,2026-07-02T15:46:33,,,,
2026-07-02,2026-07-02,2026-07-02,2026-07-02,2026-07-02T15:46:33,high_5_strategy,automated_swing_trading,Automated Swing Trading,HIGH5-PAPER-2026-07-02-ADPT,HIGH5-PAPER-2026-07-02-ADPT,ADPT,BUY,LONG,21.525,21.525,21.525,high_5_entry_price,9291.0,9291.0,9291.0,FILLED,FILLED,FILLED,PAPER,True,False,False,ENTRY_WINDOW_OPEN_1545_1559_ET,15:45,5,100000.0,0.76,Healthcare,floor((RESEARCH_ALLOCATION_USD * LEVERAGE) / entry_price),200000.0,2026-07-02T15:46:33,,,,
2026-07-06,2026-07-06,2026-07-06,2026-07-06,2026-07-06T15:45:20,high_5_strategy,automated_swing_trading,Automated Swing Trading,HIGH5-PAPER-2026-07-06-MRNA,HIGH5-PAPER-2026-07-06-MRNA,MRNA,BUY,LONG,81.075,81.075,81.075,high_5_entry_price,2466.0,2466.0,2466.0,FILLED,FILLED,FILLED,PAPER,True,False,False,ENTRY_WINDOW_OPEN_1545_1559_ET,15:45,1,100000.0,0.985294,Healthcare,floor((RESEARCH_ALLOCATION_USD * LEVERAGE) / entry_price),200000.0,2026-07-06T15:45:20,,,,
2026-07-06,2026-07-06,2026-07-06,2026-07-06,2026-07-06T15:45:20,high_5_strategy,automated_swing_trading,Automated Swing Trading,HIGH5-PAPER-2026-07-06-DAVE,HIGH5-PAPER-2026-07-06-DAVE,DAVE,BUY,LONG,392.89,392.89,392.89,high_5_entry_price,509.0,509.0,509.0,FILLED,FILLED,FILLED,PAPER,True,False,False,ENTRY_WINDOW_OPEN_1545_1559_ET,15:45,2,100000.0,0.941176,Technology,floor((RESEARCH_ALLOCATION_USD * LEVERAGE) / entry_price),200000.0,2026-07-06T15:45:20,,,,
2026-07-06,2026-07-06,2026-07-06,2026-07-06,2026-07-06T15:45:20,high_5_strategy,automated_swing_trading,Automated Swing Trading,HIGH5-PAPER-2026-07-06-ATEX,HIGH5-PAPER-2026-07-06-ATEX,ATEX,BUY,LONG,105.71,105.71,105.71,high_5_entry_price,1891.0,1891.0,1891.0,FILLED,FILLED,FILLED,PAPER,True,False,False,ENTRY_WINDOW_OPEN_1545_1559_ET,15:45,3,100000.0,0.911765,Communication Services,floor((RESEARCH_ALLOCATION_USD * LEVERAGE) / entry_price),200000.0,2026-07-06T15:45:20,,,,
2026-07-06,2026-07-06,2026-07-06,2026-07-06,2026-07-06T15:45:20,high_5_strategy,automated_swing_trading,Automated Swing Trading,HIGH5-PAPER-2026-07-06-TENB,HIGH5-PAPER-2026-07-06-TENB,TENB,BUY,LONG,41.7,41.7,41.7,high_5_entry_price,4796.0,4796.0,4796.0,FILLED,FILLED,FILLED,PAPER,True,False,False,ENTRY_WINDOW_OPEN_1545_1559_ET,15:45,4,100000.0,0.852941,Technology,floor((RESEARCH_ALLOCATION_USD * LEVERAGE) / entry_price),200000.0,2026-07-06T15:45:20,,,,
2026-07-06,2026-07-06,2026-07-06,2026-07-06,2026-07-06T15:45:20,high_5_strategy,automated_swing_trading,Automated Swing Trading,HIGH5-PAPER-2026-07-06-QLYS,HIGH5-PAPER-2026-07-06-QLYS,QLYS,BUY,LONG,158.82,158.82,158.82,high_5_entry_price,1259.0,1259.0,1259.0,FILLED,FILLED,FILLED,PAPER,True,False,False,ENTRY_WINDOW_OPEN_1545_1559_ET,15:45,5,100000.0,0.838235,Technology,floor((RESEARCH_ALLOCATION_USD * LEVERAGE) / entry_price),200000.0,2026-07-06T15:45:20,,,,
2026-07-07,2026-07-07,2026-07-07,2026-07-07,2026-07-07T15:45:34,high_5_strategy,automated_swing_trading,Automated Swing Trading,HIGH5-PAPER-2026-07-07-GRPN,HIGH5-PAPER-2026-07-07-GRPN,GRPN,BUY,LONG,27.37,27.37,27.37,high_5_entry_price,7307.0,7307.0,7307.0,FILLED,FILLED,FILLED,PAPER,True,False,False,ENTRY_WINDOW_OPEN_1545_1559_ET,15:45,1,100000.0,1.0,Communication Services,floor((RESEARCH_ALLOCATION_USD * LEVERAGE) / entry_price),200000.0,2026-07-07T15:45:34,,,,
2026-07-07,2026-07-07,2026-07-07,2026-07-07,2026-07-07T15:45:34,high_5_strategy,automated_swing_trading,Automated Swing Trading,HIGH5-PAPER-2026-07-07-DAVE,HIGH5-PAPER-2026-07-07-DAVE,DAVE,BUY,LONG,388.62,388.62,388.62,high_5_entry_price,514.0,514.0,514.0,FILLED,FILLED,FILLED,PAPER,True,False,False,ENTRY_WINDOW_OPEN_1545_1559_ET,15:45,2,100000.0,0.883333,Technology,floor((RESEARCH_ALLOCATION_USD * LEVERAGE) / entry_price),200000.0,2026-07-07T15:45:34,,,,
2026-07-07,2026-07-07,2026-07-07,2026-07-07,2026-07-07T15:45:34,high_5_strategy,automated_swing_trading,Automated Swing Trading,HIGH5-PAPER-2026-07-07-TENB,HIGH5-PAPER-2026-07-07-TENB,TENB,BUY,LONG,42.085,42.085,42.085,high_5_entry_price,4752.0,4752.0,4752.0,FILLED,FILLED,FILLED,PAPER,True,False,False,ENTRY_WINDOW_OPEN_1545_1559_ET,15:45,3,100000.0,0.866667,Technology,floor((RESEARCH_ALLOCATION_USD * LEVERAGE) / entry_price),200000.0,2026-07-07T15:45:34,,,,
2026-07-07,2026-07-07,2026-07-07,2026-07-07,2026-07-07T15:45:34,high_5_strategy,automated_swing_trading,Automated Swing Trading,HIGH5-PAPER-2026-07-07-ATEX,HIGH5-PAPER-2026-07-07-ATEX,ATEX,BUY,LONG,102.18,102.18,102.18,high_5_entry_price,1957.0,1957.0,1957.0,FILLED,FILLED,FILLED,PAPER,True,False,False,ENTRY_WINDOW_OPEN_1545_1559_ET,15:45,4,100000.0,0.866667,Communication Services,floor((RESEARCH_ALLOCATION_USD * LEVERAGE) / entry_price),200000.0,2026-07-07T15:45:34,,,,
2026-07-07,2026-07-07,2026-07-07,2026-07-07,2026-07-07T15:45:34,high_5_strategy,automated_swing_trading,Automated Swing Trading,HIGH5-PAPER-2026-07-07-QLYS,HIGH5-PAPER-2026-07-07-QLYS,QLYS,BUY,LONG,161.36,161.36,161.36,high_5_entry_price,1239.0,1239.0,1239.0,FILLED,FILLED,FILLED,PAPER,True,False,False,ENTRY_WINDOW_OPEN_1545_1559_ET,15:45,5,100000.0,0.766667,Technology,floor((RESEARCH_ALLOCATION_USD * LEVERAGE) / entry_price),200000.0,2026-07-07T15:45:34,,,,
2026-07-08,2026-07-08,2026-07-08,2026-07-08,2026-07-08T15:45:14,high_5_strategy,automated_swing_trading,Automated Swing Trading,HIGH5-PAPER-2026-07-08-GRPN,HIGH5-PAPER-2026-07-08-GRPN,GRPN,BUY,LONG,25.95,25.95,25.95,high_5_entry_price,7707.0,7707.0,7707.0,FILLED,FILLED,FILLED,PAPER,True,False,False,ENTRY_WINDOW_OPEN_1545_1559_ET,15:45,1,100000.0,1.0,Communication Services,floor((RESEARCH_ALLOCATION_USD * LEVERAGE) / entry_price),200000.0,2026-07-08T15:45:14,,,,
2026-07-08,2026-07-08,2026-07-08,2026-07-08,2026-07-08T15:45:14,high_5_strategy,automated_swing_trading,Automated Swing Trading,HIGH5-PAPER-2026-07-08-TENB,HIGH5-PAPER-2026-07-08-TENB,TENB,BUY,LONG,39.22,39.22,39.22,high_5_entry_price,5099.0,5099.0,5099.0,FILLED,FILLED,FILLED,PAPER,True,False,False,ENTRY_WINDOW_OPEN_1545_1559_ET,15:45,2,100000.0,0.907407,Technology,floor((RESEARCH_ALLOCATION_USD * LEVERAGE) / entry_price),200000.0,2026-07-08T15:45:14,,,,
2026-07-08,2026-07-08,2026-07-08,2026-07-08,2026-07-08T15:45:14,high_5_strategy,automated_swing_trading,Automated Swing Trading,HIGH5-PAPER-2026-07-08-QLYS,HIGH5-PAPER-2026-07-08-QLYS,QLYS,BUY,LONG,153.63,153.63,153.63,high_5_entry_price,1301.0,1301.0,1301.0,FILLED,FILLED,FILLED,PAPER,True,False,False,ENTRY_WINDOW_OPEN_1545_1559_ET,15:45,3,100000.0,0.833333,Technology,floor((RESEARCH_ALLOCATION_USD * LEVERAGE) / entry_price),200000.0,2026-07-08T15:45:14,,,,
2026-07-08,2026-07-08,2026-07-08,2026-07-08,2026-07-08T15:45:14,high_5_strategy,automated_swing_trading,Automated Swing Trading,HIGH5-PAPER-2026-07-08-MAX,HIGH5-PAPER-2026-07-08-MAX,MAX,BUY,LONG,13.57,13.57,13.57,high_5_entry_price,14738.0,14738.0,14738.0,FILLED,FILLED,FILLED,PAPER,True,False,False,ENTRY_WINDOW_OPEN_1545_1559_ET,15:45,4,100000.0,0.814815,Industrials,floor((RESEARCH_ALLOCATION_USD * LEVERAGE) / entry_price),200000.0,2026-07-08T15:45:14,,,,
2026-07-08,2026-07-08,2026-07-08,2026-07-08,2026-07-08T15:45:14,high_5_strategy,automated_swing_trading,Automated Swing Trading,HIGH5-PAPER-2026-07-08-PAY,HIGH5-PAPER-2026-07-08-PAY,PAY,BUY,LONG,27.93,27.93,27.93,high_5_entry_price,7160.0,7160.0,7160.0,FILLED,FILLED,FILLED,PAPER,True,False,False,ENTRY_WINDOW_OPEN_1545_1559_ET,15:45,5,100000.0,0.814815,Industrials,floor((RESEARCH_ALLOCATION_USD * LEVERAGE) / entry_price),200000.0,2026-07-08T15:45:14,,,,
2026-07-09,2026-07-09,2026-07-09,2026-07-09,2026-07-09T15:45:08,high_5_strategy,automated_swing_trading,Automated Swing Trading,HIGH5-PAPER-2026-07-09-RGNX,HIGH5-PAPER-2026-07-09-RGNX,RGNX,BUY,LONG,15.345,15.345,15.345,high_5_entry_price,13033.0,13033.0,13033.0,FILLED,FILLED,FILLED,PAPER,True,False,False,ENTRY_WINDOW_OPEN_1545_1559_ET,15:45,1,100000.0,0.979167,Unknown,floor((RESEARCH_ALLOCATION_USD * LEVERAGE) / entry_price),200000.0,2026-07-09T15:45:08,,,,
2026-07-09,2026-07-09,2026-07-09,2026-07-09,2026-07-09T15:45:08,high_5_strategy,automated_swing_trading,Automated Swing Trading,HIGH5-PAPER-2026-07-09-NGNE,HIGH5-PAPER-2026-07-09-NGNE,NGNE,BUY,LONG,42.615,42.615,42.615,high_5_entry_price,4693.0,4693.0,4693.0,FILLED,FILLED,FILLED,PAPER,True,False,False,ENTRY_WINDOW_OPEN_1545_1559_ET,15:45,2,100000.0,0.9375,Healthcare,floor((RESEARCH_ALLOCATION_USD * LEVERAGE) / entry_price),200000.0,2026-07-09T15:45:08,,,,
2026-07-09,2026-07-09,2026-07-09,2026-07-09,2026-07-09T15:45:08,high_5_strategy,automated_swing_trading,Automated Swing Trading,HIGH5-PAPER-2026-07-09-RPD,HIGH5-PAPER-2026-07-09-RPD,RPD,BUY,LONG,11.225,11.225,11.225,high_5_entry_price,17817.0,17817.0,17817.0,FILLED,FILLED,FILLED,PAPER,True,False,False,ENTRY_WINDOW_OPEN_1545_1559_ET,15:45,3,100000.0,0.895833,Unknown,floor((RESEARCH_ALLOCATION_USD * LEVERAGE) / entry_price),200000.0,2026-07-09T15:45:08,,,,
2026-07-09,2026-07-09,2026-07-09,2026-07-09,2026-07-09T15:45:08,high_5_strategy,automated_swing_trading,Automated Swing Trading,HIGH5-PAPER-2026-07-09-QLYS,HIGH5-PAPER-2026-07-09-QLYS,QLYS,BUY,LONG,156.21,156.21,156.21,high_5_entry_price,1280.0,1280.0,1280.0,FILLED,FILLED,FILLED,PAPER,True,False,False,ENTRY_WINDOW_OPEN_1545_1559_ET,15:45,4,100000.0,0.8125,Technology,floor((RESEARCH_ALLOCATION_USD * LEVERAGE) / entry_price),200000.0,2026-07-09T15:45:08,,,,
2026-07-09,2026-07-09,2026-07-09,2026-07-09,2026-07-09T15:45:08,high_5_strategy,automated_swing_trading,Automated Swing Trading,HIGH5-PAPER-2026-07-09-GSHD,HIGH5-PAPER-2026-07-09-GSHD,GSHD,BUY,LONG,51.42,51.42,51.42,high_5_entry_price,3889.0,3889.0,3889.0,FILLED,FILLED,FILLED,PAPER,True,False,False,ENTRY_WINDOW_OPEN_1545_1559_ET,15:45,5,100000.0,0.791667,Financial Services,floor((RESEARCH_ALLOCATION_USD * LEVERAGE) / entry_price),200000.0,2026-07-09T15:45:08,,,,
2026-07-10,2026-07-10,2026-07-10,2026-07-10,2026-07-10T15:45:28,high_5_strategy,automated_swing_trading,Automated Swing Trading,HIGH5-PAPER-2026-07-10-NGNE,HIGH5-PAPER-2026-07-10-NGNE,NGNE,BUY,LONG,39.54,39.54,39.54,high_5_entry_price,5058.0,5058.0,5058.0,FILLED,FILLED,FILLED,PAPER,True,False,False,ENTRY_WINDOW_OPEN_1545_1559_ET,15:45,1,100000.0,0.9,Healthcare,floor((RESEARCH_ALLOCATION_USD * LEVERAGE) / entry_price),200000.0,2026-07-10T15:45:28,,,,
2026-07-10,2026-07-10,2026-07-10,2026-07-10,2026-07-10T15:45:28,high_5_strategy,automated_swing_trading,Automated Swing Trading,HIGH5-PAPER-2026-07-10-TENB,HIGH5-PAPER-2026-07-10-TENB,TENB,BUY,LONG,40.32,40.32,40.32,high_5_entry_price,4960.0,4960.0,4960.0,FILLED,FILLED,FILLED,PAPER,True,False,False,ENTRY_WINDOW_OPEN_1545_1559_ET,15:45,2,100000.0,0.9,Technology,floor((RESEARCH_ALLOCATION_USD * LEVERAGE) / entry_price),200000.0,2026-07-10T15:45:28,,,,
2026-07-10,2026-07-10,2026-07-10,2026-07-10,2026-07-10T15:45:28,high_5_strategy,automated_swing_trading,Automated Swing Trading,HIGH5-PAPER-2026-07-10-GKOS,HIGH5-PAPER-2026-07-10-GKOS,GKOS,BUY,LONG,154.44,154.44,154.44,high_5_entry_price,1295.0,1295.0,1295.0,FILLED,FILLED,FILLED,PAPER,True,False,False,ENTRY_WINDOW_OPEN_1545_1559_ET,15:45,3,100000.0,0.5,Healthcare,floor((RESEARCH_ALLOCATION_USD * LEVERAGE) / entry_price),200000.0,2026-07-10T15:45:28,,,,
2026-07-10,2026-07-10,2026-07-10,2026-07-10,2026-07-10T15:45:28,high_5_strategy,automated_swing_trading,Automated Swing Trading,HIGH5-PAPER-2026-07-10-QLYS,HIGH5-PAPER-2026-07-10-QLYS,QLYS,BUY,LONG,152.98,152.98,152.98,high_5_entry_price,1307.0,1307.0,1307.0,FILLED,FILLED,FILLED,PAPER,True,False,False,ENTRY_WINDOW_OPEN_1545_1559_ET,15:45,4,100000.0,0.5,Technology,floor((RESEARCH_ALLOCATION_USD * LEVERAGE) / entry_price),200000.0,2026-07-10T15:45:28,,,,
2026-07-10,2026-07-10,2026-07-10,2026-07-10,2026-07-10T15:45:28,high_5_strategy,automated_swing_trading,Automated Swing Trading,HIGH5-PAPER-2026-07-10-ATRC,HIGH5-PAPER-2026-07-10-ATRC,ATRC,BUY,LONG,33.98,33.98,33.98,high_5_entry_price,5885.0,5885.0,5885.0,FILLED,FILLED,FILLED,PAPER,True,False,False,ENTRY_WINDOW_OPEN_1545_1559_ET,15:45,5,100000.0,0.2,Healthcare,floor((RESEARCH_ALLOCATION_USD * LEVERAGE) / entry_price),200000.0,2026-07-10T15:45:28,,,,
2026-07-13,2026-07-13,2026-07-13,2026-07-13,2026-07-13T15:45:12,high_5_strategy,automated_swing_trading,Automated Swing Trading,HIGH5-PAPER-2026-07-13-ENOV,HIGH5-PAPER-2026-07-13-ENOV,ENOV,BUY,LONG,26.37,26.37,26.37,high_5_entry_price,1083.0,1083.0,1083.0,FILLED,FILLED,FILLED,PAPER,True,False,False,ENTRY_WINDOW_OPEN_1545_1559_ET,15:45,1,28571.42857142857,0.833333,Healthcare,floor((RESEARCH_ALLOCATION_USD * LEVERAGE) / entry_price),28571.42857142857,2026-07-13T15:45:12,,,,
2026-07-13,2026-07-13,2026-07-13,2026-07-13,2026-07-13T15:45:12,high_5_strategy,automated_swing_trading,Automated Swing Trading,HIGH5-PAPER-2026-07-13-PBF,HIGH5-PAPER-2026-07-13-PBF,PBF,BUY,LONG,57.33,57.33,57.33,high_5_entry_price,498.0,498.0,498.0,FILLED,FILLED,FILLED,PAPER,True,False,False,ENTRY_WINDOW_OPEN_1545_1559_ET,15:45,2,28571.42857142857,0.75,Energy,floor((RESEARCH_ALLOCATION_USD * LEVERAGE) / entry_price),28571.42857142857,2026-07-13T15:45:12,,,,
2026-07-13,2026-07-13,2026-07-13,2026-07-13,2026-07-13T15:45:12,high_5_strategy,automated_swing_trading,Automated Swing Trading,HIGH5-PAPER-2026-07-13-BAND,HIGH5-PAPER-2026-07-13-BAND,BAND,BUY,LONG,74.865,74.865,74.865,high_5_entry_price,381.0,381.0,381.0,FILLED,FILLED,FILLED,PAPER,True,False,False,ENTRY_WINDOW_OPEN_1545_1559_ET,15:45,3,28571.42857142857,0.583333,Technology,floor((RESEARCH_ALLOCATION_USD * LEVERAGE) / entry_price),28571.42857142857,2026-07-13T15:45:12,,,,
2026-07-13,2026-07-13,2026-07-13,2026-07-13,2026-07-13T15:45:12,high_5_strategy,automated_swing_trading,Automated Swing Trading,HIGH5-PAPER-2026-07-13-CART,HIGH5-PAPER-2026-07-13-CART,CART,BUY,LONG,48.93,48.93,48.93,high_5_entry_price,583.0,583.0,583.0,FILLED,FILLED,FILLED,PAPER,True,False,False,ENTRY_WINDOW_OPEN_1545_1559_ET,15:45,4,28571.42857142857,0.5,Consumer Cyclical,floor((RESEARCH_ALLOCATION_USD * LEVERAGE) / entry_price),28571.42857142857,2026-07-13T15:45:12,,,,
2026-07-13,2026-07-13,2026-07-13,2026-07-13,2026-07-13T15:45:12,high_5_strategy,automated_swing_trading,Automated Swing Trading,HIGH5-PAPER-2026-07-13-ATRC,HIGH5-PAPER-2026-07-13-ATRC,ATRC,BUY,LONG,34.79,34.79,34.79,high_5_entry_price,821.0,821.0,821.0,FILLED,FILLED,FILLED,PAPER,True,False,False,ENTRY_WINDOW_OPEN_1545_1559_ET,15:45,5,28571.42857142857,0.5,Healthcare,floor((RESEARCH_ALLOCATION_USD * LEVERAGE) / entry_price),28571.42857142857,2026-07-13T15:45:12,,,,
2026-07-14,2026-07-14,2026-07-14,2026-07-14,2026-07-14T15:45:16,high_5_strategy,automated_swing_trading,Automated Swing Trading,HIGH5-PAPER-2026-07-14-NGNE,HIGH5-PAPER-2026-07-14-NGNE,NGNE,BUY,LONG,38.94,38.94,38.94,high_5_entry_price,733.0,733.0,733.0,FILLED,FILLED,FILLED,PAPER,True,False,False,ENTRY_WINDOW_OPEN_1545_1559_ET,15:45,1,28571.42857142857,0.944444,Healthcare,floor((RESEARCH_ALLOCATION_USD * LEVERAGE) / entry_price),28571.42857142857,2026-07-14T15:45:16,,,,
2026-07-14,2026-07-14,2026-07-14,2026-07-14,2026-07-14T15:45:16,high_5_strategy,automated_swing_trading,Automated Swing Trading,HIGH5-PAPER-2026-07-14-PBF,HIGH5-PAPER-2026-07-14-PBF,PBF,BUY,LONG,60.04,60.04,60.04,high_5_entry_price,475.0,475.0,475.0,FILLED,FILLED,FILLED,PAPER,True,False,False,ENTRY_WINDOW_OPEN_1545_1559_ET,15:45,2,28571.42857142857,0.666667,Energy,floor((RESEARCH_ALLOCATION_USD * LEVERAGE) / entry_price),28571.42857142857,2026-07-14T15:45:16,,,,
2026-07-14,2026-07-14,2026-07-14,2026-07-14,2026-07-14T15:45:16,high_5_strategy,automated_swing_trading,Automated Swing Trading,HIGH5-PAPER-2026-07-14-MESO,HIGH5-PAPER-2026-07-14-MESO,MESO,BUY,LONG,16.71,16.71,16.71,high_5_entry_price,1709.0,1709.0,1709.0,FILLED,FILLED,FILLED,PAPER,True,False,False,ENTRY_WINDOW_OPEN_1545_1559_ET,15:45,3,28571.42857142857,0.611111,Healthcare,floor((RESEARCH_ALLOCATION_USD * LEVERAGE) / entry_price),28571.42857142857,2026-07-14T15:45:16,,,,
2026-07-14,2026-07-14,2026-07-14,2026-07-14,2026-07-14T15:45:16,high_5_strategy,automated_swing_trading,Automated Swing Trading,HIGH5-PAPER-2026-07-14-BAND,HIGH5-PAPER-2026-07-14-BAND,BAND,BUY,LONG,76.235,76.235,76.235,high_5_entry_price,374.0,374.0,374.0,FILLED,FILLED,FILLED,PAPER,True,False,False,ENTRY_WINDOW_OPEN_1545_1559_ET,15:45,4,28571.42857142857,0.611111,Technology,floor((RESEARCH_ALLOCATION_USD * LEVERAGE) / entry_price),28571.42857142857,2026-07-14T15:45:16,,,,
2026-07-14,2026-07-14,2026-07-14,2026-07-14,2026-07-14T15:45:16,high_5_strategy,automated_swing_trading,Automated Swing Trading,HIGH5-PAPER-2026-07-14-REZI,HIGH5-PAPER-2026-07-14-REZI,REZI,BUY,LONG,36.98,36.98,36.98,high_5_entry_price,772.0,772.0,772.0,FILLED,FILLED,FILLED,PAPER,True,False,False,ENTRY_WINDOW_OPEN_1545_1559_ET,15:45,5,28571.42857142857,0.555556,Industrials,floor((RESEARCH_ALLOCATION_USD * LEVERAGE) / entry_price),28571.42857142857,2026-07-14T15:45:16,,,,
2026-07-15,2026-07-15,2026-07-15,2026-07-15,2026-07-15T15:45:27,high_5_strategy,automated_swing_trading,Automated Swing Trading,HIGH5-PAPER-2026-07-15-NGNE,HIGH5-PAPER-2026-07-15-NGNE,NGNE,BUY,LONG,39.48,39.48,39.48,high_5_entry_price,723.0,723.0,723.0,FILLED,FILLED,FILLED,PAPER,True,False,False,ENTRY_WINDOW_OPEN_1545_1559_ET,15:45,1,28571.42857142857,0.857143,Healthcare,floor((RESEARCH_ALLOCATION_USD * LEVERAGE) / entry_price),28571.42857142857,2026-07-15T15:45:27,,,,
2026-07-15,2026-07-15,2026-07-15,2026-07-15,2026-07-15T15:45:27,high_5_strategy,automated_swing_trading,Automated Swing Trading,HIGH5-PAPER-2026-07-15-PBF,HIGH5-PAPER-2026-07-15-PBF,PBF,BUY,LONG,56.96,56.96,56.96,high_5_entry_price,501.0,501.0,501.0,FILLED,FILLED,FILLED,PAPER,True,False,False,ENTRY_WINDOW_OPEN_1545_1559_ET,15:45,2,28571.42857142857,0.785714,Energy,floor((RESEARCH_ALLOCATION_USD * LEVERAGE) / entry_price),28571.42857142857,2026-07-15T15:45:27,,,,
2026-07-15,2026-07-15,2026-07-15,2026-07-15,2026-07-15T15:45:27,high_5_strategy,automated_swing_trading,Automated Swing Trading,HIGH5-PAPER-2026-07-15-MESO,HIGH5-PAPER-2026-07-15-MESO,MESO,BUY,LONG,18.05,18.05,18.05,high_5_entry_price,1582.0,1582.0,1582.0,FILLED,FILLED,FILLED,PAPER,True,False,False,ENTRY_WINDOW_OPEN_1545_1559_ET,15:45,3,28571.42857142857,0.642857,Healthcare,floor((RESEARCH_ALLOCATION_USD * LEVERAGE) / entry_price),28571.42857142857,2026-07-15T15:45:27,,,,
2026-07-15,2026-07-15,2026-07-15,2026-07-15,2026-07-15T15:45:27,high_5_strategy,automated_swing_trading,Automated Swing Trading,HIGH5-PAPER-2026-07-15-QLYS,HIGH5-PAPER-2026-07-15-QLYS,QLYS,BUY,LONG,159.27,159.27,159.27,high_5_entry_price,179.0,179.0,179.0,FILLED,FILLED,FILLED,PAPER,True,False,False,ENTRY_WINDOW_OPEN_1545_1559_ET,15:45,4,28571.42857142857,0.642857,Technology,floor((RESEARCH_ALLOCATION_USD * LEVERAGE) / entry_price),28571.42857142857,2026-07-15T15:45:27,,,,
2026-07-15,2026-07-15,2026-07-15,2026-07-15,2026-07-15T15:45:27,high_5_strategy,automated_swing_trading,Automated Swing Trading,HIGH5-PAPER-2026-07-15-REZI,HIGH5-PAPER-2026-07-15-REZI,REZI,BUY,LONG,35.105,35.105,35.105,high_5_entry_price,813.0,813.0,813.0,FILLED,FILLED,FILLED,PAPER,True,False,False,ENTRY_WINDOW_OPEN_1545_1559_ET,15:45,5,28571.42857142857,0.571429,Industrials,floor((RESEARCH_ALLOCATION_USD * LEVERAGE) / entry_price),28571.42857142857,2026-07-15T15:45:27,,,,
2026-07-16,2026-07-16,2026-07-16,2026-07-16,2026-07-16T15:45:11,high_5_strategy,automated_swing_trading,Automated Swing Trading,HIGH5-PAPER-2026-07-16-MESO,HIGH5-PAPER-2026-07-16-MESO,MESO,BUY,LONG,18.65,18.65,18.65,high_5_entry_price,1531.0,1531.0,1531.0,FILLED,FILLED,FILLED,PAPER,True,False,False,ENTRY_WINDOW_OPEN_1545_1559_ET,15:45,1,28571.42857142857,0.75,Healthcare,floor((RESEARCH_ALLOCATION_USD * LEVERAGE) / entry_price),28571.42857142857,2026-07-16T15:45:11,,,,
2026-07-16,2026-07-16,2026-07-16,2026-07-16,2026-07-16T15:45:11,high_5_strategy,automated_swing_trading,Automated Swing Trading,HIGH5-PAPER-2026-07-16-PBF,HIGH5-PAPER-2026-07-16-PBF,PBF,BUY,LONG,60.62,60.62,60.62,high_5_entry_price,471.0,471.0,471.0,FILLED,FILLED,FILLED,PAPER,True,False,False,ENTRY_WINDOW_OPEN_1545_1559_ET,15:45,2,28571.42857142857,0.75,Energy,floor((RESEARCH_ALLOCATION_USD * LEVERAGE) / entry_price),28571.42857142857,2026-07-16T15:45:11,,,,
2026-07-17,2026-07-17,2026-07-17,2026-07-17,2026-07-17T15:45:11,high_5_strategy,automated_swing_trading,Automated Swing Trading,HIGH5-PAPER-2026-07-17-REZI,HIGH5-PAPER-2026-07-17-REZI,REZI,BUY,LONG,37.58,37.58,37.58,high_5_entry_price,760.0,760.0,760.0,FILLED,FILLED,FILLED,PAPER,True,False,False,ENTRY_WINDOW_OPEN_1545_1554_ET,15:45,1,28571.42857142857,0.75,Industrials,floor((RESEARCH_ALLOCATION_USD * LEVERAGE) / entry_price),28571.42857142857,2026-07-17T15:45:11,,,,
2026-07-17,2026-07-17,2026-07-17,2026-07-17,2026-07-17T15:45:11,high_5_strategy,automated_swing_trading,Automated Swing Trading,HIGH5-PAPER-2026-07-17-PBF,HIGH5-PAPER-2026-07-17-PBF,PBF,BUY,LONG,61.765,61.765,61.765,high_5_entry_price,462.0,462.0,462.0,FILLED,FILLED,FILLED,PAPER,True,False,False,ENTRY_WINDOW_OPEN_1545_1554_ET,15:45,2,28571.42857142857,0.75,Energy,floor((RESEARCH_ALLOCATION_USD * LEVERAGE) / entry_price),28571.42857142857,2026-07-17T15:45:11,,,,
2026-07-20,2026-07-20,2026-07-20,2026-07-20,2026-07-20T15:45:07,high_5_strategy,automated_swing_trading,Automated Swing Trading,HIGH5-PAPER-2026-07-20-PBF,HIGH5-PAPER-2026-07-20-PBF,PBF,BUY,LONG,64.18,64.18,64.18,high_5_entry_price,445.0,445.0,445.0,FILLED,FILLED,FILLED,PAPER,True,False,False,ENTRY_WINDOW_OPEN_1545_1554_ET,15:45,1,28571.42857142857,1.0,Energy,floor((RESEARCH_ALLOCATION_USD * LEVERAGE) / entry_price),28571.42857142857,2026-07-20T15:45:07,,,,
2026-07-20,2026-07-20,2026-07-20,2026-07-20,2026-07-20T15:45:07,high_5_strategy,automated_swing_trading,Automated Swing Trading,HIGH5-PAPER-2026-07-20-ANDE,HIGH5-PAPER-2026-07-20-ANDE,ANDE,BUY,LONG,78.27,78.27,78.27,high_5_entry_price,365.0,365.0,365.0,FILLED,FILLED,FILLED,PAPER,True,False,False,ENTRY_WINDOW_OPEN_1545_1554_ET,15:45,2,28571.42857142857,0.5,Consumer Defensive,floor((RESEARCH_ALLOCATION_USD * LEVERAGE) / entry_price),28571.42857142857,2026-07-20T15:45:07,,,,
2026-07-20,2026-07-20,2026-07-20,2026-07-20,2026-07-20T15:45:07,high_5_strategy,automated_swing_trading,Automated Swing Trading,HIGH5-PAPER-2026-07-20-DINO,HIGH5-PAPER-2026-07-20-DINO,DINO,BUY,LONG,91.0922,91.0922,91.0922,high_5_entry_price,313.0,313.0,313.0,FILLED,FILLED,FILLED,PAPER,True,False,False,ENTRY_WINDOW_OPEN_1545_1554_ET,15:45,3,28571.42857142857,0.5,Energy,floor((RESEARCH_ALLOCATION_USD * LEVERAGE) / entry_price),28571.42857142857,2026-07-20T15:45:07,,,,
2026-07-21,2026-07-21,2026-07-21,2026-07-21,2026-07-21T15:45:24,high_5_strategy,automated_swing_trading,Automated Swing Trading,HIGH5-PAPER-2026-07-21-HUBG,HIGH5-PAPER-2026-07-21-HUBG,HUBG,BUY,LONG,50.705,50.705,50.705,high_5_entry_price,563.0,563.0,563.0,FILLED,FILLED,FILLED,PAPER,True,False,False,ENTRY_WINDOW_OPEN_1545_1554_ET,15:45,1,28571.42857142857,1.0,Industrials,floor((RESEARCH_ALLOCATION_USD * LEVERAGE) / entry_price),28571.42857142857,2026-07-21T15:45:24,,,,
2026-07-22,2026-07-22,2026-07-22,2026-07-22,2026-07-22T15:45:24,high_5_strategy,automated_swing_trading,Automated Swing Trading,HIGH5-PAPER-2026-07-22-FEIM,HIGH5-PAPER-2026-07-22-FEIM,FEIM,BUY,LONG,73.35,73.35,73.35,high_5_entry_price,389.0,389.0,389.0,FILLED,FILLED,FILLED,PAPER,True,False,False,ENTRY_WINDOW_OPEN_1545_1554_ET,15:45,1,28571.42857142857,0.75,Technology,floor((RESEARCH_ALLOCATION_USD * LEVERAGE) / entry_price),28571.42857142857,2026-07-22T15:45:24,,,,
2026-07-22,2026-07-22,2026-07-22,2026-07-22,2026-07-22T15:45:24,high_5_strategy,automated_swing_trading,Automated Swing Trading,HIGH5-PAPER-2026-07-22-HUBG,HIGH5-PAPER-2026-07-22-HUBG,HUBG,BUY,LONG,50.83,50.83,50.83,high_5_entry_price,562.0,562.0,562.0,FILLED,FILLED,FILLED,PAPER,True,False,False,ENTRY_WINDOW_OPEN_1545_1554_ET,15:45,2,28571.42857142857,0.75,Industrials,floor((RESEARCH_ALLOCATION_USD * LEVERAGE) / entry_price),28571.42857142857,2026-07-22T15:45:24,,,,
2026-07-23,2026-07-23,2026-07-23,2026-07-23,2026-07-23T15:45:25,high_5_strategy,automated_swing_trading,Automated Swing Trading,HIGH5-PAPER-2026-07-23-FEIM,HIGH5-PAPER-2026-07-23-FEIM,FEIM,BUY,LONG,72.9,72.9,72.9,high_5_entry_price,391.0,391.0,391.0,FILLED,FILLED,FILLED,PAPER,True,False,False,ENTRY_WINDOW_OPEN_1545_1554_ET,15:45,1,28571.42857142857,0.75,Technology,floor((RESEARCH_ALLOCATION_USD * LEVERAGE) / entry_price),28571.42857142857,2026-07-23T15:45:25,,,,
2026-07-23,2026-07-23,2026-07-23,2026-07-23,2026-07-23T15:45:25,high_5_strategy,automated_swing_trading,Automated Swing Trading,HIGH5-PAPER-2026-07-23-DINO,HIGH5-PAPER-2026-07-23-DINO,DINO,BUY,LONG,90.22,90.22,90.22,high_5_entry_price,316.0,316.0,316.0,FILLED,FILLED,FILLED,PAPER,True,False,False,ENTRY_WINDOW_OPEN_1545_1554_ET,15:45,2,28571.42857142857,0.75,Energy,floor((RESEARCH_ALLOCATION_USD * LEVERAGE) / entry_price),28571.42857142857,2026-07-23T15:45:25,,,,
2026-07-24,2026-07-24,2026-07-24,2026-07-24,2026-07-24T15:45:14,high_5_strategy,automated_swing_trading,Automated Swing Trading,HIGH5-PAPER-2026-07-24-FEIM,HIGH5-PAPER-2026-07-24-FEIM,FEIM,BUY,LONG,73.38,73.38,73.38,high_5_entry_price,389.0,389.0,389.0,FILLED,FILLED,FILLED,PAPER,True,False,False,ENTRY_WINDOW_OPEN_1545_1554_ET,15:45,1,28571.42857142857,0.9,Technology,floor((RESEARCH_ALLOCATION_USD * LEVERAGE) / entry_price),28571.42857142857,2026-07-24T15:45:14,,,,
2026-07-24,2026-07-24,2026-07-24,2026-07-24,2026-07-24T15:45:14,high_5_strategy,automated_swing_trading,Automated Swing Trading,HIGH5-PAPER-2026-07-24-TRV,HIGH5-PAPER-2026-07-24-TRV,TRV,BUY,LONG,386.065,386.065,386.065,high_5_entry_price,74.0,74.0,74.0,FILLED,FILLED,FILLED,PAPER,True,False,False,ENTRY_WINDOW_OPEN_1545_1554_ET,15:45,2,28571.42857142857,0.9,Financial Services,floor((RESEARCH_ALLOCATION_USD * LEVERAGE) / entry_price),28571.42857142857,2026-07-24T15:45:14,,,,
2026-07-24,2026-07-24,2026-07-24,2026-07-24,2026-07-24T15:45:14,high_5_strategy,automated_swing_trading,Automated Swing Trading,HIGH5-PAPER-2026-07-24-DRS,HIGH5-PAPER-2026-07-24-DRS,DRS,BUY,LONG,48.415,48.415,48.415,high_5_entry_price,590.0,590.0,590.0,FILLED,FILLED,FILLED,PAPER,True,False,False,ENTRY_WINDOW_OPEN_1545_1554_ET,15:45,3,28571.42857142857,0.5,Industrials,floor((RESEARCH_ALLOCATION_USD * LEVERAGE) / entry_price),28571.42857142857,2026-07-24T15:45:14,,,,
2026-07-24,2026-07-24,2026-07-24,2026-07-24,2026-07-24T15:45:14,high_5_strategy,automated_swing_trading,Automated Swing Trading,HIGH5-PAPER-2026-07-24-MEOH,HIGH5-PAPER-2026-07-24-MEOH,MEOH,BUY,LONG,56.62,56.62,56.62,high_5_entry_price,504.0,504.0,504.0,FILLED,FILLED,FILLED,PAPER,True,False,False,ENTRY_WINDOW_OPEN_1545_1554_ET,15:45,4,28571.42857142857,0.5,Basic Materials,floor((RESEARCH_ALLOCATION_USD * LEVERAGE) / entry_price),28571.42857142857,2026-07-24T15:45:14,,,,
2026-07-24,2026-07-24,2026-07-24,2026-07-24,2026-07-24T15:45:14,high_5_strategy,automated_swing_trading,Automated Swing Trading,HIGH5-PAPER-2026-07-24-CNK,HIGH5-PAPER-2026-07-24-CNK,CNK,BUY,LONG,33.225,33.225,33.225,high_5_entry_price,859.0,859.0,859.0,FILLED,FILLED,FILLED,PAPER,True,False,False,ENTRY_WINDOW_OPEN_1545_1554_ET,15:45,5,28571.42857142857,0.2,Communication Services,floor((RESEARCH_ALLOCATION_USD * LEVERAGE) / entry_price),28571.42857142857,2026-07-24T15:45:14,,,,
2026-07-27,2026-07-27,2026-07-27,2026-07-27,2026-07-27T15:46:12,high_5_strategy,automated_swing_trading,Automated Swing Trading,HIGH5-PAPER-2026-07-27-TRV,HIGH5-PAPER-2026-07-27-TRV,TRV,BUY,LONG,390.27,390.27,390.27,high_5_entry_price,73.0,73.0,73.0,FILLED,FILLED,FILLED,PAPER,True,False,False,ENTRY_WINDOW_OPEN_1545_1554_ET,15:45,1,28571.42857142857,0.833333,Financial Services,floor((RESEARCH_ALLOCATION_USD * LEVERAGE) / entry_price),28571.42857142857,2026-07-27T15:46:12,,,,
2026-07-27,2026-07-27,2026-07-27,2026-07-27,2026-07-27T15:46:12,high_5_strategy,automated_swing_trading,Automated Swing Trading,HIGH5-PAPER-2026-07-27-DYN,HIGH5-PAPER-2026-07-27-DYN,DYN,BUY,LONG,25.24,25.24,25.24,high_5_entry_price,1131.0,1131.0,1131.0,FILLED,FILLED,FILLED,PAPER,True,False,False,ENTRY_WINDOW_OPEN_1545_1554_ET,15:45,2,28571.42857142857,0.833333,Healthcare,floor((RESEARCH_ALLOCATION_USD * LEVERAGE) / entry_price),28571.42857142857,2026-07-27T15:46:12,,,,
2026-07-27,2026-07-27,2026-07-27,2026-07-27,2026-07-27T15:46:12,high_5_strategy,automated_swing_trading,Automated Swing Trading,HIGH5-PAPER-2026-07-27-FEIM,HIGH5-PAPER-2026-07-27-FEIM,FEIM,BUY,LONG,70.07,70.07,70.07,high_5_entry_price,407.0,407.0,407.0,FILLED,FILLED,FILLED,PAPER,True,False,False,ENTRY_WINDOW_OPEN_1545_1554_ET,15:45,3,28571.42857142857,0.75,Technology,floor((RESEARCH_ALLOCATION_USD * LEVERAGE) / entry_price),28571.42857142857,2026-07-27T15:46:12,,,,
2026-07-27,2026-07-27,2026-07-27,2026-07-27,2026-07-27T15:46:12,high_5_strategy,automated_swing_trading,Automated Swing Trading,HIGH5-PAPER-2026-07-27-DRS,HIGH5-PAPER-2026-07-27-DRS,DRS,BUY,LONG,48.485,48.485,48.485,high_5_entry_price,589.0,589.0,589.0,FILLED,FILLED,FILLED,PAPER,True,False,False,ENTRY_WINDOW_OPEN_1545_1554_ET,15:45,4,28571.42857142857,0.5,Industrials,floor((RESEARCH_ALLOCATION_USD * LEVERAGE) / entry_price),28571.42857142857,2026-07-27T15:46:12,,,,
2026-07-27,2026-07-27,2026-07-27,2026-07-27,2026-07-27T15:46:12,high_5_strategy,automated_swing_trading,Automated Swing Trading,HIGH5-PAPER-2026-07-27-GM,HIGH5-PAPER-2026-07-27-GM,GM,BUY,LONG,85.856,85.856,85.856,high_5_entry_price,332.0,332.0,332.0,FILLED,FILLED,FILLED,PAPER,True,False,False,ENTRY_WINDOW_OPEN_1545_1554_ET,15:45,5,28571.42857142857,0.416667,Consumer Cyclical,floor((RESEARCH_ALLOCATION_USD * LEVERAGE) / entry_price),28571.42857142857,2026-07-27T15:46:12,,,,
2026-07-28,2026-07-28,2026-07-28,2026-07-28,2026-07-28T15:45:13,high_5_strategy,automated_swing_trading,Automated Swing Trading,HIGH5-PAPER-2026-07-28-RNG,HIGH5-PAPER-2026-07-28-RNG,RNG,BUY,LONG,56.39,56.39,56.39,high_5_entry_price,506.0,506.0,506.0,FILLED,FILLED,FILLED,PAPER,True,False,False,ENTRY_WINDOW_OPEN_1545_1554_ET,15:45,1,28571.42857142857,1.0,Technology,floor((RESEARCH_ALLOCATION_USD * LEVERAGE) / entry_price),28571.42857142857,2026-07-28T15:45:13,,,,
2026-07-28,2026-07-28,2026-07-28,2026-07-28,2026-07-28T15:45:13,high_5_strategy,automated_swing_trading,Automated Swing Trading,HIGH5-PAPER-2026-07-28-GSHD,HIGH5-PAPER-2026-07-28-GSHD,GSHD,BUY,LONG,67.78,67.78,67.78,high_5_entry_price,421.0,421.0,421.0,FILLED,FILLED,FILLED,PAPER,True,False,False,ENTRY_WINDOW_OPEN_1545_1554_ET,15:45,2,28571.42857142857,0.85,Financial Services,floor((RESEARCH_ALLOCATION_USD * LEVERAGE) / entry_price),28571.42857142857,2026-07-28T15:45:13,,,,
2026-07-28,2026-07-28,2026-07-28,2026-07-28,2026-07-28T15:45:13,high_5_strategy,automated_swing_trading,Automated Swing Trading,HIGH5-PAPER-2026-07-28-ATRC,HIGH5-PAPER-2026-07-28-ATRC,ATRC,BUY,LONG,38.965,38.965,38.965,high_5_entry_price,733.0,733.0,733.0,FILLED,FILLED,FILLED,PAPER,True,False,False,ENTRY_WINDOW_OPEN_1545_1554_ET,15:45,3,28571.42857142857,0.75,Healthcare,floor((RESEARCH_ALLOCATION_USD * LEVERAGE) / entry_price),28571.42857142857,2026-07-28T15:45:13,,,,
2026-07-28,2026-07-28,2026-07-28,2026-07-28,2026-07-28T15:45:13,high_5_strategy,automated_swing_trading,Automated Swing Trading,HIGH5-PAPER-2026-07-28-IP,HIGH5-PAPER-2026-07-28-IP,IP,BUY,LONG,43.981,43.981,43.981,high_5_entry_price,649.0,649.0,649.0,FILLED,FILLED,FILLED,PAPER,True,False,False,ENTRY_WINDOW_OPEN_1545_1554_ET,15:45,4,28571.42857142857,0.6,Consumer Cyclical,floor((RESEARCH_ALLOCATION_USD * LEVERAGE) / entry_price),28571.42857142857,2026-07-28T15:45:13,,,,
2026-07-28,2026-07-28,2026-07-28,2026-07-28,2026-07-28T15:45:13,high_5_strategy,automated_swing_trading,Automated Swing Trading,HIGH5-PAPER-2026-07-28-TRV,HIGH5-PAPER-2026-07-28-TRV,TRV,BUY,LONG,395.68,395.68,395.68,high_5_entry_price,72.0,72.0,72.0,FILLED,FILLED,FILLED,PAPER,True,False,False,ENTRY_WINDOW_OPEN_1545_1554_ET,15:45,5,28571.42857142857,0.6,Financial Services,floor((RESEARCH_ALLOCATION_USD * LEVERAGE) / entry_price),28571.42857142857,2026-07-28T15:45:13,,,,
2026-07-29,2026-07-29,2026-07-29,2026-07-29,2026-07-29T15:45:27,high_5_strategy,automated_swing_trading,Automated Swing Trading,HIGH5-PAPER-2026-07-29-RNG,HIGH5-PAPER-2026-07-29-RNG,RNG,BUY,LONG,57.53,57.53,57.53,high_5_entry_price,496.0,496.0,496.0,FILLED,FILLED,FILLED,PAPER,True,False,False,ENTRY_WINDOW_OPEN_1545_1554_ET,15:45,1,28571.42857142857,1.0,Technology,floor((RESEARCH_ALLOCATION_USD * LEVERAGE) / entry_price),28571.42857142857,2026-07-29T15:45:27,,,,
2026-07-29,2026-07-29,2026-07-29,2026-07-29,2026-07-29T15:45:27,high_5_strategy,automated_swing_trading,Automated Swing Trading,HIGH5-PAPER-2026-07-29-FIVN,HIGH5-PAPER-2026-07-29-FIVN,FIVN,BUY,LONG,27.61,27.61,27.61,high_5_entry_price,1034.0,1034.0,1034.0,FILLED,FILLED,FILLED,PAPER,True,False,False,ENTRY_WINDOW_OPEN_1545_1554_ET,15:45,2,28571.42857142857,0.75,Technology,floor((RESEARCH_ALLOCATION_USD * LEVERAGE) / entry_price),28571.42857142857,2026-07-29T15:45:27,,,,
2026-07-29,2026-07-29,2026-07-29,2026-07-29,2026-07-29T15:45:27,high_5_strategy,automated_swing_trading,Automated Swing Trading,HIGH5-PAPER-2026-07-29-ATRC,HIGH5-PAPER-2026-07-29-ATRC,ATRC,BUY,LONG,40.285,40.285,40.285,high_5_entry_price,709.0,709.0,709.0,FILLED,FILLED,FILLED,PAPER,True,False,False,ENTRY_WINDOW_OPEN_1545_1554_ET,15:45,3,28571.42857142857,0.666667,Healthcare,floor((RESEARCH_ALLOCATION_USD * LEVERAGE) / entry_price),28571.42857142857,2026-07-29T15:45:27,,,,
2026-07-29,2026-07-29,2026-07-29,2026-07-29,2026-07-29T15:45:27,high_5_strategy,automated_swing_trading,Automated Swing Trading,HIGH5-PAPER-2026-07-29-TRV,HIGH5-PAPER-2026-07-29-TRV,TRV,BUY,LONG,393.9,393.9,393.9,high_5_entry_price,72.0,72.0,72.0,FILLED,FILLED,FILLED,PAPER,True,False,False,ENTRY_WINDOW_OPEN_1545_1554_ET,15:45,4,28571.42857142857,0.583333,Financial Services,floor((RESEARCH_ALLOCATION_USD * LEVERAGE) / entry_price),28571.42857142857,2026-07-29T15:45:27,,,,
2026-07-29,2026-07-29,2026-07-29,2026-07-29,2026-07-29T15:45:27,high_5_strategy,automated_swing_trading,Automated Swing Trading,HIGH5-PAPER-2026-07-29-FAF,HIGH5-PAPER-2026-07-29-FAF,FAF,BUY,LONG,79.265,79.265,79.265,high_5_entry_price,360.0,360.0,360.0,FILLED,FILLED,FILLED,PAPER,True,False,False,ENTRY_WINDOW_OPEN_1545_1554_ET,15:45,5,28571.42857142857,0.333333,Financial Services,floor((RESEARCH_ALLOCATION_USD * LEVERAGE) / entry_price),28571.42857142857,2026-07-29T15:45:27,,,,
2026-07-30,2026-07-30,2026-07-30,2026-07-30,2026-07-30T15:45:09,high_5_strategy,automated_swing_trading,Automated Swing Trading,HIGH5-PAPER-2026-07-30-RNG,HIGH5-PAPER-2026-07-30-RNG,RNG,BUY,LONG,54.155,54.155,54.155,high_5_entry_price,527.0,527.0,527.0,FILLED,FILLED,FILLED,PAPER,True,False,False,ENTRY_WINDOW_OPEN_1545_1554_ET,15:45,1,28571.42857142857,0.916667,Technology,floor((RESEARCH_ALLOCATION_USD * LEVERAGE) / entry_price),28571.42857142857,2026-07-30T15:45:09,,,,
2026-07-30,2026-07-30,2026-07-30,2026-07-30,2026-07-30T15:45:09,high_5_strategy,automated_swing_trading,Automated Swing Trading,HIGH5-PAPER-2026-07-30-ATRC,HIGH5-PAPER-2026-07-30-ATRC,ATRC,BUY,LONG,40.46,40.46,40.46,high_5_entry_price,706.0,706.0,706.0,FILLED,FILLED,FILLED,PAPER,True,False,False,ENTRY_WINDOW_OPEN_1545_1554_ET,15:45,2,28571.42857142857,0.75,Healthcare,floor((RESEARCH_ALLOCATION_USD * LEVERAGE) / entry_price),28571.42857142857,2026-07-30T15:45:09,,,,
2026-07-30,2026-07-30,2026-07-30,2026-07-30,2026-07-30T15:45:09,high_5_strategy,automated_swing_trading,Automated Swing Trading,HIGH5-PAPER-2026-07-30-FIVN,HIGH5-PAPER-2026-07-30-FIVN,FIVN,BUY,LONG,27.57,27.57,27.57,high_5_entry_price,1036.0,1036.0,1036.0,FILLED,FILLED,FILLED,PAPER,True,False,False,ENTRY_WINDOW_OPEN_1545_1554_ET,15:45,3,28571.42857142857,0.666667,Technology,floor((RESEARCH_ALLOCATION_USD * LEVERAGE) / entry_price),28571.42857142857,2026-07-30T15:45:09,,,,
2026-07-30,2026-07-30,2026-07-30,2026-07-30,2026-07-30T15:45:09,high_5_strategy,automated_swing_trading,Automated Swing Trading,HIGH5-PAPER-2026-07-30-AMTB,HIGH5-PAPER-2026-07-30-AMTB,AMTB,BUY,LONG,29.67,29.67,29.67,high_5_entry_price,962.0,962.0,962.0,FILLED,FILLED,FILLED,PAPER,True,False,False,ENTRY_WINDOW_OPEN_1545_1554_ET,15:45,4,28571.42857142857,0.5,Financial Services,floor((RESEARCH_ALLOCATION_USD * LEVERAGE) / entry_price),28571.42857142857,2026-07-30T15:45:09,,,,
2026-07-30,2026-07-30,2026-07-30,2026-07-30,2026-07-30T15:45:09,high_5_strategy,automated_swing_trading,Automated Swing Trading,HIGH5-PAPER-2026-07-30-WEX,HIGH5-PAPER-2026-07-30-WEX,WEX,BUY,LONG,184.58,184.58,184.58,high_5_entry_price,154.0,154.0,154.0,FILLED,FILLED,FILLED,PAPER,True,False,False,ENTRY_WINDOW_OPEN_1545_1554_ET,15:45,5,28571.42857142857,0.5,Industrials,floor((RESEARCH_ALLOCATION_USD * LEVERAGE) / entry_price),28571.42857142857,2026-07-30T15:45:09,,,,
2026-07-08,2026-06-26,2026-06-26,2026-06-26,2026-07-31T10:09:14-04:00,high_5_strategy,automated_swing_trading,Automated Swing Trading,HIGH5-PAPER-2026-06-26-ADPT:SELL:2026-07-08,HIGH5-PAPER-2026-06-26-ADPT:SELL:2026-07-08,ADPT,SELL,LONG,20.74,20.16,20.16,high_5_time_exit_bar_close,9643.0,9643.0,9643.0,FILLED,FILLED,CLOSED,PAPER,True,False,False,ENTRY_WINDOW_OPEN_1545_1559_ET,15:45,1,100000.0,0.972222,Healthcare,floor((RESEARCH_ALLOCATION_USD * LEVERAGE) / entry_price),200000.0,2026-07-31T10:09:14-04:00,TIME_EXIT,7.0,2026-07-08,HIGH5-PAPER-2026-06-26-ADPT
2026-07-14,2026-07-02,2026-07-02,2026-07-02,2026-07-31T10:09:14-04:00,high_5_strategy,automated_swing_trading,Automated Swing Trading,HIGH5-PAPER-2026-07-02-ADPT:SELL:2026-07-14,HIGH5-PAPER-2026-07-02-ADPT:SELL:2026-07-14,ADPT,SELL,LONG,21.525,21.43,21.43,high_5_time_exit_bar_close,9291.0,9291.0,9291.0,FILLED,FILLED,CLOSED,PAPER,True,False,False,ENTRY_WINDOW_OPEN_1545_1559_ET,15:45,5,100000.0,0.76,Healthcare,floor((RESEARCH_ALLOCATION_USD * LEVERAGE) / entry_price),200000.0,2026-07-31T10:09:14-04:00,TIME_EXIT,7.0,2026-07-14,HIGH5-PAPER-2026-07-02-ADPT
2026-07-01,2026-06-22,2026-06-22,2026-06-22,2026-07-31T10:09:14-04:00,high_5_strategy,automated_swing_trading,Automated Swing Trading,HIGH5-PAPER-2026-06-22-AGIO:SELL:2026-07-01,HIGH5-PAPER-2026-06-22-AGIO:SELL:2026-07-01,AGIO,SELL,LONG,35.08,37.08,37.08,high_5_time_exit_bar_close,5701.0,5701.0,5701.0,FILLED,FILLED,CLOSED,PAPER,True,False,False,ENTRY_WINDOW_OPEN_1545_1559_ET,15:45,5,100000.0,0.4375,Healthcare,floor((RESEARCH_ALLOCATION_USD * LEVERAGE) / entry_price),200000.0,2026-07-31T10:09:14-04:00,TIME_EXIT,7.0,2026-07-01,HIGH5-PAPER-2026-06-22-AGIO
2026-07-06,2026-06-24,2026-06-24,2026-06-24,2026-07-31T10:09:14-04:00,high_5_strategy,automated_swing_trading,Automated Swing Trading,HIGH5-PAPER-2026-06-24-AGIO:SELL:2026-07-06,HIGH5-PAPER-2026-06-24-AGIO:SELL:2026-07-06,AGIO,SELL,LONG,36.35,37.39,37.39,high_5_time_exit_bar_close,5502.0,5502.0,5502.0,FILLED,FILLED,CLOSED,PAPER,True,False,False,ENTRY_WINDOW_OPEN_1545_1559_ET,15:45,4,100000.0,0.764706,Healthcare,floor((RESEARCH_ALLOCATION_USD * LEVERAGE) / entry_price),200000.0,2026-07-31T10:09:14-04:00,TIME_EXIT,7.0,2026-07-06,HIGH5-PAPER-2026-06-24-AGIO
2026-07-07,2026-06-25,2026-06-25,2026-06-25,2026-07-31T10:09:14-04:00,high_5_strategy,automated_swing_trading,Automated Swing Trading,HIGH5-PAPER-2026-06-25-AGIO:SELL:2026-07-07,HIGH5-PAPER-2026-06-25-AGIO:SELL:2026-07-07,AGIO,SELL,LONG,36.07,44.01,44.01,high_5_time_exit_bar_close,5544.0,5544.0,5544.0,FILLED,FILLED,CLOSED,PAPER,True,False,False,ENTRY_WINDOW_OPEN_1545_1559_ET,15:45,2,100000.0,0.818182,Healthcare,floor((RESEARCH_ALLOCATION_USD * LEVERAGE) / entry_price),200000.0,2026-07-31T10:09:14-04:00,TIME_EXIT,7.0,2026-07-07,HIGH5-PAPER-2026-06-25-AGIO
2026-07-01,2026-06-22,2026-06-22,2026-06-22,2026-07-31T10:09:14-04:00,high_5_strategy,automated_swing_trading,Automated Swing Trading,HIGH5-PAPER-2026-06-22-AIP:SELL:2026-07-01,HIGH5-PAPER-2026-06-22-AIP:SELL:2026-07-01,AIP,SELL,LONG,44.15,43.81,43.81,high_5_time_exit_bar_close,4530.0,4530.0,4530.0,FILLED,FILLED,CLOSED,PAPER,True,False,False,ENTRY_WINDOW_OPEN_1545_1559_ET,15:45,3,100000.0,0.75,Technology,floor((RESEARCH_ALLOCATION_USD * LEVERAGE) / entry_price),200000.0,2026-07-31T10:09:14-04:00,TIME_EXIT,7.0,2026-07-01,HIGH5-PAPER-2026-06-22-AIP
2026-07-02,2026-06-23,2026-06-23,2026-06-23,2026-07-31T10:09:14-04:00,high_5_strategy,automated_swing_trading,Automated Swing Trading,HIGH5-PAPER-2026-06-23-ALGT:SELL:2026-07-02,HIGH5-PAPER-2026-06-23-ALGT:SELL:2026-07-02,ALGT,SELL,LONG,103.885,118.67,118.67,high_5_time_exit_bar_close,1925.0,1925.0,1925.0,FILLED,FILLED,CLOSED,PAPER,True,False,False,ENTRY_WINDOW_OPEN_1545_1559_ET,15:45,3,100000.0,0.75,Industrials,floor((RESEARCH_ALLOCATION_USD * LEVERAGE) / entry_price),200000.0,2026-07-31T10:09:14-04:00,TIME_EXIT,7.0,2026-07-02,HIGH5-PAPER-2026-06-23-ALGT
2026-07-02,2026-06-23,2026-06-23,2026-06-23,2026-07-31T10:09:14-04:00,high_5_strategy,automated_swing_trading,Automated Swing Trading,HIGH5-PAPER-2026-06-23-AMLX:SELL:2026-07-02,HIGH5-PAPER-2026-06-23-AMLX:SELL:2026-07-02,AMLX,SELL,LONG,16.51,18.27,18.27,high_5_time_exit_bar_close,12113.0,12113.0,12113.0,FILLED,FILLED,CLOSED,PAPER,True,False,False,ENTRY_WINDOW_OPEN_1545_1559_ET,15:45,4,100000.0,0.5625,Healthcare,floor((RESEARCH_ALLOCATION_USD * LEVERAGE) / entry_price),200000.0,2026-07-31T10:09:14-04:00,TIME_EXIT,7.0,2026-07-02,HIGH5-PAPER-2026-06-23-AMLX
2026-07-29,2026-07-20,2026-07-20,2026-07-20,2026-07-31T10:09:14-04:00,high_5_strategy,automated_swing_trading,Automated Swing Trading,HIGH5-PAPER-2026-07-20-ANDE:SELL:2026-07-29,HIGH5-PAPER-2026-07-20-ANDE:SELL:2026-07-29,ANDE,SELL,LONG,78.27,70.17,70.17,high_5_time_exit_bar_close,365.0,365.0,365.0,FILLED,FILLED,CLOSED,PAPER,True,False,False,ENTRY_WINDOW_OPEN_1545_1554_ET,15:45,2,28571.42857142857,0.5,Consumer Defensive,floor((RESEARCH_ALLOCATION_USD * LEVERAGE) / entry_price),28571.42857142857,2026-07-31T10:09:14-04:00,TIME_EXIT,7.0,2026-07-29,HIGH5-PAPER-2026-07-20-ANDE
2026-06-30,2026-06-18,2026-06-18,2026-06-18,2026-07-31T10:09:14-04:00,high_5_strategy,automated_swing_trading,Automated Swing Trading,HIGH5-PAPER-2026-06-18-ARM:SELL:2026-06-30,HIGH5-PAPER-2026-06-18-ARM:SELL:2026-06-30,ARM,SELL,LONG,432.9,354.57,354.57,high_5_time_exit_bar_close,462.0,462.0,462.0,FILLED,FILLED,CLOSED,PAPER,True,False,False,ENTRY_WINDOW_OPEN_1545_1559_ET,15:45,2,100000.0,0.861111,Technology,floor((RESEARCH_ALLOCATION_USD * LEVERAGE) / entry_price),200000.0,2026-07-31T10:09:14-04:00,TIME_EXIT,7.0,2026-06-30,HIGH5-PAPER-2026-06-18-ARM
2026-07-15,2026-07-06,2026-07-06,2026-07-06,2026-07-31T10:09:14-04:00,high_5_strategy,automated_swing_trading,Automated Swing Trading,HIGH5-PAPER-2026-07-06-ATEX:SELL:2026-07-15,HIGH5-PAPER-2026-07-06-ATEX:SELL:2026-07-15,ATEX,SELL,LONG,105.71,105.34,105.34,high_5_time_exit_bar_close,1891.0,1891.0,1891.0,FILLED,FILLED,CLOSED,PAPER,True,False,False,ENTRY_WINDOW_OPEN_1545_1559_ET,15:45,3,100000.0,0.911765,Communication Services,floor((RESEARCH_ALLOCATION_USD * LEVERAGE) / entry_price),200000.0,2026-07-31T10:09:14-04:00,TIME_EXIT,7.0,2026-07-15,HIGH5-PAPER-2026-07-06-ATEX
2026-07-16,2026-07-07,2026-07-07,2026-07-07,2026-07-31T10:09:14-04:00,high_5_strategy,automated_swing_trading,Automated Swing Trading,HIGH5-PAPER-2026-07-07-ATEX:SELL:2026-07-16,HIGH5-PAPER-2026-07-07-ATEX:SELL:2026-07-16,ATEX,SELL,LONG,102.18,93.97,93.97,high_5_time_exit_bar_close,1957.0,1957.0,1957.0,FILLED,FILLED,CLOSED,PAPER,True,False,False,ENTRY_WINDOW_OPEN_1545_1559_ET,15:45,4,100000.0,0.866667,Communication Services,floor((RESEARCH_ALLOCATION_USD * LEVERAGE) / entry_price),200000.0,2026-07-31T10:09:14-04:00,TIME_EXIT,7.0,2026-07-16,HIGH5-PAPER-2026-07-07-ATEX
2026-07-21,2026-07-10,2026-07-10,2026-07-10,2026-07-31T10:09:14-04:00,high_5_strategy,automated_swing_trading,Automated Swing Trading,HIGH5-PAPER-2026-07-10-ATRC:SELL:2026-07-21,HIGH5-PAPER-2026-07-10-ATRC:SELL:2026-07-21,ATRC,SELL,LONG,33.98,34.505,34.505,high_5_time_exit_bar_close,5885.0,5885.0,5885.0,FILLED,FILLED,CLOSED,PAPER,True,False,False,ENTRY_WINDOW_OPEN_1545_1559_ET,15:45,5,100000.0,0.2,Healthcare,floor((RESEARCH_ALLOCATION_USD * LEVERAGE) / entry_price),200000.0,2026-07-31T10:09:14-04:00,TIME_EXIT,7.0,2026-07-21,HIGH5-PAPER-2026-07-10-ATRC
2026-07-22,2026-07-13,2026-07-13,2026-07-13,2026-07-31T10:09:14-04:00,high_5_strategy,automated_swing_trading,Automated Swing Trading,HIGH5-PAPER-2026-07-13-ATRC:SELL:2026-07-22,HIGH5-PAPER-2026-07-13-ATRC:SELL:2026-07-22,ATRC,SELL,LONG,34.79,33.52,33.52,high_5_time_exit_bar_close,821.0,821.0,821.0,FILLED,FILLED,CLOSED,PAPER,True,False,False,ENTRY_WINDOW_OPEN_1545_1559_ET,15:45,5,28571.42857142857,0.5,Healthcare,floor((RESEARCH_ALLOCATION_USD * LEVERAGE) / entry_price),28571.42857142857,2026-07-31T10:09:14-04:00,TIME_EXIT,7.0,2026-07-22,HIGH5-PAPER-2026-07-13-ATRC
2026-07-22,2026-07-13,2026-07-13,2026-07-13,2026-07-31T10:09:14-04:00,high_5_strategy,automated_swing_trading,Automated Swing Trading,HIGH5-PAPER-2026-07-13-BAND:SELL:2026-07-22,HIGH5-PAPER-2026-07-13-BAND:SELL:2026-07-22,BAND,SELL,LONG,74.865,64.37,64.37,high_5_time_exit_bar_close,381.0,381.0,381.0,FILLED,FILLED,CLOSED,PAPER,True,False,False,ENTRY_WINDOW_OPEN_1545_1559_ET,15:45,3,28571.42857142857,0.583333,Technology,floor((RESEARCH_ALLOCATION_USD * LEVERAGE) / entry_price),28571.42857142857,2026-07-31T10:09:14-04:00,TIME_EXIT,7.0,2026-07-22,HIGH5-PAPER-2026-07-13-BAND
2026-07-23,2026-07-14,2026-07-14,2026-07-14,2026-07-31T10:09:14-04:00,high_5_strategy,automated_swing_trading,Automated Swing Trading,HIGH5-PAPER-2026-07-14-BAND:SELL:2026-07-23,HIGH5-PAPER-2026-07-14-BAND:SELL:2026-07-23,BAND,SELL,LONG,76.235,58.74,58.74,high_5_time_exit_bar_close,374.0,374.0,374.0,FILLED,FILLED,CLOSED,PAPER,True,False,False,ENTRY_WINDOW_OPEN_1545_1559_ET,15:45,4,28571.42857142857,0.611111,Technology,floor((RESEARCH_ALLOCATION_USD * LEVERAGE) / entry_price),28571.42857142857,2026-07-31T10:09:14-04:00,TIME_EXIT,7.0,2026-07-23,HIGH5-PAPER-2026-07-14-BAND
2026-06-29,2026-06-17,2026-06-17,2026-06-17,2026-07-31T10:09:14-04:00,high_5_strategy,automated_swing_trading,Automated Swing Trading,HIGH5-PAPER-2026-06-17-BBAR:SELL:2026-06-29,HIGH5-PAPER-2026-06-17-BBAR:SELL:2026-06-29,BBAR,SELL,LONG,21.51,19.62,19.62,high_5_time_exit_bar_close,9298.0,9298.0,9298.0,FILLED,FILLED,CLOSED,PAPER,True,False,False,ENTRY_WINDOW_OPEN_1545_1559_ET,15:45,1,100000.0,0.909091,Financial Services,floor((RESEARCH_ALLOCATION_USD * LEVERAGE) / entry_price),200000.0,2026-07-31T10:09:14-04:00,TIME_EXIT,7.0,2026-06-29,HIGH5-PAPER-2026-06-17-BBAR
2026-06-30,2026-06-18,2026-06-18,2026-06-18,2026-07-31T10:09:14-04:00,high_5_strategy,automated_swing_trading,Automated Swing Trading,HIGH5-PAPER-2026-06-18-BBAR:SELL:2026-06-30,HIGH5-PAPER-2026-06-18-BBAR:SELL:2026-06-30,BBAR,SELL,LONG,22.26,19.61,19.61,high_5_time_exit_bar_close,8984.0,8984.0,8984.0,FILLED,FILLED,CLOSED,PAPER,True,False,False,ENTRY_WINDOW_OPEN_1545_1559_ET,15:45,1,100000.0,0.944444,Financial Services,floor((RESEARCH_ALLOCATION_USD * LEVERAGE) / entry_price),200000.0,2026-07-31T10:09:14-04:00,TIME_EXIT,7.0,2026-06-30,HIGH5-PAPER-2026-06-18-BBAR
2026-07-09,2026-06-29,2026-06-29,2026-06-29,2026-07-31T10:09:14-04:00,high_5_strategy,automated_swing_trading,Automated Swing Trading,HIGH5-PAPER-2026-06-29-BJRI:SELL:2026-07-09,HIGH5-PAPER-2026-06-29-BJRI:SELL:2026-07-09,BJRI,SELL,LONG,59.165,60.23,60.23,high_5_time_exit_bar_close,3380.0,3380.0,3380.0,FILLED,FILLED,CLOSED,PAPER,True,False,False,ENTRY_WINDOW_OPEN_1545_1559_ET,15:45,5,100000.0,0.5,Consumer Cyclical,floor((RESEARCH_ALLOCATION_USD * LEVERAGE) / entry_price),200000.0,2026-07-31T10:09:14-04:00,TIME_EXIT,7.0,2026-07-09,HIGH5-PAPER-2026-06-29-BJRI
2026-06-30,2026-06-18,2026-06-18,2026-06-18,2026-07-31T10:09:14-04:00,high_5_strategy,automated_swing_trading,Automated Swing Trading,HIGH5-PAPER-2026-06-18-BMA:SELL:2026-06-30,HIGH5-PAPER-2026-06-18-BMA:SELL:2026-06-30,BMA,SELL,LONG,103.16,92.59,92.59,high_5_time_exit_bar_close,1938.0,1938.0,1938.0,FILLED,FILLED,CLOSED,PAPER,True,False,False,ENTRY_WINDOW_OPEN_1545_1559_ET,15:45,5,100000.0,0.75,Financial Services,floor((RESEARCH_ALLOCATION_USD * LEVERAGE) / entry_price),200000.0,2026-07-31T10:09:14-04:00,TIME_EXIT,7.0,2026-06-30,HIGH5-PAPER-2026-06-18-BMA
2026-07-22,2026-07-13,2026-07-13,2026-07-13,2026-07-31T10:09:14-04:00,high_5_strategy,automated_swing_trading,Automated Swing Trading,HIGH5-PAPER-2026-07-13-CART:SELL:2026-07-22,HIGH5-PAPER-2026-07-13-CART:SELL:2026-07-22,CART,SELL,LONG,48.93,44.73,44.73,high_5_time_exit_bar_close,583.0,583.0,583.0,FILLED,FILLED,CLOSED,PAPER,True,False,False,ENTRY_WINDOW_OPEN_1545_1559_ET,15:45,4,28571.42857142857,0.5,Consumer Cyclical,floor((RESEARCH_ALLOCATION_USD * LEVERAGE) / entry_price),28571.42857142857,2026-07-31T10:09:14-04:00,TIME_EXIT,7.0,2026-07-22,HIGH5-PAPER-2026-07-13-CART
2026-07-07,2026-06-25,2026-06-25,2026-06-25,2026-07-31T10:09:14-04:00,high_5_strategy,automated_swing_trading,Automated Swing Trading,HIGH5-PAPER-2026-06-25-CCS:SELL:2026-07-07,HIGH5-PAPER-2026-06-25-CCS:SELL:2026-07-07,CCS,SELL,LONG,69.7,65.42,65.42,high_5_time_exit_bar_close,2869.0,2869.0,2869.0,FILLED,FILLED,CLOSED,PAPER,True,False,False,ENTRY_WINDOW_OPEN_1545_1559_ET,15:45,4,100000.0,0.681818,Real Estate,floor((RESEARCH_ALLOCATION_USD * LEVERAGE) / entry_price),200000.0,2026-07-31T10:09:14-04:00,TIME_EXIT,7.0,2026-07-07,HIGH5-PAPER-2026-06-25-CCS
2026-07-09,2026-06-29,2026-06-29,2026-06-29,2026-07-31T10:09:14-04:00,high_5_strategy,automated_swing_trading,Automated Swing Trading,HIGH5-PAPER-2026-06-29-CCS:SELL:2026-07-09,HIGH5-PAPER-2026-06-29-CCS:SELL:2026-07-09,CCS,SELL,LONG,71.735,64.59,64.59,high_5_time_exit_bar_close,2788.0,2788.0,2788.0,FILLED,FILLED,CLOSED,PAPER,True,False,False,ENTRY_WINDOW_OPEN_1545_1559_ET,15:45,3,100000.0,0.75,Real Estate,floor((RESEARCH_ALLOCATION_USD * LEVERAGE) / entry_price),200000.0,2026-07-31T10:09:14-04:00,TIME_EXIT,7.0,2026-07-09,HIGH5-PAPER-2026-06-29-CCS
2026-07-01,2026-06-22,2026-06-22,2026-06-22,2026-07-31T10:09:14-04:00,high_5_strategy,automated_swing_trading,Automated Swing Trading,HIGH5-PAPER-2026-06-22-CXW:SELL:2026-07-01,HIGH5-PAPER-2026-06-22-CXW:SELL:2026-07-01,CXW,SELL,LONG,29.805,31.01,31.01,high_5_time_exit_bar_close,6710.0,6710.0,6710.0,FILLED,FILLED,CLOSED,PAPER,True,False,False,ENTRY_WINDOW_OPEN_1545_1559_ET,15:45,4,100000.0,0.625,Industrials,floor((RESEARCH_ALLOCATION_USD * LEVERAGE) / entry_price),200000.0,2026-07-31T10:09:14-04:00,TIME_EXIT,7.0,2026-07-01,HIGH5-PAPER-2026-06-22-CXW
2026-07-02,2026-06-23,2026-06-23,2026-06-23,2026-07-31T10:09:14-04:00,high_5_strategy,automated_swing_trading,Automated Swing Trading,HIGH5-PAPER-2026-06-23-CXW:SELL:2026-07-02,HIGH5-PAPER-2026-06-23-CXW:SELL:2026-07-02,CXW,SELL,LONG,30.4,31.03,31.03,high_5_time_exit_bar_close,6578.0,6578.0,6578.0,FILLED,FILLED,CLOSED,PAPER,True,False,False,ENTRY_WINDOW_OPEN_1545_1559_ET,15:45,5,100000.0,0.5,Industrials,floor((RESEARCH_ALLOCATION_USD * LEVERAGE) / entry_price),200000.0,2026-07-31T10:09:14-04:00,TIME_EXIT,7.0,2026-07-02,HIGH5-PAPER-2026-06-23-CXW
2026-07-10,2026-06-30,2026-06-30,2026-06-30,2026-07-31T10:09:14-04:00,high_5_strategy,automated_swing_trading,Automated Swing Trading,HIGH5-PAPER-2026-06-30-DAVE:SELL:2026-07-10,HIGH5-PAPER-2026-06-30-DAVE:SELL:2026-07-10,DAVE,SELL,LONG,373.35,400.75,400.75,high_5_time_exit_bar_close,535.0,535.0,535.0,FILLED,FILLED,CLOSED,PAPER,True,False,False,ENTRY_WINDOW_OPEN_1545_1559_ET,15:45,2,100000.0,0.8,Technology,floor((RESEARCH_ALLOCATION_USD * LEVERAGE) / entry_price),200000.0,2026-07-31T10:09:14-04:00,TIME_EXIT,7.0,2026-07-10,HIGH5-PAPER-2026-06-30-DAVE
2026-07-13,2026-07-01,2026-07-01,2026-07-01,2026-07-31T10:09:14-04:00,high_5_strategy,automated_swing_trading,Automated Swing Trading,HIGH5-PAPER-2026-07-01-DAVE:SELL:2026-07-13,HIGH5-PAPER-2026-07-01-DAVE:SELL:2026-07-13,DAVE,SELL,LONG,396.94,389.56,389.56,high_5_time_exit_bar_close,503.0,503.0,503.0,FILLED,FILLED,CLOSED,PAPER,True,False,False,ENTRY_WINDOW_OPEN_1545_1559_ET,15:45,2,100000.0,0.923077,Technology,floor((RESEARCH_ALLOCATION_USD * LEVERAGE) / entry_price),200000.0,2026-07-31T10:09:14-04:00,TIME_EXIT,7.0,2026-07-13,HIGH5-PAPER-2026-07-01-DAVE
2026-07-14,2026-07-02,2026-07-02,2026-07-02,2026-07-31T10:09:14-04:00,high_5_strategy,automated_swing_trading,Automated Swing Trading,HIGH5-PAPER-2026-07-02-DAVE:SELL:2026-07-14,HIGH5-PAPER-2026-07-02-DAVE:SELL:2026-07-14,DAVE,SELL,LONG,386.51,417.0,417.0,high_5_time_exit_bar_close,517.0,517.0,517.0,FILLED,FILLED,CLOSED,PAPER,True,False,False,ENTRY_WINDOW_OPEN_1545_1559_ET,15:45,2,100000.0,0.92,Technology,floor((RESEARCH_ALLOCATION_USD * LEVERAGE) / entry_price),200000.0,2026-07-31T10:09:14-04:00,TIME_EXIT,7.0,2026-07-14,HIGH5-PAPER-2026-07-02-DAVE
2026-07-15,2026-07-06,2026-07-06,2026-07-06,2026-07-31T10:09:14-04:00,high_5_strategy,automated_swing_trading,Automated Swing Trading,HIGH5-PAPER-2026-07-06-DAVE:SELL:2026-07-15,HIGH5-PAPER-2026-07-06-DAVE:SELL:2026-07-15,DAVE,SELL,LONG,392.89,438.19,438.19,high_5_time_exit_bar_close,509.0,509.0,509.0,FILLED,FILLED,CLOSED,PAPER,True,False,False,ENTRY_WINDOW_OPEN_1545_1559_ET,15:45,2,100000.0,0.941176,Technology,floor((RESEARCH_ALLOCATION_USD * LEVERAGE) / entry_price),200000.0,2026-07-31T10:09:14-04:00,TIME_EXIT,7.0,2026-07-15,HIGH5-PAPER-2026-07-06-DAVE
2026-07-16,2026-07-07,2026-07-07,2026-07-07,2026-07-31T10:09:14-04:00,high_5_strategy,automated_swing_trading,Automated Swing Trading,HIGH5-PAPER-2026-07-07-DAVE:SELL:2026-07-16,HIGH5-PAPER-2026-07-07-DAVE:SELL:2026-07-16,DAVE,SELL,LONG,388.62,442.53,442.53,high_5_time_exit_bar_close,514.0,514.0,514.0,FILLED,FILLED,CLOSED,PAPER,True,False,False,ENTRY_WINDOW_OPEN_1545_1559_ET,15:45,2,100000.0,0.883333,Technology,floor((RESEARCH_ALLOCATION_USD * LEVERAGE) / entry_price),200000.0,2026-07-31T10:09:14-04:00,TIME_EXIT,7.0,2026-07-16,HIGH5-PAPER-2026-07-07-DAVE
2026-07-29,2026-07-20,2026-07-20,2026-07-20,2026-07-31T10:09:14-04:00,high_5_strategy,automated_swing_trading,Automated Swing Trading,HIGH5-PAPER-2026-07-20-DINO:SELL:2026-07-29,HIGH5-PAPER-2026-07-20-DINO:SELL:2026-07-29,DINO,SELL,LONG,91.0922,90.0,90.0,high_5_time_exit_bar_close,313.0,313.0,313.0,FILLED,FILLED,CLOSED,PAPER,True,False,False,ENTRY_WINDOW_OPEN_1545_1554_ET,15:45,3,28571.42857142857,0.5,Energy,floor((RESEARCH_ALLOCATION_USD * LEVERAGE) / entry_price),28571.42857142857,2026-07-31T10:09:14-04:00,TIME_EXIT,7.0,2026-07-29,HIGH5-PAPER-2026-07-20-DINO
2026-07-22,2026-07-13,2026-07-13,2026-07-13,2026-07-31T10:09:14-04:00,high_5_strategy,automated_swing_trading,Automated Swing Trading,HIGH5-PAPER-2026-07-13-ENOV:SELL:2026-07-22,HIGH5-PAPER-2026-07-13-ENOV:SELL:2026-07-22,ENOV,SELL,LONG,26.37,26.55,26.55,high_5_time_exit_bar_close,1083.0,1083.0,1083.0,FILLED,FILLED,CLOSED,PAPER,True,False,False,ENTRY_WINDOW_OPEN_1545_1559_ET,15:45,1,28571.42857142857,0.833333,Healthcare,floor((RESEARCH_ALLOCATION_USD * LEVERAGE) / entry_price),28571.42857142857,2026-07-31T10:09:14-04:00,TIME_EXIT,7.0,2026-07-22,HIGH5-PAPER-2026-07-13-ENOV
2026-07-31,2026-07-22,2026-07-22,2026-07-22,2026-07-31T10:09:14-04:00,high_5_strategy,automated_swing_trading,Automated Swing Trading,HIGH5-PAPER-2026-07-22-FEIM:SELL:2026-07-31,HIGH5-PAPER-2026-07-22-FEIM:SELL:2026-07-31,FEIM,SELL,LONG,73.35,57.25,57.25,high_5_time_exit_bar_close,389.0,389.0,389.0,FILLED,FILLED,CLOSED,PAPER,True,False,False,ENTRY_WINDOW_OPEN_1545_1554_ET,15:45,1,28571.42857142857,0.75,Technology,floor((RESEARCH_ALLOCATION_USD * LEVERAGE) / entry_price),28571.42857142857,2026-07-31T10:09:14-04:00,TIME_EXIT,7.0,2026-07-31,HIGH5-PAPER-2026-07-22-FEIM
2026-07-21,2026-07-10,2026-07-10,2026-07-10,2026-07-31T10:09:14-04:00,high_5_strategy,automated_swing_trading,Automated Swing Trading,HIGH5-PAPER-2026-07-10-GKOS:SELL:2026-07-21,HIGH5-PAPER-2026-07-10-GKOS:SELL:2026-07-21,GKOS,SELL,LONG,154.44,153.09,153.09,high_5_time_exit_bar_close,1295.0,1295.0,1295.0,FILLED,FILLED,CLOSED,PAPER,True,False,False,ENTRY_WINDOW_OPEN_1545_1559_ET,15:45,3,100000.0,0.5,Healthcare,floor((RESEARCH_ALLOCATION_USD * LEVERAGE) / entry_price),200000.0,2026-07-31T10:09:14-04:00,TIME_EXIT,7.0,2026-07-21,HIGH5-PAPER-2026-07-10-GKOS
2026-07-08,2026-06-26,2026-06-26,2026-06-26,2026-07-31T10:09:14-04:00,high_5_strategy,automated_swing_trading,Automated Swing Trading,HIGH5-PAPER-2026-06-26-GOLF:SELL:2026-07-08,HIGH5-PAPER-2026-06-26-GOLF:SELL:2026-07-08,GOLF,SELL,LONG,118.52,111.32,111.32,high_5_time_exit_bar_close,1687.0,1687.0,1687.0,FILLED,FILLED,CLOSED,PAPER,True,False,False,ENTRY_WINDOW_OPEN_1545_1559_ET,15:45,4,100000.0,0.75,Consumer Cyclical,floor((RESEARCH_ALLOCATION_USD * LEVERAGE) / entry_price),200000.0,2026-07-31T10:09:14-04:00,TIME_EXIT,7.0,2026-07-08,HIGH5-PAPER-2026-06-26-GOLF
2026-07-13,2026-07-01,2026-07-01,2026-07-01,2026-07-31T10:09:14-04:00,high_5_strategy,automated_swing_trading,Automated Swing Trading,HIGH5-PAPER-2026-07-01-GRPN:SELL:2026-07-13,HIGH5-PAPER-2026-07-01-GRPN:SELL:2026-07-13,GRPN,SELL,LONG,25.475,23.54,23.54,high_5_time_exit_bar_close,7850.0,7850.0,7850.0,FILLED,FILLED,CLOSED,PAPER,True,False,False,ENTRY_WINDOW_OPEN_1545_1559_ET,15:45,3,100000.0,0.884615,Communication Services,floor((RESEARCH_ALLOCATION_USD * LEVERAGE) / entry_price),200000.0,2026-07-31T10:09:14-04:00,TIME_EXIT,7.0,2026-07-13,HIGH5-PAPER-2026-07-01-GRPN
2026-07-14,2026-07-02,2026-07-02,2026-07-02,2026-07-31T10:09:14-04:00,high_5_strategy,automated_swing_trading,Automated Swing Trading,HIGH5-PAPER-2026-07-02-GRPN:SELL:2026-07-14,HIGH5-PAPER-2026-07-02-GRPN:SELL:2026-07-14,GRPN,SELL,LONG,25.105,25.6,25.6,high_5_time_exit_bar_close,7966.0,7966.0,7966.0,FILLED,FILLED,CLOSED,PAPER,True,False,False,ENTRY_WINDOW_OPEN_1545_1559_ET,15:45,3,100000.0,0.9,Communication Services,floor((RESEARCH_ALLOCATION_USD * LEVERAGE) / entry_price),200000.0,2026-07-31T10:09:14-04:00,TIME_EXIT,7.0,2026-07-14,HIGH5-PAPER-2026-07-02-GRPN
2026-07-16,2026-07-07,2026-07-07,2026-07-07,2026-07-31T10:09:14-04:00,high_5_strategy,automated_swing_trading,Automated Swing Trading,HIGH5-PAPER-2026-07-07-GRPN:SELL:2026-07-16,HIGH5-PAPER-2026-07-07-GRPN:SELL:2026-07-16,GRPN,SELL,LONG,27.37,28.58,28.58,high_5_time_exit_bar_close,7307.0,7307.0,7307.0,FILLED,FILLED,CLOSED,PAPER,True,False,False,ENTRY_WINDOW_OPEN_1545_1559_ET,15:45,1,100000.0,1.0,Communication Services,floor((RESEARCH_ALLOCATION_USD * LEVERAGE) / entry_price),200000.0,2026-07-31T10:09:14-04:00,TIME_EXIT,7.0,2026-07-16,HIGH5-PAPER-2026-07-07-GRPN
2026-07-17,2026-07-08,2026-07-08,2026-07-08,2026-07-31T10:09:14-04:00,high_5_strategy,automated_swing_trading,Automated Swing Trading,HIGH5-PAPER-2026-07-08-GRPN:SELL:2026-07-17,HIGH5-PAPER-2026-07-08-GRPN:SELL:2026-07-17,GRPN,SELL,LONG,25.95,27.83,27.83,high_5_time_exit_bar_close,7707.0,7707.0,7707.0,FILLED,FILLED,CLOSED,PAPER,True,False,False,ENTRY_WINDOW_OPEN_1545_1559_ET,15:45,1,100000.0,1.0,Communication Services,floor((RESEARCH_ALLOCATION_USD * LEVERAGE) / entry_price),200000.0,2026-07-31T10:09:14-04:00,TIME_EXIT,7.0,2026-07-17,HIGH5-PAPER-2026-07-08-GRPN
2026-07-20,2026-07-09,2026-07-09,2026-07-09,2026-07-31T10:09:14-04:00,high_5_strategy,automated_swing_trading,Automated Swing Trading,HIGH5-PAPER-2026-07-09-GSHD:SELL:2026-07-20,HIGH5-PAPER-2026-07-09-GSHD:SELL:2026-07-20,GSHD,SELL,LONG,51.42,57.23,57.23,high_5_time_exit_bar_close,3889.0,3889.0,3889.0,FILLED,FILLED,CLOSED,PAPER,True,False,False,ENTRY_WINDOW_OPEN_1545_1559_ET,15:45,5,100000.0,0.791667,Financial Services,floor((RESEARCH_ALLOCATION_USD * LEVERAGE) / entry_price),200000.0,2026-07-31T10:09:14-04:00,TIME_EXIT,7.0,2026-07-20,HIGH5-PAPER-2026-07-09-GSHD
2026-07-10,2026-06-30,2026-06-30,2026-06-30,2026-07-31T10:09:14-04:00,high_5_strategy,automated_swing_trading,Automated Swing Trading,HIGH5-PAPER-2026-06-30-HNGE:SELL:2026-07-10,HIGH5-PAPER-2026-06-30-HNGE:SELL:2026-07-10,HNGE,SELL,LONG,83.38,88.8,88.8,high_5_time_exit_bar_close,2398.0,2398.0,2398.0,FILLED,FILLED,CLOSED,PAPER,True,False,False,ENTRY_WINDOW_OPEN_1545_1559_ET,15:45,4,100000.0,0.733333,Healthcare,floor((RESEARCH_ALLOCATION_USD * LEVERAGE) / entry_price),200000.0,2026-07-31T10:09:14-04:00,TIME_EXIT,7.0,2026-07-10,HIGH5-PAPER-2026-06-30-HNGE
2026-07-30,2026-07-21,2026-07-21,2026-07-21,2026-07-31T10:09:14-04:00,high_5_strategy,automated_swing_trading,Automated Swing Trading,HIGH5-PAPER-2026-07-21-HUBG:SELL:2026-07-30,HIGH5-PAPER-2026-07-21-HUBG:SELL:2026-07-30,HUBG,SELL,LONG,50.705,45.41,45.41,high_5_time_exit_bar_close,563.0,563.0,563.0,FILLED,FILLED,CLOSED,PAPER,True,False,False,ENTRY_WINDOW_OPEN_1545_1554_ET,15:45,1,28571.42857142857,1.0,Industrials,floor((RESEARCH_ALLOCATION_USD * LEVERAGE) / entry_price),28571.42857142857,2026-07-31T10:09:14-04:00,TIME_EXIT,7.0,2026-07-30,HIGH5-PAPER-2026-07-21-HUBG
2026-07-31,2026-07-22,2026-07-22,2026-07-22,2026-07-31T10:09:14-04:00,high_5_strategy,automated_swing_trading,Automated Swing Trading,HIGH5-PAPER-2026-07-22-HUBG:SELL:2026-07-31,HIGH5-PAPER-2026-07-22-HUBG:SELL:2026-07-31,HUBG,SELL,LONG,50.83,45.7,45.7,high_5_time_exit_bar_close,562.0,562.0,562.0,FILLED,FILLED,CLOSED,PAPER,True,False,False,ENTRY_WINDOW_OPEN_1545_1554_ET,15:45,2,28571.42857142857,0.75,Industrials,floor((RESEARCH_ALLOCATION_USD * LEVERAGE) / entry_price),28571.42857142857,2026-07-31T10:09:14-04:00,TIME_EXIT,7.0,2026-07-31,HIGH5-PAPER-2026-07-22-HUBG
2026-06-30,2026-06-18,2026-06-18,2026-06-18,2026-07-31T10:09:14-04:00,high_5_strategy,automated_swing_trading,Automated Swing Trading,HIGH5-PAPER-2026-06-18-KLAC:SELL:2026-06-30,HIGH5-PAPER-2026-06-18-KLAC:SELL:2026-06-30,KLAC,SELL,LONG,259.625,301.71,301.71,high_5_time_exit_bar_close,770.0,770.0,770.0,FILLED,FILLED,CLOSED,PAPER,True,False,False,ENTRY_WINDOW_OPEN_1545_1559_ET,15:45,3,100000.0,0.805556,Technology,floor((RESEARCH_ALLOCATION_USD * LEVERAGE) / entry_price),200000.0,2026-07-31T10:09:14-04:00,TIME_EXIT,7.0,2026-06-30,HIGH5-PAPER-2026-06-18-KLAC
2026-07-07,2026-06-25,2026-06-25,2026-06-25,2026-07-31T10:09:14-04:00,high_5_strategy,automated_swing_trading,Automated Swing Trading,HIGH5-PAPER-2026-06-25-LGND:SELL:2026-07-07,HIGH5-PAPER-2026-06-25-LGND:SELL:2026-07-07,LGND,SELL,LONG,294.2,319.43,319.43,high_5_time_exit_bar_close,679.0,679.0,679.0,FILLED,FILLED,CLOSED,PAPER,True,False,False,ENTRY_WINDOW_OPEN_1545_1559_ET,15:45,3,100000.0,0.727273,Healthcare,floor((RESEARCH_ALLOCATION_USD * LEVERAGE) / entry_price),200000.0,2026-07-31T10:09:14-04:00,TIME_EXIT,7.0,2026-07-07,HIGH5-PAPER-2026-06-25-LGND
2026-07-08,2026-06-26,2026-06-26,2026-06-26,2026-07-31T10:09:14-04:00,high_5_strategy,automated_swing_trading,Automated Swing Trading,HIGH5-PAPER-2026-06-26-LGND:SELL:2026-07-08,HIGH5-PAPER-2026-06-26-LGND:SELL:2026-07-08,LGND,SELL,LONG,296.01,314.88,314.88,high_5_time_exit_bar_close,675.0,675.0,675.0,FILLED,FILLED,CLOSED,PAPER,True,False,False,ENTRY_WINDOW_OPEN_1545_1559_ET,15:45,2,100000.0,0.805556,Healthcare,floor((RESEARCH_ALLOCATION_USD * LEVERAGE) / entry_price),200000.0,2026-07-31T10:09:14-04:00,TIME_EXIT,7.0,2026-07-08,HIGH5-PAPER-2026-06-26-LGND
2026-07-10,2026-06-30,2026-06-30,2026-06-30,2026-07-31T10:09:14-04:00,high_5_strategy,automated_swing_trading,Automated Swing Trading,HIGH5-PAPER-2026-06-30-LGND:SELL:2026-07-10,HIGH5-PAPER-2026-06-30-LGND:SELL:2026-07-10,LGND,SELL,LONG,315.64,316.24,316.24,high_5_time_exit_bar_close,633.0,633.0,633.0,FILLED,FILLED,CLOSED,PAPER,True,False,False,ENTRY_WINDOW_OPEN_1545_1559_ET,15:45,3,100000.0,0.8,Healthcare,floor((RESEARCH_ALLOCATION_USD * LEVERAGE) / entry_price),200000.0,2026-07-31T10:09:14-04:00,TIME_EXIT,7.0,2026-07-10,HIGH5-PAPER-2026-06-30-LGND
2026-07-13,2026-07-01,2026-07-01,2026-07-01,2026-07-31T10:09:14-04:00,high_5_strategy,automated_swing_trading,Automated Swing Trading,HIGH5-PAPER-2026-07-01-LGND:SELL:2026-07-13,HIGH5-PAPER-2026-07-01-LGND:SELL:2026-07-13,LGND,SELL,LONG,312.34,309.25,309.25,high_5_time_exit_bar_close,640.0,640.0,640.0,FILLED,FILLED,CLOSED,PAPER,True,False,False,ENTRY_WINDOW_OPEN_1545_1559_ET,15:45,5,100000.0,0.75,Healthcare,floor((RESEARCH_ALLOCATION_USD * LEVERAGE) / entry_price),200000.0,2026-07-31T10:09:14-04:00,TIME_EXIT,7.0,2026-07-13,HIGH5-PAPER-2026-07-01-LGND
2026-06-29,2026-06-17,2026-06-17,2026-06-17,2026-07-31T10:09:14-04:00,high_5_strategy,automated_swing_trading,Automated Swing Trading,HIGH5-PAPER-2026-06-17-LRCX:SELL:2026-06-29,HIGH5-PAPER-2026-06-17-LRCX:SELL:2026-06-29,LRCX,SELL,LONG,389.96,410.91,410.91,high_5_time_exit_bar_close,512.0,512.0,512.0,FILLED,FILLED,CLOSED,PAPER,True,False,False,ENTRY_WINDOW_OPEN_1545_1559_ET,15:45,4,100000.0,0.727273,Technology,floor((RESEARCH_ALLOCATION_USD * LEVERAGE) / entry_price),200000.0,2026-07-31T10:09:14-04:00,TIME_EXIT,7.0,2026-06-29,HIGH5-PAPER-2026-06-17-LRCX
2026-07-06,2026-06-24,2026-06-24,2026-06-24,2026-07-31T10:09:14-04:00,high_5_strategy,automated_swing_trading,Automated Swing Trading,HIGH5-PAPER-2026-06-24-MAMA:SELL:2026-07-06,HIGH5-PAPER-2026-06-24-MAMA:SELL:2026-07-06,MAMA,SELL,LONG,19.47,18.65,18.65,high_5_time_exit_bar_close,10272.0,10272.0,10272.0,FILLED,FILLED,CLOSED,PAPER,True,False,False,ENTRY_WINDOW_OPEN_1545_1559_ET,15:45,1,100000.0,0.941176,Consumer Defensive,floor((RESEARCH_ALLOCATION_USD * LEVERAGE) / entry_price),200000.0,2026-07-31T10:09:14-04:00,TIME_EXIT,7.0,2026-07-06,HIGH5-PAPER-2026-06-24-MAMA
2026-07-14,2026-07-02,2026-07-02,2026-07-02,2026-07-31T10:09:14-04:00,high_5_strategy,automated_swing_trading,Automated Swing Trading,HIGH5-PAPER-2026-07-02-MAX:SELL:2026-07-14,HIGH5-PAPER-2026-07-02-MAX:SELL:2026-07-14,MAX,SELL,LONG,13.25,14.09,14.09,high_5_time_exit_bar_close,15094.0,15094.0,15094.0,FILLED,FILLED,CLOSED,PAPER,True,False,False,ENTRY_WINDOW_OPEN_1545_1559_ET,15:45,4,100000.0,0.8,Industrials,floor((RESEARCH_ALLOCATION_USD * LEVERAGE) / entry_price),200000.0,2026-07-31T10:09:14-04:00,TIME_EXIT,7.0,2026-07-14,HIGH5-PAPER-2026-07-02-MAX
2026-07-17,2026-07-08,2026-07-08,2026-07-08,2026-07-31T10:09:14-04:00,high_5_strategy,automated_swing_trading,Automated Swing Trading,HIGH5-PAPER-2026-07-08-MAX:SELL:2026-07-17,HIGH5-PAPER-2026-07-08-MAX:SELL:2026-07-17,MAX,SELL,LONG,13.57,14.12,14.12,high_5_time_exit_bar_close,14738.0,14738.0,14738.0,FILLED,FILLED,CLOSED,PAPER,True,False,False,ENTRY_WINDOW_OPEN_1545_1559_ET,15:45,4,100000.0,0.814815,Industrials,floor((RESEARCH_ALLOCATION_USD * LEVERAGE) / entry_price),200000.0,2026-07-31T10:09:14-04:00,TIME_EXIT,7.0,2026-07-17,HIGH5-PAPER-2026-07-08-MAX
2026-06-29,2026-06-17,2026-06-17,2026-06-17,2026-07-31T10:09:14-04:00,high_5_strategy,automated_swing_trading,Automated Swing Trading,HIGH5-PAPER-2026-06-17-MBX:SELL:2026-06-29,HIGH5-PAPER-2026-06-17-MBX:SELL:2026-06-29,MBX,SELL,LONG,40.9,53.85,53.85,high_5_time_exit_bar_close,4889.0,4889.0,4889.0,FILLED,FILLED,CLOSED,PAPER,True,False,False,ENTRY_WINDOW_OPEN_1545_1559_ET,15:45,3,100000.0,0.727273,Healthcare,floor((RESEARCH_ALLOCATION_USD * LEVERAGE) / entry_price),200000.0,2026-07-31T10:09:14-04:00,TIME_EXIT,7.0,2026-06-29,HIGH5-PAPER-2026-06-17-MBX
2026-06-30,2026-06-18,2026-06-18,2026-06-18,2026-07-31T10:09:14-04:00,high_5_strategy,automated_swing_trading,Automated Swing Trading,HIGH5-PAPER-2026-06-18-MBX:SELL:2026-06-30,HIGH5-PAPER-2026-06-18-MBX:SELL:2026-06-30,MBX,SELL,LONG,41.365,55.2,55.2,high_5_time_exit_bar_close,4835.0,4835.0,4835.0,FILLED,FILLED,CLOSED,PAPER,True,False,False,ENTRY_WINDOW_OPEN_1545_1559_ET,15:45,4,100000.0,0.777778,Healthcare,floor((RESEARCH_ALLOCATION_USD * LEVERAGE) / entry_price),200000.0,2026-07-31T10:09:14-04:00,TIME_EXIT,7.0,2026-06-30,HIGH5-PAPER-2026-06-18-MBX
2026-07-01,2026-06-22,2026-06-22,2026-06-22,2026-07-31T10:09:14-04:00,high_5_strategy,automated_swing_trading,Automated Swing Trading,HIGH5-PAPER-2026-06-22-MBX:SELL:2026-07-01,HIGH5-PAPER-2026-06-22-MBX:SELL:2026-07-01,MBX,SELL,LONG,44.8,55.92,55.92,high_5_time_exit_bar_close,4464.0,4464.0,4464.0,FILLED,FILLED,CLOSED,PAPER,True,False,False,ENTRY_WINDOW_OPEN_1545_1559_ET,15:45,2,100000.0,0.8125,Healthcare,floor((RESEARCH_ALLOCATION_USD * LEVERAGE) / entry_price),200000.0,2026-07-31T10:09:14-04:00,TIME_EXIT,7.0,2026-07-01,HIGH5-PAPER-2026-06-22-MBX
2026-07-02,2026-06-23,2026-06-23,2026-06-23,2026-07-31T10:09:14-04:00,high_5_strategy,automated_swing_trading,Automated Swing Trading,HIGH5-PAPER-2026-06-23-MBX:SELL:2026-07-02,HIGH5-PAPER-2026-06-23-MBX:SELL:2026-07-02,MBX,SELL,LONG,46.27,57.8,57.8,high_5_time_exit_bar_close,4322.0,4322.0,4322.0,FILLED,FILLED,CLOSED,PAPER,True,False,False,ENTRY_WINDOW_OPEN_1545_1559_ET,15:45,1,100000.0,1.0,Healthcare,floor((RESEARCH_ALLOCATION_USD * LEVERAGE) / entry_price),200000.0,2026-07-31T10:09:14-04:00,TIME_EXIT,7.0,2026-07-02,HIGH5-PAPER-2026-06-23-MBX
2026-07-06,2026-06-24,2026-06-24,2026-06-24,2026-07-31T10:09:14-04:00,high_5_strategy,automated_swing_trading,Automated Swing Trading,HIGH5-PAPER-2026-06-24-MBX:SELL:2026-07-06,HIGH5-PAPER-2026-06-24-MBX:SELL:2026-07-06,MBX,SELL,LONG,48.42,57.7,57.7,high_5_time_exit_bar_close,4130.0,4130.0,4130.0,FILLED,FILLED,CLOSED,PAPER,True,False,False,ENTRY_WINDOW_OPEN_1545_1559_ET,15:45,2,100000.0,0.941176,Healthcare,floor((RESEARCH_ALLOCATION_USD * LEVERAGE) / entry_price),200000.0,2026-07-31T10:09:14-04:00,TIME_EXIT,7.0,2026-07-06,HIGH5-PAPER-2026-06-24-MBX
2026-07-23,2026-07-14,2026-07-14,2026-07-14,2026-07-31T10:09:14-04:00,high_5_strategy,automated_swing_trading,Automated Swing Trading,HIGH5-PAPER-2026-07-14-MESO:SELL:2026-07-23,HIGH5-PAPER-2026-07-14-MESO:SELL:2026-07-23,MESO,SELL,LONG,16.71,16.08,16.08,high_5_time_exit_bar_close,1709.0,1709.0,1709.0,FILLED,FILLED,CLOSED,PAPER,True,False,False,ENTRY_WINDOW_OPEN_1545_1559_ET,15:45,3,28571.42857142857,0.611111,Healthcare,floor((RESEARCH_ALLOCATION_USD * LEVERAGE) / entry_price),28571.42857142857,2026-07-31T10:09:14-04:00,TIME_EXIT,7.0,2026-07-23,HIGH5-PAPER-2026-07-14-MESO
2026-07-24,2026-07-15,2026-07-15,2026-07-15,2026-07-31T10:09:14-04:00,high_5_strategy,automated_swing_trading,Automated Swing Trading,HIGH5-PAPER-2026-07-15-MESO:SELL:2026-07-24,HIGH5-PAPER-2026-07-15-MESO:SELL:2026-07-24,MESO,SELL,LONG,18.05,15.31,15.31,high_5_time_exit_bar_close,1582.0,1582.0,1582.0,FILLED,FILLED,CLOSED,PAPER,True,False,False,ENTRY_WINDOW_OPEN_1545_1559_ET,15:45,3,28571.42857142857,0.642857,Healthcare,floor((RESEARCH_ALLOCATION_USD * LEVERAGE) / entry_price),28571.42857142857,2026-07-31T10:09:14-04:00,TIME_EXIT,7.0,2026-07-24,HIGH5-PAPER-2026-07-15-MESO
2026-07-27,2026-07-16,2026-07-16,2026-07-16,2026-07-31T10:09:14-04:00,high_5_strategy,automated_swing_trading,Automated Swing Trading,HIGH5-PAPER-2026-07-16-MESO:SELL:2026-07-27,HIGH5-PAPER-2026-07-16-MESO:SELL:2026-07-27,MESO,SELL,LONG,18.65,14.56,14.56,high_5_time_exit_bar_close,1531.0,1531.0,1531.0,FILLED,FILLED,CLOSED,PAPER,True,False,False,ENTRY_WINDOW_OPEN_1545_1559_ET,15:45,1,28571.42857142857,0.75,Healthcare,floor((RESEARCH_ALLOCATION_USD * LEVERAGE) / entry_price),28571.42857142857,2026-07-31T10:09:14-04:00,TIME_EXIT,7.0,2026-07-27,HIGH5-PAPER-2026-07-16-MESO
2026-07-14,2026-07-02,2026-07-02,2026-07-02,2026-07-31T10:09:14-04:00,high_5_strategy,automated_swing_trading,Automated Swing Trading,HIGH5-PAPER-2026-07-02-MRNA:SELL:2026-07-14,HIGH5-PAPER-2026-07-02-MRNA:SELL:2026-07-14,MRNA,SELL,LONG,78.75,67.44,67.44,high_5_time_exit_bar_close,2539.0,2539.0,2539.0,FILLED,FILLED,CLOSED,PAPER,True,False,False,ENTRY_WINDOW_OPEN_1545_1559_ET,15:45,1,100000.0,0.98,Healthcare,floor((RESEARCH_ALLOCATION_USD * LEVERAGE) / entry_price),200000.0,2026-07-31T10:09:14-04:00,TIME_EXIT,7.0,2026-07-14,HIGH5-PAPER-2026-07-02-MRNA
2026-07-15,2026-07-06,2026-07-06,2026-07-06,2026-07-31T10:09:14-04:00,high_5_strategy,automated_swing_trading,Automated Swing Trading,HIGH5-PAPER-2026-07-06-MRNA:SELL:2026-07-15,HIGH5-PAPER-2026-07-06-MRNA:SELL:2026-07-15,MRNA,SELL,LONG,81.075,68.28,68.28,high_5_time_exit_bar_close,2466.0,2466.0,2466.0,FILLED,FILLED,CLOSED,PAPER,True,False,False,ENTRY_WINDOW_OPEN_1545_1559_ET,15:45,1,100000.0,0.985294,Healthcare,floor((RESEARCH_ALLOCATION_USD * LEVERAGE) / entry_price),200000.0,2026-07-31T10:09:14-04:00,TIME_EXIT,7.0,2026-07-15,HIGH5-PAPER-2026-07-06-MRNA
2026-07-20,2026-07-09,2026-07-09,2026-07-09,2026-07-31T10:09:14-04:00,high_5_strategy,automated_swing_trading,Automated Swing Trading,HIGH5-PAPER-2026-07-09-NGNE:SELL:2026-07-20,HIGH5-PAPER-2026-07-09-NGNE:SELL:2026-07-20,NGNE,SELL,LONG,42.615,37.34,37.34,high_5_time_exit_bar_close,4693.0,4693.0,4693.0,FILLED,FILLED,CLOSED,PAPER,True,False,False,ENTRY_WINDOW_OPEN_1545_1559_ET,15:45,2,100000.0,0.9375,Healthcare,floor((RESEARCH_ALLOCATION_USD * LEVERAGE) / entry_price),200000.0,2026-07-31T10:09:14-04:00,TIME_EXIT,7.0,2026-07-20,HIGH5-PAPER-2026-07-09-NGNE
2026-07-21,2026-07-10,2026-07-10,2026-07-10,2026-07-31T10:09:14-04:00,high_5_strategy,automated_swing_trading,Automated Swing Trading,HIGH5-PAPER-2026-07-10-NGNE:SELL:2026-07-21,HIGH5-PAPER-2026-07-10-NGNE:SELL:2026-07-21,NGNE,SELL,LONG,39.54,36.68,36.68,high_5_time_exit_bar_close,5058.0,5058.0,5058.0,FILLED,FILLED,CLOSED,PAPER,True,False,False,ENTRY_WINDOW_OPEN_1545_1559_ET,15:45,1,100000.0,0.9,Healthcare,floor((RESEARCH_ALLOCATION_USD * LEVERAGE) / entry_price),200000.0,2026-07-31T10:09:14-04:00,TIME_EXIT,7.0,2026-07-21,HIGH5-PAPER-2026-07-10-NGNE
2026-07-23,2026-07-14,2026-07-14,2026-07-14,2026-07-31T10:09:14-04:00,high_5_strategy,automated_swing_trading,Automated Swing Trading,HIGH5-PAPER-2026-07-14-NGNE:SELL:2026-07-23,HIGH5-PAPER-2026-07-14-NGNE:SELL:2026-07-23,NGNE,SELL,LONG,38.94,35.57,35.57,high_5_time_exit_bar_close,733.0,733.0,733.0,FILLED,FILLED,CLOSED,PAPER,True,False,False,ENTRY_WINDOW_OPEN_1545_1559_ET,15:45,1,28571.42857142857,0.944444,Healthcare,floor((RESEARCH_ALLOCATION_USD * LEVERAGE) / entry_price),28571.42857142857,2026-07-31T10:09:14-04:00,TIME_EXIT,7.0,2026-07-23,HIGH5-PAPER-2026-07-14-NGNE
2026-07-24,2026-07-15,2026-07-15,2026-07-15,2026-07-31T10:09:14-04:00,high_5_strategy,automated_swing_trading,Automated Swing Trading,HIGH5-PAPER-2026-07-15-NGNE:SELL:2026-07-24,HIGH5-PAPER-2026-07-15-NGNE:SELL:2026-07-24,NGNE,SELL,LONG,39.48,34.9,34.9,high_5_time_exit_bar_close,723.0,723.0,723.0,FILLED,FILLED,CLOSED,PAPER,True,False,False,ENTRY_WINDOW_OPEN_1545_1559_ET,15:45,1,28571.42857142857,0.857143,Healthcare,floor((RESEARCH_ALLOCATION_USD * LEVERAGE) / entry_price),28571.42857142857,2026-07-31T10:09:14-04:00,TIME_EXIT,7.0,2026-07-24,HIGH5-PAPER-2026-07-15-NGNE
2026-07-10,2026-06-30,2026-06-30,2026-06-30,2026-07-31T10:09:14-04:00,high_5_strategy,automated_swing_trading,Automated Swing Trading,HIGH5-PAPER-2026-06-30-NRIX:SELL:2026-07-10,HIGH5-PAPER-2026-06-30-NRIX:SELL:2026-07-10,NRIX,SELL,LONG,24.68,23.06,23.06,high_5_time_exit_bar_close,8103.0,8103.0,8103.0,FILLED,FILLED,CLOSED,PAPER,True,False,False,ENTRY_WINDOW_OPEN_1545_1559_ET,15:45,1,100000.0,0.966667,Healthcare,floor((RESEARCH_ALLOCATION_USD * LEVERAGE) / entry_price),200000.0,2026-07-31T10:09:14-04:00,TIME_EXIT,7.0,2026-07-10,HIGH5-PAPER-2026-06-30-NRIX
2026-07-13,2026-07-01,2026-07-01,2026-07-01,2026-07-31T10:09:14-04:00,high_5_strategy,automated_swing_trading,Automated Swing Trading,HIGH5-PAPER-2026-07-01-NRIX:SELL:2026-07-13,HIGH5-PAPER-2026-07-01-NRIX:SELL:2026-07-13,NRIX,SELL,LONG,24.0601,22.71,22.71,high_5_time_exit_bar_close,8312.0,8312.0,8312.0,FILLED,FILLED,CLOSED,PAPER,True,False,False,ENTRY_WINDOW_OPEN_1545_1559_ET,15:45,1,100000.0,0.923077,Healthcare,floor((RESEARCH_ALLOCATION_USD * LEVERAGE) / entry_price),200000.0,2026-07-31T10:09:14-04:00,TIME_EXIT,7.0,2026-07-13,HIGH5-PAPER-2026-07-01-NRIX
2026-07-13,2026-07-01,2026-07-01,2026-07-01,2026-07-31T10:09:14-04:00,high_5_strategy,automated_swing_trading,Automated Swing Trading,HIGH5-PAPER-2026-07-01-OUST:SELL:2026-07-13,HIGH5-PAPER-2026-07-01-OUST:SELL:2026-07-13,OUST,SELL,LONG,61.325,40.03,40.03,high_5_time_exit_bar_close,3261.0,3261.0,3261.0,FILLED,FILLED,CLOSED,PAPER,True,False,False,ENTRY_WINDOW_OPEN_1545_1559_ET,15:45,4,100000.0,0.826923,Industrials,floor((RESEARCH_ALLOCATION_USD * LEVERAGE) / entry_price),200000.0,2026-07-31T10:09:14-04:00,TIME_EXIT,7.0,2026-07-13,HIGH5-PAPER-2026-07-01-OUST
2026-07-17,2026-07-08,2026-07-08,2026-07-08,2026-07-31T10:09:14-04:00,high_5_strategy,automated_swing_trading,Automated Swing Trading,HIGH5-PAPER-2026-07-08-PAY:SELL:2026-07-17,HIGH5-PAPER-2026-07-08-PAY:SELL:2026-07-17,PAY,SELL,LONG,27.93,29.78,29.78,high_5_time_exit_bar_close,7160.0,7160.0,7160.0,FILLED,FILLED,CLOSED,PAPER,True,False,False,ENTRY_WINDOW_OPEN_1545_1559_ET,15:45,5,100000.0,0.814815,Industrials,floor((RESEARCH_ALLOCATION_USD * LEVERAGE) / entry_price),200000.0,2026-07-31T10:09:14-04:00,TIME_EXIT,7.0,2026-07-17,HIGH5-PAPER-2026-07-08-PAY
2026-07-22,2026-07-13,2026-07-13,2026-07-13,2026-07-31T10:09:14-04:00,high_5_strategy,automated_swing_trading,Automated Swing Trading,HIGH5-PAPER-2026-07-13-PBF:SELL:2026-07-22,HIGH5-PAPER-2026-07-13-PBF:SELL:2026-07-22,PBF,SELL,LONG,57.33,64.33,64.33,high_5_time_exit_bar_close,498.0,498.0,498.0,FILLED,FILLED,CLOSED,PAPER,True,False,False,ENTRY_WINDOW_OPEN_1545_1559_ET,15:45,2,28571.42857142857,0.75,Energy,floor((RESEARCH_ALLOCATION_USD * LEVERAGE) / entry_price),28571.42857142857,2026-07-31T10:09:14-04:00,TIME_EXIT,7.0,2026-07-22,HIGH5-PAPER-2026-07-13-PBF
2026-07-23,2026-07-14,2026-07-14,2026-07-14,2026-07-31T10:09:14-04:00,high_5_strategy,automated_swing_trading,Automated Swing Trading,HIGH5-PAPER-2026-07-14-PBF:SELL:2026-07-23,HIGH5-PAPER-2026-07-14-PBF:SELL:2026-07-23,PBF,SELL,LONG,60.04,61.95,61.95,high_5_time_exit_bar_close,475.0,475.0,475.0,FILLED,FILLED,CLOSED,PAPER,True,False,False,ENTRY_WINDOW_OPEN_1545_1559_ET,15:45,2,28571.42857142857,0.666667,Energy,floor((RESEARCH_ALLOCATION_USD * LEVERAGE) / entry_price),28571.42857142857,2026-07-31T10:09:14-04:00,TIME_EXIT,7.0,2026-07-23,HIGH5-PAPER-2026-07-14-PBF
2026-07-24,2026-07-15,2026-07-15,2026-07-15,2026-07-31T10:09:14-04:00,high_5_strategy,automated_swing_trading,Automated Swing Trading,HIGH5-PAPER-2026-07-15-PBF:SELL:2026-07-24,HIGH5-PAPER-2026-07-15-PBF:SELL:2026-07-24,PBF,SELL,LONG,56.96,61.63,61.63,high_5_time_exit_bar_close,501.0,501.0,501.0,FILLED,FILLED,CLOSED,PAPER,True,False,False,ENTRY_WINDOW_OPEN_1545_1559_ET,15:45,2,28571.42857142857,0.785714,Energy,floor((RESEARCH_ALLOCATION_USD * LEVERAGE) / entry_price),28571.42857142857,2026-07-31T10:09:14-04:00,TIME_EXIT,7.0,2026-07-24,HIGH5-PAPER-2026-07-15-PBF
2026-07-27,2026-07-16,2026-07-16,2026-07-16,2026-07-31T10:09:14-04:00,high_5_strategy,automated_swing_trading,Automated Swing Trading,HIGH5-PAPER-2026-07-16-PBF:SELL:2026-07-27,HIGH5-PAPER-2026-07-16-PBF:SELL:2026-07-27,PBF,SELL,LONG,60.62,62.76,62.76,high_5_time_exit_bar_close,471.0,471.0,471.0,FILLED,FILLED,CLOSED,PAPER,True,False,False,ENTRY_WINDOW_OPEN_1545_1559_ET,15:45,2,28571.42857142857,0.75,Energy,floor((RESEARCH_ALLOCATION_USD * LEVERAGE) / entry_price),28571.42857142857,2026-07-31T10:09:14-04:00,TIME_EXIT,7.0,2026-07-27,HIGH5-PAPER-2026-07-16-PBF
2026-07-28,2026-07-17,2026-07-17,2026-07-17,2026-07-31T10:09:14-04:00,high_5_strategy,automated_swing_trading,Automated Swing Trading,HIGH5-PAPER-2026-07-17-PBF:SELL:2026-07-28,HIGH5-PAPER-2026-07-17-PBF:SELL:2026-07-28,PBF,SELL,LONG,61.765,61.0,61.0,high_5_time_exit_bar_close,462.0,462.0,462.0,FILLED,FILLED,CLOSED,PAPER,True,False,False,ENTRY_WINDOW_OPEN_1545_1554_ET,15:45,2,28571.42857142857,0.75,Energy,floor((RESEARCH_ALLOCATION_USD * LEVERAGE) / entry_price),28571.42857142857,2026-07-31T10:09:14-04:00,TIME_EXIT,7.0,2026-07-28,HIGH5-PAPER-2026-07-17-PBF
2026-07-29,2026-07-20,2026-07-20,2026-07-20,2026-07-31T10:09:14-04:00,high_5_strategy,automated_swing_trading,Automated Swing Trading,HIGH5-PAPER-2026-07-20-PBF:SELL:2026-07-29,HIGH5-PAPER-2026-07-20-PBF:SELL:2026-07-29,PBF,SELL,LONG,64.18,63.35,63.35,high_5_time_exit_bar_close,445.0,445.0,445.0,FILLED,FILLED,CLOSED,PAPER,True,False,False,ENTRY_WINDOW_OPEN_1545_1554_ET,15:45,1,28571.42857142857,1.0,Energy,floor((RESEARCH_ALLOCATION_USD * LEVERAGE) / entry_price),28571.42857142857,2026-07-31T10:09:14-04:00,TIME_EXIT,7.0,2026-07-29,HIGH5-PAPER-2026-07-20-PBF
2026-07-15,2026-07-06,2026-07-06,2026-07-06,2026-07-31T10:09:14-04:00,high_5_strategy,automated_swing_trading,Automated Swing Trading,HIGH5-PAPER-2026-07-06-QLYS:SELL:2026-07-15,HIGH5-PAPER-2026-07-06-QLYS:SELL:2026-07-15,QLYS,SELL,LONG,158.82,159.32,159.32,high_5_time_exit_bar_close,1259.0,1259.0,1259.0,FILLED,FILLED,CLOSED,PAPER,True,False,False,ENTRY_WINDOW_OPEN_1545_1559_ET,15:45,5,100000.0,0.838235,Technology,floor((RESEARCH_ALLOCATION_USD * LEVERAGE) / entry_price),200000.0,2026-07-31T10:09:14-04:00,TIME_EXIT,7.0,2026-07-15,HIGH5-PAPER-2026-07-06-QLYS
2026-07-16,2026-07-07,2026-07-07,2026-07-07,2026-07-31T10:09:14-04:00,high_5_strategy,automated_swing_trading,Automated Swing Trading,HIGH5-PAPER-2026-07-07-QLYS:SELL:2026-07-16,HIGH5-PAPER-2026-07-07-QLYS:SELL:2026-07-16,QLYS,SELL,LONG,161.36,157.56,157.56,high_5_time_exit_bar_close,1239.0,1239.0,1239.0,FILLED,FILLED,CLOSED,PAPER,True,False,False,ENTRY_WINDOW_OPEN_1545_1559_ET,15:45,5,100000.0,0.766667,Technology,floor((RESEARCH_ALLOCATION_USD * LEVERAGE) / entry_price),200000.0,2026-07-31T10:09:14-04:00,TIME_EXIT,7.0,2026-07-16,HIGH5-PAPER-2026-07-07-QLYS
2026-07-17,2026-07-08,2026-07-08,2026-07-08,2026-07-31T10:09:14-04:00,high_5_strategy,automated_swing_trading,Automated Swing Trading,HIGH5-PAPER-2026-07-08-QLYS:SELL:2026-07-17,HIGH5-PAPER-2026-07-08-QLYS:SELL:2026-07-17,QLYS,SELL,LONG,153.63,159.43,159.43,high_5_time_exit_bar_close,1301.0,1301.0,1301.0,FILLED,FILLED,CLOSED,PAPER,True,False,False,ENTRY_WINDOW_OPEN_1545_1559_ET,15:45,3,100000.0,0.833333,Technology,floor((RESEARCH_ALLOCATION_USD * LEVERAGE) / entry_price),200000.0,2026-07-31T10:09:14-04:00,TIME_EXIT,7.0,2026-07-17,HIGH5-PAPER-2026-07-08-QLYS
2026-07-20,2026-07-09,2026-07-09,2026-07-09,2026-07-31T10:09:14-04:00,high_5_strategy,automated_swing_trading,Automated Swing Trading,HIGH5-PAPER-2026-07-09-QLYS:SELL:2026-07-20,HIGH5-PAPER-2026-07-09-QLYS:SELL:2026-07-20,QLYS,SELL,LONG,156.21,156.37,156.37,high_5_time_exit_bar_close,1280.0,1280.0,1280.0,FILLED,FILLED,CLOSED,PAPER,True,False,False,ENTRY_WINDOW_OPEN_1545_1559_ET,15:45,4,100000.0,0.8125,Technology,floor((RESEARCH_ALLOCATION_USD * LEVERAGE) / entry_price),200000.0,2026-07-31T10:09:14-04:00,TIME_EXIT,7.0,2026-07-20,HIGH5-PAPER-2026-07-09-QLYS
2026-07-21,2026-07-10,2026-07-10,2026-07-10,2026-07-31T10:09:14-04:00,high_5_strategy,automated_swing_trading,Automated Swing Trading,HIGH5-PAPER-2026-07-10-QLYS:SELL:2026-07-21,HIGH5-PAPER-2026-07-10-QLYS:SELL:2026-07-21,QLYS,SELL,LONG,152.98,143.78,143.78,high_5_time_exit_bar_close,1307.0,1307.0,1307.0,FILLED,FILLED,CLOSED,PAPER,True,False,False,ENTRY_WINDOW_OPEN_1545_1559_ET,15:45,4,100000.0,0.5,Technology,floor((RESEARCH_ALLOCATION_USD * LEVERAGE) / entry_price),200000.0,2026-07-31T10:09:14-04:00,TIME_EXIT,7.0,2026-07-21,HIGH5-PAPER-2026-07-10-QLYS
2026-07-24,2026-07-15,2026-07-15,2026-07-15,2026-07-31T10:09:14-04:00,high_5_strategy,automated_swing_trading,Automated Swing Trading,HIGH5-PAPER-2026-07-15-QLYS:SELL:2026-07-24,HIGH5-PAPER-2026-07-15-QLYS:SELL:2026-07-24,QLYS,SELL,LONG,159.27,137.48,137.48,high_5_time_exit_bar_close,179.0,179.0,179.0,FILLED,FILLED,CLOSED,PAPER,True,False,False,ENTRY_WINDOW_OPEN_1545_1559_ET,15:45,4,28571.42857142857,0.642857,Technology,floor((RESEARCH_ALLOCATION_USD * LEVERAGE) / entry_price),28571.42857142857,2026-07-31T10:09:14-04:00,TIME_EXIT,7.0,2026-07-24,HIGH5-PAPER-2026-07-15-QLYS
2026-07-06,2026-06-24,2026-06-24,2026-06-24,2026-07-31T10:09:14-04:00,high_5_strategy,automated_swing_trading,Automated Swing Trading,HIGH5-PAPER-2026-06-24-RARE:SELL:2026-07-06,HIGH5-PAPER-2026-06-24-RARE:SELL:2026-07-06,RARE,SELL,LONG,29.32,33.7,33.7,high_5_time_exit_bar_close,6821.0,6821.0,6821.0,FILLED,FILLED,CLOSED,PAPER,True,False,False,ENTRY_WINDOW_OPEN_1545_1559_ET,15:45,3,100000.0,0.794118,Healthcare,floor((RESEARCH_ALLOCATION_USD * LEVERAGE) / entry_price),200000.0,2026-07-31T10:09:14-04:00,TIME_EXIT,7.0,2026-07-06,HIGH5-PAPER-2026-06-24-RARE
2026-07-07,2026-06-25,2026-06-25,2026-06-25,2026-07-31T10:09:14-04:00,high_5_strategy,automated_swing_trading,Automated Swing Trading,HIGH5-PAPER-2026-06-25-RARE:SELL:2026-07-07,HIGH5-PAPER-2026-06-25-RARE:SELL:2026-07-07,RARE,SELL,LONG,29.22,35.87,35.87,high_5_time_exit_bar_close,6844.0,6844.0,6844.0,FILLED,FILLED,CLOSED,PAPER,True,False,False,ENTRY_WINDOW_OPEN_1545_1559_ET,15:45,1,100000.0,0.863636,Healthcare,floor((RESEARCH_ALLOCATION_USD * LEVERAGE) / entry_price),200000.0,2026-07-31T10:09:14-04:00,TIME_EXIT,7.0,2026-07-07,HIGH5-PAPER-2026-06-25-RARE
2026-07-06,2026-06-24,2026-06-24,2026-06-24,2026-07-31T10:09:14-04:00,high_5_strategy,automated_swing_trading,Automated Swing Trading,HIGH5-PAPER-2026-06-24-RCUS:SELL:2026-07-06,HIGH5-PAPER-2026-06-24-RCUS:SELL:2026-07-06,RCUS,SELL,LONG,29.35,29.98,29.98,high_5_time_exit_bar_close,6814.0,6814.0,6814.0,FILLED,FILLED,CLOSED,PAPER,True,False,False,ENTRY_WINDOW_OPEN_1545_1559_ET,15:45,5,100000.0,0.676471,Healthcare,floor((RESEARCH_ALLOCATION_USD * LEVERAGE) / entry_price),200000.0,2026-07-31T10:09:14-04:00,TIME_EXIT,7.0,2026-07-06,HIGH5-PAPER-2026-06-24-RCUS
2026-07-07,2026-06-25,2026-06-25,2026-06-25,2026-07-31T10:09:14-04:00,high_5_strategy,automated_swing_trading,Automated Swing Trading,HIGH5-PAPER-2026-06-25-RCUS:SELL:2026-07-07,HIGH5-PAPER-2026-06-25-RCUS:SELL:2026-07-07,RCUS,SELL,LONG,30.26,30.25,30.25,high_5_time_exit_bar_close,6609.0,6609.0,6609.0,FILLED,FILLED,CLOSED,PAPER,True,False,False,ENTRY_WINDOW_OPEN_1545_1559_ET,15:45,5,100000.0,0.681818,Healthcare,floor((RESEARCH_ALLOCATION_USD * LEVERAGE) / entry_price),200000.0,2026-07-31T10:09:14-04:00,TIME_EXIT,7.0,2026-07-07,HIGH5-PAPER-2026-06-25-RCUS
2026-07-08,2026-06-26,2026-06-26,2026-06-26,2026-07-31T10:09:14-04:00,high_5_strategy,automated_swing_trading,Automated Swing Trading,HIGH5-PAPER-2026-06-26-RCUS:SELL:2026-07-08,HIGH5-PAPER-2026-06-26-RCUS:SELL:2026-07-08,RCUS,SELL,LONG,30.22,30.26,30.26,high_5_time_exit_bar_close,6618.0,6618.0,6618.0,FILLED,FILLED,CLOSED,PAPER,True,False,False,ENTRY_WINDOW_OPEN_1545_1559_ET,15:45,5,100000.0,0.722222,Healthcare,floor((RESEARCH_ALLOCATION_USD * LEVERAGE) / entry_price),200000.0,2026-07-31T10:09:14-04:00,TIME_EXIT,7.0,2026-07-08,HIGH5-PAPER-2026-06-26-RCUS
2026-07-09,2026-06-29,2026-06-29,2026-06-29,2026-07-31T10:09:14-04:00,high_5_strategy,automated_swing_trading,Automated Swing Trading,HIGH5-PAPER-2026-06-29-RCUS:SELL:2026-07-09,HIGH5-PAPER-2026-06-29-RCUS:SELL:2026-07-09,RCUS,SELL,LONG,31.2,29.96,29.96,high_5_time_exit_bar_close,6410.0,6410.0,6410.0,FILLED,FILLED,CLOSED,PAPER,True,False,False,ENTRY_WINDOW_OPEN_1545_1559_ET,15:45,1,100000.0,0.75,Healthcare,floor((RESEARCH_ALLOCATION_USD * LEVERAGE) / entry_price),200000.0,2026-07-31T10:09:14-04:00,TIME_EXIT,7.0,2026-07-09,HIGH5-PAPER-2026-06-29-RCUS
2026-07-23,2026-07-14,2026-07-14,2026-07-14,2026-07-31T10:09:14-04:00,high_5_strategy,automated_swing_trading,Automated Swing Trading,HIGH5-PAPER-2026-07-14-REZI:SELL:2026-07-23,HIGH5-PAPER-2026-07-14-REZI:SELL:2026-07-23,REZI,SELL,LONG,36.98,34.05,34.05,high_5_time_exit_bar_close,772.0,772.0,772.0,FILLED,FILLED,CLOSED,PAPER,True,False,False,ENTRY_WINDOW_OPEN_1545_1559_ET,15:45,5,28571.42857142857,0.555556,Industrials,floor((RESEARCH_ALLOCATION_USD * LEVERAGE) / entry_price),28571.42857142857,2026-07-31T10:09:14-04:00,TIME_EXIT,7.0,2026-07-23,HIGH5-PAPER-2026-07-14-REZI
2026-07-24,2026-07-15,2026-07-15,2026-07-15,2026-07-31T10:09:14-04:00,high_5_strategy,automated_swing_trading,Automated Swing Trading,HIGH5-PAPER-2026-07-15-REZI:SELL:2026-07-24,HIGH5-PAPER-2026-07-15-REZI:SELL:2026-07-24,REZI,SELL,LONG,35.105,34.54,34.54,high_5_time_exit_bar_close,813.0,813.0,813.0,FILLED,FILLED,CLOSED,PAPER,True,False,False,ENTRY_WINDOW_OPEN_1545_1559_ET,15:45,5,28571.42857142857,0.571429,Industrials,floor((RESEARCH_ALLOCATION_USD * LEVERAGE) / entry_price),28571.42857142857,2026-07-31T10:09:14-04:00,TIME_EXIT,7.0,2026-07-24,HIGH5-PAPER-2026-07-15-REZI
2026-07-28,2026-07-17,2026-07-17,2026-07-17,2026-07-31T10:09:14-04:00,high_5_strategy,automated_swing_trading,Automated Swing Trading,HIGH5-PAPER-2026-07-17-REZI:SELL:2026-07-28,HIGH5-PAPER-2026-07-17-REZI:SELL:2026-07-28,REZI,SELL,LONG,37.58,36.65,36.65,high_5_time_exit_bar_close,760.0,760.0,760.0,FILLED,FILLED,CLOSED,PAPER,True,False,False,ENTRY_WINDOW_OPEN_1545_1554_ET,15:45,1,28571.42857142857,0.75,Industrials,floor((RESEARCH_ALLOCATION_USD * LEVERAGE) / entry_price),28571.42857142857,2026-07-31T10:09:14-04:00,TIME_EXIT,7.0,2026-07-28,HIGH5-PAPER-2026-07-17-REZI
2026-07-20,2026-07-09,2026-07-09,2026-07-09,2026-07-31T10:09:14-04:00,high_5_strategy,automated_swing_trading,Automated Swing Trading,HIGH5-PAPER-2026-07-09-RGNX:SELL:2026-07-20,HIGH5-PAPER-2026-07-09-RGNX:SELL:2026-07-20,RGNX,SELL,LONG,15.345,10.32,10.32,high_5_time_exit_bar_close,13033.0,13033.0,13033.0,FILLED,FILLED,CLOSED,PAPER,True,False,False,ENTRY_WINDOW_OPEN_1545_1559_ET,15:45,1,100000.0,0.979167,Unknown,floor((RESEARCH_ALLOCATION_USD * LEVERAGE) / entry_price),200000.0,2026-07-31T10:09:14-04:00,TIME_EXIT,7.0,2026-07-20,HIGH5-PAPER-2026-07-09-RGNX
2026-07-09,2026-06-29,2026-06-29,2026-06-29,2026-07-31T10:09:14-04:00,high_5_strategy,automated_swing_trading,Automated Swing Trading,HIGH5-PAPER-2026-06-29-RIGL:SELL:2026-07-09,HIGH5-PAPER-2026-06-29-RIGL:SELL:2026-07-09,RIGL,SELL,LONG,38.095,43.76,43.76,high_5_time_exit_bar_close,5250.0,5250.0,5250.0,FILLED,FILLED,CLOSED,PAPER,True,False,False,ENTRY_WINDOW_OPEN_1545_1559_ET,15:45,2,100000.0,0.75,Healthcare,floor((RESEARCH_ALLOCATION_USD * LEVERAGE) / entry_price),200000.0,2026-07-31T10:09:14-04:00,TIME_EXIT,7.0,2026-07-09,HIGH5-PAPER-2026-06-29-RIGL
2026-07-20,2026-07-09,2026-07-09,2026-07-09,2026-07-31T10:09:14-04:00,high_5_strategy,automated_swing_trading,Automated Swing Trading,HIGH5-PAPER-2026-07-09-RPD:SELL:2026-07-20,HIGH5-PAPER-2026-07-09-RPD:SELL:2026-07-20,RPD,SELL,LONG,11.225,11.95,11.95,high_5_time_exit_bar_close,17817.0,17817.0,17817.0,FILLED,FILLED,CLOSED,PAPER,True,False,False,ENTRY_WINDOW_OPEN_1545_1559_ET,15:45,3,100000.0,0.895833,Unknown,floor((RESEARCH_ALLOCATION_USD * LEVERAGE) / entry_price),200000.0,2026-07-31T10:09:14-04:00,TIME_EXIT,7.0,2026-07-20,HIGH5-PAPER-2026-07-09-RPD
2026-06-29,2026-06-17,2026-06-17,2026-06-17,2026-07-31T10:09:14-04:00,high_5_strategy,automated_swing_trading,Automated Swing Trading,HIGH5-PAPER-2026-06-17-SEPN:SELL:2026-06-29,HIGH5-PAPER-2026-06-17-SEPN:SELL:2026-06-29,SEPN,SELL,LONG,36.02,34.75,34.75,high_5_time_exit_bar_close,5552.0,5552.0,5552.0,FILLED,FILLED,CLOSED,PAPER,True,False,False,ENTRY_WINDOW_OPEN_1545_1559_ET,15:45,5,100000.0,0.636364,Healthcare,floor((RESEARCH_ALLOCATION_USD * LEVERAGE) / entry_price),200000.0,2026-07-31T10:09:14-04:00,TIME_EXIT,7.0,2026-06-29,HIGH5-PAPER-2026-06-17-SEPN
2026-06-29,2026-06-17,2026-06-17,2026-06-17,2026-07-31T10:09:14-04:00,high_5_strategy,automated_swing_trading,Automated Swing Trading,HIGH5-PAPER-2026-06-17-SNDK:SELL:2026-06-29,HIGH5-PAPER-2026-06-17-SNDK:SELL:2026-06-29,SNDK,SELL,LONG,2002.34,2050.39,2050.39,high_5_time_exit_bar_close,99.0,99.0,99.0,FILLED,FILLED,CLOSED,PAPER,True,False,False,ENTRY_WINDOW_OPEN_1545_1559_ET,15:45,2,100000.0,0.909091,Technology,floor((RESEARCH_ALLOCATION_USD * LEVERAGE) / entry_price),200000.0,2026-07-31T10:09:14-04:00,TIME_EXIT,7.0,2026-06-29,HIGH5-PAPER-2026-06-17-SNDK
2026-07-01,2026-06-22,2026-06-22,2026-06-22,2026-07-31T10:09:14-04:00,high_5_strategy,automated_swing_trading,Automated Swing Trading,HIGH5-PAPER-2026-06-22-SNDK:SELL:2026-07-01,HIGH5-PAPER-2026-06-22-SNDK:SELL:2026-07-01,SNDK,SELL,LONG,2328.095,2032.22,2032.22,high_5_time_exit_bar_close,85.0,85.0,85.0,FILLED,FILLED,CLOSED,PAPER,True,False,False,ENTRY_WINDOW_OPEN_1545_1559_ET,15:45,1,100000.0,0.875,Technology,floor((RESEARCH_ALLOCATION_USD * LEVERAGE) / entry_price),200000.0,2026-07-31T10:09:14-04:00,TIME_EXIT,7.0,2026-07-01,HIGH5-PAPER-2026-06-22-SNDK
2026-07-15,2026-07-06,2026-07-06,2026-07-06,2026-07-31T10:09:14-04:00,high_5_strategy,automated_swing_trading,Automated Swing Trading,HIGH5-PAPER-2026-07-06-TENB:SELL:2026-07-15,HIGH5-PAPER-2026-07-06-TENB:SELL:2026-07-15,TENB,SELL,LONG,41.7,40.19,40.19,high_5_time_exit_bar_close,4796.0,4796.0,4796.0,FILLED,FILLED,CLOSED,PAPER,True,False,False,ENTRY_WINDOW_OPEN_1545_1559_ET,15:45,4,100000.0,0.852941,Technology,floor((RESEARCH_ALLOCATION_USD * LEVERAGE) / entry_price),200000.0,2026-07-31T10:09:14-04:00,TIME_EXIT,7.0,2026-07-15,HIGH5-PAPER-2026-07-06-TENB
2026-07-16,2026-07-07,2026-07-07,2026-07-07,2026-07-31T10:09:14-04:00,high_5_strategy,automated_swing_trading,Automated Swing Trading,HIGH5-PAPER-2026-07-07-TENB:SELL:2026-07-16,HIGH5-PAPER-2026-07-07-TENB:SELL:2026-07-16,TENB,SELL,LONG,42.085,39.77,39.77,high_5_time_exit_bar_close,4752.0,4752.0,4752.0,FILLED,FILLED,CLOSED,PAPER,True,False,False,ENTRY_WINDOW_OPEN_1545_1559_ET,15:45,3,100000.0,0.866667,Technology,floor((RESEARCH_ALLOCATION_USD * LEVERAGE) / entry_price),200000.0,2026-07-31T10:09:14-04:00,TIME_EXIT,7.0,2026-07-16,HIGH5-PAPER-2026-07-07-TENB
2026-07-17,2026-07-08,2026-07-08,2026-07-08,2026-07-31T10:09:14-04:00,high_5_strategy,automated_swing_trading,Automated Swing Trading,HIGH5-PAPER-2026-07-08-TENB:SELL:2026-07-17,HIGH5-PAPER-2026-07-08-TENB:SELL:2026-07-17,TENB,SELL,LONG,39.22,39.88,39.88,high_5_time_exit_bar_close,5099.0,5099.0,5099.0,FILLED,FILLED,CLOSED,PAPER,True,False,False,ENTRY_WINDOW_OPEN_1545_1559_ET,15:45,2,100000.0,0.907407,Technology,floor((RESEARCH_ALLOCATION_USD * LEVERAGE) / entry_price),200000.0,2026-07-31T10:09:14-04:00,TIME_EXIT,7.0,2026-07-17,HIGH5-PAPER-2026-07-08-TENB
2026-07-21,2026-07-10,2026-07-10,2026-07-10,2026-07-31T10:09:14-04:00,high_5_strategy,automated_swing_trading,Automated Swing Trading,HIGH5-PAPER-2026-07-10-TENB:SELL:2026-07-21,HIGH5-PAPER-2026-07-10-TENB:SELL:2026-07-21,TENB,SELL,LONG,40.32,34.09,34.09,high_5_time_exit_bar_close,4960.0,4960.0,4960.0,FILLED,FILLED,CLOSED,PAPER,True,False,False,ENTRY_WINDOW_OPEN_1545_1559_ET,15:45,2,100000.0,0.9,Technology,floor((RESEARCH_ALLOCATION_USD * LEVERAGE) / entry_price),200000.0,2026-07-31T10:09:14-04:00,TIME_EXIT,7.0,2026-07-21,HIGH5-PAPER-2026-07-10-TENB
2026-07-02,2026-06-23,2026-06-23,2026-06-23,2026-07-31T10:09:14-04:00,high_5_strategy,automated_swing_trading,Automated Swing Trading,HIGH5-PAPER-2026-06-23-TRVI:SELL:2026-07-02,HIGH5-PAPER-2026-06-23-TRVI:SELL:2026-07-02,TRVI,SELL,LONG,17.68,17.93,17.93,high_5_time_exit_bar_close,11312.0,11312.0,11312.0,FILLED,FILLED,CLOSED,PAPER,True,False,False,ENTRY_WINDOW_OPEN_1545_1559_ET,15:45,2,100000.0,0.75,Healthcare,floor((RESEARCH_ALLOCATION_USD * LEVERAGE) / entry_price),200000.0,2026-07-31T10:09:14-04:00,TIME_EXIT,7.0,2026-07-02,HIGH5-PAPER-2026-06-23-TRVI
2026-07-08,2026-06-26,2026-06-26,2026-06-26,2026-07-31T10:09:14-04:00,high_5_strategy,automated_swing_trading,Automated Swing Trading,HIGH5-PAPER-2026-06-26-TXG:SELL:2026-07-08,HIGH5-PAPER-2026-06-26-TXG:SELL:2026-07-08,TXG,SELL,LONG,35.07,37.47,37.47,high_5_time_exit_bar_close,5702.0,5702.0,5702.0,FILLED,FILLED,CLOSED,PAPER,True,False,False,ENTRY_WINDOW_OPEN_1545_1559_ET,15:45,3,100000.0,0.75,Technology,floor((RESEARCH_ALLOCATION_USD * LEVERAGE) / entry_price),200000.0,2026-07-31T10:09:14-04:00,TIME_EXIT,7.0,2026-07-08,HIGH5-PAPER-2026-06-26-TXG
2026-07-09,2026-06-29,2026-06-29,2026-06-29,2026-07-31T10:09:14-04:00,high_5_strategy,automated_swing_trading,Automated Swing Trading,HIGH5-PAPER-2026-06-29-UAL:SELL:2026-07-09,HIGH5-PAPER-2026-06-29-UAL:SELL:2026-07-09,UAL,SELL,LONG,135.835,129.05,129.05,high_5_time_exit_bar_close,1472.0,1472.0,1472.0,FILLED,FILLED,CLOSED,PAPER,True,False,False,ENTRY_WINDOW_OPEN_1545_1559_ET,15:45,4,100000.0,0.5,Industrials,floor((RESEARCH_ALLOCATION_USD * LEVERAGE) / entry_price),200000.0,2026-07-31T10:09:14-04:00,TIME_EXIT,7.0,2026-07-09,HIGH5-PAPER-2026-06-29-UAL
2026-07-10,2026-06-30,2026-06-30,2026-06-30,2026-07-31T10:09:14-04:00,high_5_strategy,automated_swing_trading,Automated Swing Trading,HIGH5-PAPER-2026-06-30-WRBY:SELL:2026-07-10,HIGH5-PAPER-2026-06-30-WRBY:SELL:2026-07-10,WRBY,SELL,LONG,30.6,29.05,29.05,high_5_time_exit_bar_close,6535.0,6535.0,6535.0,FILLED,FILLED,CLOSED,PAPER,True,False,False,ENTRY_WINDOW_OPEN_1545_1559_ET,15:45,5,100000.0,0.633333,Healthcare,floor((RESEARCH_ALLOCATION_USD * LEVERAGE) / entry_price),200000.0,2026-07-31T10:09:14-04:00,TIME_EXIT,7.0,2026-07-10,HIGH5-PAPER-2026-06-30-WRBY
2026-07-31,2026-07-31,2026-07-31,2026-07-31,2026-07-31T15:45:35,high_5_strategy,automated_swing_trading,Automated Swing Trading,HIGH5-PAPER-2026-07-31-RNG,HIGH5-PAPER-2026-07-31-RNG,RNG,BUY,LONG,56.0,56.0,56.0,high_5_entry_price,510.0,510.0,510.0,FILLED,FILLED,FILLED,PAPER,True,False,False,ENTRY_WINDOW_OPEN_1545_1554_ET,15:45,1,28571.42857142857,1.0,Technology,floor((RESEARCH_ALLOCATION_USD * LEVERAGE) / entry_price),28571.42857142857,2026-07-31T15:45:35,,,,
2026-07-31,2026-07-31,2026-07-31,2026-07-31,2026-07-31T15:45:35,high_5_strategy,automated_swing_trading,Automated Swing Trading,HIGH5-PAPER-2026-07-31-ATRC,HIGH5-PAPER-2026-07-31-ATRC,ATRC,BUY,LONG,37.86,37.86,37.86,high_5_entry_price,754.0,754.0,754.0,FILLED,FILLED,FILLED,PAPER,True,False,False,ENTRY_WINDOW_OPEN_1545_1554_ET,15:45,2,28571.42857142857,0.714286,Healthcare,floor((RESEARCH_ALLOCATION_USD * LEVERAGE) / entry_price),28571.42857142857,2026-07-31T15:45:35,,,,
2026-07-31,2026-07-31,2026-07-31,2026-07-31,2026-07-31T15:45:35,high_5_strategy,automated_swing_trading,Automated Swing Trading,HIGH5-PAPER-2026-07-31-GCT,HIGH5-PAPER-2026-07-31-GCT,GCT,BUY,LONG,42.88,42.88,42.88,high_5_entry_price,666.0,666.0,666.0,FILLED,FILLED,FILLED,PAPER,True,False,False,ENTRY_WINDOW_OPEN_1545_1554_ET,15:45,3,28571.42857142857,0.642857,Technology,floor((RESEARCH_ALLOCATION_USD * LEVERAGE) / entry_price),28571.42857142857,2026-07-31T15:45:35,,,,
2026-07-31,2026-07-31,2026-07-31,2026-07-31,2026-07-31T15:45:35,high_5_strategy,automated_swing_trading,Automated Swing Trading,HIGH5-PAPER-2026-07-31-DYN,HIGH5-PAPER-2026-07-31-DYN,DYN,BUY,LONG,24.7,24.7,24.7,high_5_entry_price,1156.0,1156.0,1156.0,FILLED,FILLED,FILLED,PAPER,True,False,False,ENTRY_WINDOW_OPEN_1545_1554_ET,15:45,4,28571.42857142857,0.5,Healthcare,floor((RESEARCH_ALLOCATION_USD * LEVERAGE) / entry_price),28571.42857142857,2026-07-31T15:45:35,,,,
2026-07-31,2026-07-31,2026-07-31,2026-07-31,2026-07-31T15:45:35,high_5_strategy,automated_swing_trading,Automated Swing Trading,HIGH5-PAPER-2026-07-31-GM,HIGH5-PAPER-2026-07-31-GM,GM,BUY,LONG,88.82,88.82,88.82,high_5_entry_price,321.0,321.0,321.0,FILLED,FILLED,FILLED,PAPER,True,False,False,ENTRY_WINDOW_OPEN_1545_1554_ET,15:45,5,28571.42857142857,0.5,Consumer Cyclical,floor((RESEARCH_ALLOCATION_USD * LEVERAGE) / entry_price),28571.42857142857,2026-07-31T15:45:35,,,,
2026-08-03,2026-08-03,2026-08-03,2026-08-03,2026-08-03T15:45:13,high_5_strategy,automated_swing_trading,Automated Swing Trading,HIGH5-PAPER-2026-08-03-RNG,HIGH5-PAPER-2026-08-03-RNG,RNG,BUY,LONG,57.25,57.25,57.25,high_5_entry_price,499.0,499.0,499.0,FILLED,FILLED,FILLED,PAPER,True,False,False,ENTRY_WINDOW_OPEN_1545_1554_ET,15:45,1,28571.42857142857,1.0,Technology,floor((RESEARCH_ALLOCATION_USD * LEVERAGE) / entry_price),28571.42857142857,2026-08-03T15:45:13,,,,
2026-08-03,2026-08-03,2026-08-03,2026-08-03,2026-08-03T15:45:13,high_5_strategy,automated_swing_trading,Automated Swing Trading,HIGH5-PAPER-2026-08-03-ATRC,HIGH5-PAPER-2026-08-03-ATRC,ATRC,BUY,LONG,38.925,38.925,38.925,high_5_entry_price,734.0,734.0,734.0,FILLED,FILLED,FILLED,PAPER,True,False,False,ENTRY_WINDOW_OPEN_1545_1554_ET,15:45,2,28571.42857142857,0.642857,Healthcare,floor((RESEARCH_ALLOCATION_USD * LEVERAGE) / entry_price),28571.42857142857,2026-08-03T15:45:13,,,,
2026-08-03,2026-08-03,2026-08-03,2026-08-03,2026-08-03T15:45:13,high_5_strategy,automated_swing_trading,Automated Swing Trading,HIGH5-PAPER-2026-08-03-GCT,HIGH5-PAPER-2026-08-03-GCT,GCT,BUY,LONG,43.7601,43.7601,43.7601,high_5_entry_price,652.0,652.0,652.0,FILLED,FILLED,FILLED,PAPER,True,False,False,ENTRY_WINDOW_OPEN_1545_1554_ET,15:45,3,28571.42857142857,0.642857,Technology,floor((RESEARCH_ALLOCATION_USD * LEVERAGE) / entry_price),28571.42857142857,2026-08-03T15:45:13,,,,
2026-08-03,2026-08-03,2026-08-03,2026-08-03,2026-08-03T15:45:13,high_5_strategy,automated_swing_trading,Automated Swing Trading,HIGH5-PAPER-2026-08-03-GKOS,HIGH5-PAPER-2026-08-03-GKOS,GKOS,BUY,LONG,171.155,171.155,171.155,high_5_entry_price,166.0,166.0,166.0,FILLED,FILLED,FILLED,PAPER,True,False,False,ENTRY_WINDOW_OPEN_1545_1554_ET,15:45,4,28571.42857142857,0.5,Healthcare,floor((RESEARCH_ALLOCATION_USD * LEVERAGE) / entry_price),28571.42857142857,2026-08-03T15:45:13,,,,
2026-08-03,2026-08-03,2026-08-03,2026-08-03,2026-08-03T15:45:13,high_5_strategy,automated_swing_trading,Automated Swing Trading,HIGH5-PAPER-2026-08-03-REGN,HIGH5-PAPER-2026-08-03-REGN,REGN,BUY,LONG,764.285,764.285,764.285,high_5_entry_price,37.0,37.0,37.0,FILLED,FILLED,FILLED,PAPER,True,False,False,ENTRY_WINDOW_OPEN_1545_1554_ET,15:45,5,28571.42857142857,0.5,Healthcare,floor((RESEARCH_ALLOCATION_USD * LEVERAGE) / entry_price),28571.42857142857,2026-08-03T15:45:13,,,,
2026-08-03,2026-07-23,2026-07-23,2026-07-23,2026-08-03T15:55:10-04:00,high_5_strategy,automated_swing_trading,Automated Swing Trading,HIGH5-PAPER-2026-07-23-DINO:SELL:2026-08-03,HIGH5-PAPER-2026-07-23-DINO:SELL:2026-08-03,DINO,SELL,LONG,90.22,88.635,88.635,high_5_time_exit_bar_close,316.0,316.0,316.0,FILLED,FILLED,CLOSED,PAPER,True,False,False,ENTRY_WINDOW_OPEN_1545_1554_ET,15:45,2,28571.42857142857,0.75,Energy,floor((RESEARCH_ALLOCATION_USD * LEVERAGE) / entry_price),28571.42857142857,2026-08-03T15:55:10-04:00,TIME_EXIT,7.0,2026-08-03,HIGH5-PAPER-2026-07-23-DINO
2026-08-03,2026-07-23,2026-07-23,2026-07-23,2026-08-03T15:55:10-04:00,high_5_strategy,automated_swing_trading,Automated Swing Trading,HIGH5-PAPER-2026-07-23-FEIM:SELL:2026-08-03,HIGH5-PAPER-2026-07-23-FEIM:SELL:2026-08-03,FEIM,SELL,LONG,72.9,60.5,60.5,high_5_time_exit_bar_close,391.0,391.0,391.0,FILLED,FILLED,CLOSED,PAPER,True,False,False,ENTRY_WINDOW_OPEN_1545_1554_ET,15:45,1,28571.42857142857,0.75,Technology,floor((RESEARCH_ALLOCATION_USD * LEVERAGE) / entry_price),28571.42857142857,2026-08-03T15:55:10-04:00,TIME_EXIT,7.0,2026-08-03,HIGH5-PAPER-2026-07-23-FEIM
2026-08-04,2026-08-04,2026-08-04,2026-08-04,2026-08-04T15:45:11,high_5_strategy,automated_swing_trading,Automated Swing Trading,HIGH5-PAPER-2026-08-04-WHD,HIGH5-PAPER-2026-08-04-WHD,WHD,BUY,LONG,66.32,66.32,66.32,high_5_entry_price,430.0,430.0,430.0,FILLED,FILLED,FILLED,PAPER,True,False,False,ENTRY_WINDOW_OPEN_1545_1554_ET,15:45,1,28571.42857142857,0.875,Industrials,floor((RESEARCH_ALLOCATION_USD * LEVERAGE) / entry_price),28571.42857142857,2026-08-04T15:45:11,,,,
2026-08-04,2026-08-04,2026-08-04,2026-08-04,2026-08-04T15:45:11,high_5_strategy,automated_swing_trading,Automated Swing Trading,HIGH5-PAPER-2026-08-04-CAKE,HIGH5-PAPER-2026-08-04-CAKE,CAKE,BUY,LONG,105.45,105.45,105.45,high_5_entry_price,270.0,270.0,270.0,FILLED,FILLED,FILLED,PAPER,True,False,False,ENTRY_WINDOW_OPEN_1545_1554_ET,15:45,2,28571.42857142857,0.8125,Consumer Cyclical,floor((RESEARCH_ALLOCATION_USD * LEVERAGE) / entry_price),28571.42857142857,2026-08-04T15:45:11,,,,
2026-08-04,2026-08-04,2026-08-04,2026-08-04,2026-08-04T15:45:11,high_5_strategy,automated_swing_trading,Automated Swing Trading,HIGH5-PAPER-2026-08-04-GCT,HIGH5-PAPER-2026-08-04-GCT,GCT,BUY,LONG,46.375,46.375,46.375,high_5_entry_price,616.0,616.0,616.0,FILLED,FILLED,FILLED,PAPER,True,False,False,ENTRY_WINDOW_OPEN_1545_1554_ET,15:45,3,28571.42857142857,0.75,Technology,floor((RESEARCH_ALLOCATION_USD * LEVERAGE) / entry_price),28571.42857142857,2026-08-04T15:45:11,,,,
2026-08-04,2026-08-04,2026-08-04,2026-08-04,2026-08-04T15:45:11,high_5_strategy,automated_swing_trading,Automated Swing Trading,HIGH5-PAPER-2026-08-04-GTES,HIGH5-PAPER-2026-08-04-GTES,GTES,BUY,LONG,30.115,30.115,30.115,high_5_entry_price,948.0,948.0,948.0,FILLED,FILLED,FILLED,PAPER,True,False,False,ENTRY_WINDOW_OPEN_1545_1554_ET,15:45,4,28571.42857142857,0.5,Industrials,floor((RESEARCH_ALLOCATION_USD * LEVERAGE) / entry_price),28571.42857142857,2026-08-04T15:45:11,,,,
2026-08-04,2026-08-04,2026-08-04,2026-08-04,2026-08-04T15:45:11,high_5_strategy,automated_swing_trading,Automated Swing Trading,HIGH5-PAPER-2026-08-04-HNI,HIGH5-PAPER-2026-08-04-HNI,HNI,BUY,LONG,48.16,48.16,48.16,high_5_entry_price,593.0,593.0,593.0,FILLED,FILLED,FILLED,PAPER,True,False,False,ENTRY_WINDOW_OPEN_1545_1554_ET,15:45,5,28571.42857142857,0.5,Consumer Cyclical,floor((RESEARCH_ALLOCATION_USD * LEVERAGE) / entry_price),28571.42857142857,2026-08-04T15:45:11,,,,
2026-08-04,2026-07-24,2026-07-24,2026-07-24,2026-08-04T15:55:12-04:00,high_5_strategy,automated_swing_trading,Automated Swing Trading,HIGH5-PAPER-2026-07-24-CNK:SELL:2026-08-04,HIGH5-PAPER-2026-07-24-CNK:SELL:2026-08-04,CNK,SELL,LONG,33.225,37.94,37.94,high_5_time_exit_bar_close,859.0,859.0,859.0,FILLED,FILLED,CLOSED,PAPER,True,False,False,ENTRY_WINDOW_OPEN_1545_1554_ET,15:45,5,28571.42857142857,0.2,Communication Services,floor((RESEARCH_ALLOCATION_USD * LEVERAGE) / entry_price),28571.42857142857,2026-08-04T15:55:12-04:00,TIME_EXIT,7.0,2026-08-04,HIGH5-PAPER-2026-07-24-CNK
2026-08-04,2026-07-24,2026-07-24,2026-07-24,2026-08-04T15:55:12-04:00,high_5_strategy,automated_swing_trading,Automated Swing Trading,HIGH5-PAPER-2026-07-24-DRS:SELL:2026-08-04,HIGH5-PAPER-2026-07-24-DRS:SELL:2026-08-04,DRS,SELL,LONG,48.415,45.4,45.4,high_5_time_exit_bar_close,590.0,590.0,590.0,FILLED,FILLED,CLOSED,PAPER,True,False,False,ENTRY_WINDOW_OPEN_1545_1554_ET,15:45,3,28571.42857142857,0.5,Industrials,floor((RESEARCH_ALLOCATION_USD * LEVERAGE) / entry_price),28571.42857142857,2026-08-04T15:55:12-04:00,TIME_EXIT,7.0,2026-08-04,HIGH5-PAPER-2026-07-24-DRS
2026-08-04,2026-07-24,2026-07-24,2026-07-24,2026-08-04T15:55:12-04:00,high_5_strategy,automated_swing_trading,Automated Swing Trading,HIGH5-PAPER-2026-07-24-FEIM:SELL:2026-08-04,HIGH5-PAPER-2026-07-24-FEIM:SELL:2026-08-04,FEIM,SELL,LONG,73.38,70.52,70.52,high_5_time_exit_bar_close,389.0,389.0,389.0,FILLED,FILLED,CLOSED,PAPER,True,False,False,ENTRY_WINDOW_OPEN_1545_1554_ET,15:45,1,28571.42857142857,0.9,Technology,floor((RESEARCH_ALLOCATION_USD * LEVERAGE) / entry_price),28571.42857142857,2026-08-04T15:55:12-04:00,TIME_EXIT,7.0,2026-08-04,HIGH5-PAPER-2026-07-24-FEIM
2026-08-04,2026-07-24,2026-07-24,2026-07-24,2026-08-04T15:55:12-04:00,high_5_strategy,automated_swing_trading,Automated Swing Trading,HIGH5-PAPER-2026-07-24-MEOH:SELL:2026-08-04,HIGH5-PAPER-2026-07-24-MEOH:SELL:2026-08-04,MEOH,SELL,LONG,56.62,53.43,53.43,high_5_time_exit_bar_close,504.0,504.0,504.0,FILLED,FILLED,CLOSED,PAPER,True,False,False,ENTRY_WINDOW_OPEN_1545_1554_ET,15:45,4,28571.42857142857,0.5,Basic Materials,floor((RESEARCH_ALLOCATION_USD * LEVERAGE) / entry_price),28571.42857142857,2026-08-04T15:55:12-04:00,TIME_EXIT,7.0,2026-08-04,HIGH5-PAPER-2026-07-24-MEOH
2026-08-04,2026-07-24,2026-07-24,2026-07-24,2026-08-04T15:55:12-04:00,high_5_strategy,automated_swing_trading,Automated Swing Trading,HIGH5-PAPER-2026-07-24-TRV:SELL:2026-08-04,HIGH5-PAPER-2026-07-24-TRV:SELL:2026-08-04,TRV,SELL,LONG,386.065,378.22,378.22,high_5_time_exit_bar_close,74.0,74.0,74.0,FILLED,FILLED,CLOSED,PAPER,True,False,False,ENTRY_WINDOW_OPEN_1545_1554_ET,15:45,2,28571.42857142857,0.9,Financial Services,floor((RESEARCH_ALLOCATION_USD * LEVERAGE) / entry_price),28571.42857142857,2026-08-04T15:55:12-04:00,TIME_EXIT,7.0,2026-08-04,HIGH5-PAPER-2026-07-24-TRV
2026-08-05,2026-08-05,2026-08-05,2026-08-05,2026-08-05T15:45:22,high_5_strategy,automated_swing_trading,Automated Swing Trading,HIGH5-PAPER-2026-08-05-CAKE,HIGH5-PAPER-2026-08-05-CAKE,CAKE,BUY,LONG,106.08,106.08,106.08,high_5_entry_price,269.0,269.0,269.0,FILLED,FILLED,FILLED,PAPER,True,False,False,ENTRY_WINDOW_OPEN_1545_1554_ET,15:45,1,28571.42857142857,0.909091,Consumer Cyclical,floor((RESEARCH_ALLOCATION_USD * LEVERAGE) / entry_price),28571.42857142857,2026-08-05T15:45:22,,,,
2026-08-05,2026-08-05,2026-08-05,2026-08-05,2026-08-05T15:45:22,high_5_strategy,automated_swing_trading,Automated Swing Trading,HIGH5-PAPER-2026-08-05-WHD,HIGH5-PAPER-2026-08-05-WHD,WHD,BUY,LONG,66.32,66.32,66.32,high_5_entry_price,430.0,430.0,430.0,FILLED,FILLED,FILLED,PAPER,True,False,False,ENTRY_WINDOW_OPEN_1545_1554_ET,15:45,2,28571.42857142857,0.818182,Industrials,floor((RESEARCH_ALLOCATION_USD * LEVERAGE) / entry_price),28571.42857142857,2026-08-05T15:45:22,,,,
2026-08-05,2026-08-05,2026-08-05,2026-08-05,2026-08-05T15:45:22,high_5_strategy,automated_swing_trading,Automated Swing Trading,HIGH5-PAPER-2026-08-05-HNI,HIGH5-PAPER-2026-08-05-HNI,HNI,BUY,LONG,48.86,48.86,48.86,high_5_entry_price,584.0,584.0,584.0,FILLED,FILLED,FILLED,PAPER,True,False,False,ENTRY_WINDOW_OPEN_1545_1554_ET,15:45,3,28571.42857142857,0.681818,Consumer Cyclical,floor((RESEARCH_ALLOCATION_USD * LEVERAGE) / entry_price),28571.42857142857,2026-08-05T15:45:22,,,,
2026-08-05,2026-08-05,2026-08-05,2026-08-05,2026-08-05T15:45:22,high_5_strategy,automated_swing_trading,Automated Swing Trading,HIGH5-PAPER-2026-08-05-MHK,HIGH5-PAPER-2026-08-05-MHK,MHK,BUY,LONG,137.13,137.13,137.13,high_5_entry_price,208.0,208.0,208.0,FILLED,FILLED,FILLED,PAPER,True,False,False,ENTRY_WINDOW_OPEN_1545_1554_ET,15:45,4,28571.42857142857,0.590909,Consumer Cyclical,floor((RESEARCH_ALLOCATION_USD * LEVERAGE) / entry_price),28571.42857142857,2026-08-05T15:45:22,,,,
2026-08-05,2026-08-05,2026-08-05,2026-08-05,2026-08-05T15:45:22,high_5_strategy,automated_swing_trading,Automated Swing Trading,HIGH5-PAPER-2026-08-05-GTES,HIGH5-PAPER-2026-08-05-GTES,GTES,BUY,LONG,29.611,29.611,29.611,high_5_entry_price,964.0,964.0,964.0,FILLED,FILLED,FILLED,PAPER,True,False,False,ENTRY_WINDOW_OPEN_1545_1554_ET,15:45,5,28571.42857142857,0.590909,Industrials,floor((RESEARCH_ALLOCATION_USD * LEVERAGE) / entry_price),28571.42857142857,2026-08-05T15:45:22,,,,
2026-08-05,2026-07-27,2026-07-27,2026-07-27,2026-08-05T15:55:25-04:00,high_5_strategy,automated_swing_trading,Automated Swing Trading,HIGH5-PAPER-2026-07-27-DRS:SELL:2026-08-05,HIGH5-PAPER-2026-07-27-DRS:SELL:2026-08-05,DRS,SELL,LONG,48.485,44.655,44.655,high_5_time_exit_bar_close,589.0,589.0,589.0,FILLED,FILLED,CLOSED,PAPER,True,False,False,ENTRY_WINDOW_OPEN_1545_1554_ET,15:45,4,28571.42857142857,0.5,Industrials,floor((RESEARCH_ALLOCATION_USD * LEVERAGE) / entry_price),28571.42857142857,2026-08-05T15:55:25-04:00,TIME_EXIT,7.0,2026-08-05,HIGH5-PAPER-2026-07-27-DRS
2026-08-05,2026-07-27,2026-07-27,2026-07-27,2026-08-05T15:55:25-04:00,high_5_strategy,automated_swing_trading,Automated Swing Trading,HIGH5-PAPER-2026-07-27-DYN:SELL:2026-08-05,HIGH5-PAPER-2026-07-27-DYN:SELL:2026-08-05,DYN,SELL,LONG,25.24,26.1,26.1,high_5_time_exit_bar_close,1131.0,1131.0,1131.0,FILLED,FILLED,CLOSED,PAPER,True,False,False,ENTRY_WINDOW_OPEN_1545_1554_ET,15:45,2,28571.42857142857,0.833333,Healthcare,floor((RESEARCH_ALLOCATION_USD * LEVERAGE) / entry_price),28571.42857142857,2026-08-05T15:55:25-04:00,TIME_EXIT,7.0,2026-08-05,HIGH5-PAPER-2026-07-27-DYN
2026-08-05,2026-07-27,2026-07-27,2026-07-27,2026-08-05T15:55:25-04:00,high_5_strategy,automated_swing_trading,Automated Swing Trading,HIGH5-PAPER-2026-07-27-FEIM:SELL:2026-08-05,HIGH5-PAPER-2026-07-27-FEIM:SELL:2026-08-05,FEIM,SELL,LONG,70.07,71.855,71.855,high_5_time_exit_bar_close,407.0,407.0,407.0,FILLED,FILLED,CLOSED,PAPER,True,False,False,ENTRY_WINDOW_OPEN_1545_1554_ET,15:45,3,28571.42857142857,0.75,Technology,floor((RESEARCH_ALLOCATION_USD * LEVERAGE) / entry_price),28571.42857142857,2026-08-05T15:55:25-04:00,TIME_EXIT,7.0,2026-08-05,HIGH5-PAPER-2026-07-27-FEIM
2026-08-05,2026-07-27,2026-07-27,2026-07-27,2026-08-05T15:55:25-04:00,high_5_strategy,automated_swing_trading,Automated Swing Trading,HIGH5-PAPER-2026-07-27-GM:SELL:2026-08-05,HIGH5-PAPER-2026-07-27-GM:SELL:2026-08-05,GM,SELL,LONG,85.856,89.335,89.335,high_5_time_exit_bar_close,332.0,332.0,332.0,FILLED,FILLED,CLOSED,PAPER,True,False,False,ENTRY_WINDOW_OPEN_1545_1554_ET,15:45,5,28571.42857142857,0.416667,Consumer Cyclical,floor((RESEARCH_ALLOCATION_USD * LEVERAGE) / entry_price),28571.42857142857,2026-08-05T15:55:25-04:00,TIME_EXIT,7.0,2026-08-05,HIGH5-PAPER-2026-07-27-GM
2026-08-05,2026-07-27,2026-07-27,2026-07-27,2026-08-05T15:55:25-04:00,high_5_strategy,automated_swing_trading,Automated Swing Trading,HIGH5-PAPER-2026-07-27-TRV:SELL:2026-08-05,HIGH5-PAPER-2026-07-27-TRV:SELL:2026-08-05,TRV,SELL,LONG,390.27,382.82,382.82,high_5_time_exit_bar_close,73.0,73.0,73.0,FILLED,FILLED,CLOSED,PAPER,True,False,False,ENTRY_WINDOW_OPEN_1545_1554_ET,15:45,1,28571.42857142857,0.833333,Financial Services,floor((RESEARCH_ALLOCATION_USD * LEVERAGE) / entry_price),28571.42857142857,2026-08-05T15:55:25-04:00,TIME_EXIT,7.0,2026-08-05,HIGH5-PAPER-2026-07-27-TRV
2026-08-06,2026-08-06,2026-08-06,2026-08-06,2026-08-06T15:45:09,high_5_strategy,automated_swing_trading,Automated Swing Trading,HIGH5-PAPER-2026-08-06-CAKE,HIGH5-PAPER-2026-08-06-CAKE,CAKE,BUY,LONG,106.8,106.8,106.8,high_5_entry_price,267.0,267.0,267.0,FILLED,FILLED,FILLED,PAPER,True,False,False,ENTRY_WINDOW_OPEN_1545_1554_ET,15:45,1,28571.42857142857,0.8125,Consumer Cyclical,floor((RESEARCH_ALLOCATION_USD * LEVERAGE) / entry_price),28571.42857142857,2026-08-06T15:45:09,,,,
2026-08-06,2026-08-06,2026-08-06,2026-08-06,2026-08-06T15:45:09,high_5_strategy,automated_swing_trading,Automated Swing Trading,HIGH5-PAPER-2026-08-06-WHD,HIGH5-PAPER-2026-08-06-WHD,WHD,BUY,LONG,68.17,68.17,68.17,high_5_entry_price,419.0,419.0,419.0,FILLED,FILLED,FILLED,PAPER,True,False,False,ENTRY_WINDOW_OPEN_1545_1554_ET,15:45,2,28571.42857142857,0.75,Industrials,floor((RESEARCH_ALLOCATION_USD * LEVERAGE) / entry_price),28571.42857142857,2026-08-06T15:45:09,,,,
2026-08-06,2026-08-06,2026-08-06,2026-08-06,2026-08-06T15:45:09,high_5_strategy,automated_swing_trading,Automated Swing Trading,HIGH5-PAPER-2026-08-06-AMLX,HIGH5-PAPER-2026-08-06-AMLX,AMLX,BUY,LONG,23.895,23.895,23.895,high_5_entry_price,1195.0,1195.0,1195.0,FILLED,FILLED,FILLED,PAPER,True,False,False,ENTRY_WINDOW_OPEN_1545_1554_ET,15:45,3,28571.42857142857,0.6875,Healthcare,floor((RESEARCH_ALLOCATION_USD * LEVERAGE) / entry_price),28571.42857142857,2026-08-06T15:45:09,,,,
2026-08-06,2026-08-06,2026-08-06,2026-08-06,2026-08-06T15:45:09,high_5_strategy,automated_swing_trading,Automated Swing Trading,HIGH5-PAPER-2026-08-06-TWST,HIGH5-PAPER-2026-08-06-TWST,TWST,BUY,LONG,110.71,110.71,110.71,high_5_entry_price,258.0,258.0,258.0,FILLED,FILLED,FILLED,PAPER,True,False,False,ENTRY_WINDOW_OPEN_1545_1554_ET,15:45,4,28571.42857142857,0.625,Healthcare,floor((RESEARCH_ALLOCATION_USD * LEVERAGE) / entry_price),28571.42857142857,2026-08-06T15:45:09,,,,
2026-08-06,2026-08-06,2026-08-06,2026-08-06,2026-08-06T15:45:09,high_5_strategy,automated_swing_trading,Automated Swing Trading,HIGH5-PAPER-2026-08-06-GCT,HIGH5-PAPER-2026-08-06-GCT,GCT,BUY,LONG,54.09,54.09,54.09,high_5_entry_price,528.0,528.0,528.0,FILLED,FILLED,FILLED,PAPER,True,False,False,ENTRY_WINDOW_OPEN_1545_1554_ET,15:45,5,28571.42857142857,0.5625,Technology,floor((RESEARCH_ALLOCATION_USD * LEVERAGE) / entry_price),28571.42857142857,2026-08-06T15:45:09,,,,
2026-08-06,2026-07-28,2026-07-28,2026-07-28,2026-08-06T15:55:13-04:00,high_5_strategy,automated_swing_trading,Automated Swing Trading,HIGH5-PAPER-2026-07-28-ATRC:SELL:2026-08-06,HIGH5-PAPER-2026-07-28-ATRC:SELL:2026-08-06,ATRC,SELL,LONG,38.965,39.57,39.57,high_5_time_exit_bar_close,733.0,733.0,733.0,FILLED,FILLED,CLOSED,PAPER,True,False,False,ENTRY_WINDOW_OPEN_1545_1554_ET,15:45,3,28571.42857142857,0.75,Healthcare,floor((RESEARCH_ALLOCATION_USD * LEVERAGE) / entry_price),28571.42857142857,2026-08-06T15:55:13-04:00,TIME_EXIT,7.0,2026-08-06,HIGH5-PAPER-2026-07-28-ATRC
2026-08-06,2026-07-28,2026-07-28,2026-07-28,2026-08-06T15:55:13-04:00,high_5_strategy,automated_swing_trading,Automated Swing Trading,HIGH5-PAPER-2026-07-28-GSHD:SELL:2026-08-06,HIGH5-PAPER-2026-07-28-GSHD:SELL:2026-08-06,GSHD,SELL,LONG,67.78,66.425,66.425,high_5_time_exit_bar_close,421.0,421.0,421.0,FILLED,FILLED,CLOSED,PAPER,True,False,False,ENTRY_WINDOW_OPEN_1545_1554_ET,15:45,2,28571.42857142857,0.85,Financial Services,floor((RESEARCH_ALLOCATION_USD * LEVERAGE) / entry_price),28571.42857142857,2026-08-06T15:55:13-04:00,TIME_EXIT,7.0,2026-08-06,HIGH5-PAPER-2026-07-28-GSHD
2026-08-06,2026-07-28,2026-07-28,2026-07-28,2026-08-06T15:55:13-04:00,high_5_strategy,automated_swing_trading,Automated Swing Trading,HIGH5-PAPER-2026-07-28-IP:SELL:2026-08-06,HIGH5-PAPER-2026-07-28-IP:SELL:2026-08-06,IP,SELL,LONG,43.981,40.535,40.535,high_5_time_exit_bar_close,649.0,649.0,649.0,FILLED,FILLED,CLOSED,PAPER,True,False,False,ENTRY_WINDOW_OPEN_1545_1554_ET,15:45,4,28571.42857142857,0.6,Consumer Cyclical,floor((RESEARCH_ALLOCATION_USD * LEVERAGE) / entry_price),28571.42857142857,2026-08-06T15:55:13-04:00,TIME_EXIT,7.0,2026-08-06,HIGH5-PAPER-2026-07-28-IP
2026-08-06,2026-07-28,2026-07-28,2026-07-28,2026-08-06T15:55:13-04:00,high_5_strategy,automated_swing_trading,Automated Swing Trading,HIGH5-PAPER-2026-07-28-RNG:SELL:2026-08-06,HIGH5-PAPER-2026-07-28-RNG:SELL:2026-08-06,RNG,SELL,LONG,56.39,61.605,61.605,high_5_time_exit_bar_close,506.0,506.0,506.0,FILLED,FILLED,CLOSED,PAPER,True,False,False,ENTRY_WINDOW_OPEN_1545_1554_ET,15:45,1,28571.42857142857,1.0,Technology,floor((RESEARCH_ALLOCATION_USD * LEVERAGE) / entry_price),28571.42857142857,2026-08-06T15:55:13-04:00,TIME_EXIT,7.0,2026-08-06,HIGH5-PAPER-2026-07-28-RNG
2026-08-06,2026-07-28,2026-07-28,2026-07-28,2026-08-06T15:55:13-04:00,high_5_strategy,automated_swing_trading,Automated Swing Trading,HIGH5-PAPER-2026-07-28-TRV:SELL:2026-08-06,HIGH5-PAPER-2026-07-28-TRV:SELL:2026-08-06,TRV,SELL,LONG,395.68,385.17,385.17,high_5_time_exit_bar_close,72.0,72.0,72.0,FILLED,FILLED,CLOSED,PAPER,True,False,False,ENTRY_WINDOW_OPEN_1545_1554_ET,15:45,5,28571.42857142857,0.6,Financial Services,floor((RESEARCH_ALLOCATION_USD * LEVERAGE) / entry_price),28571.42857142857,2026-08-06T15:55:13-04:00,TIME_EXIT,7.0,2026-08-06,HIGH5-PAPER-2026-07-28-TRV
2026-08-07,2026-08-07,2026-08-07,2026-08-07,2026-08-07T15:45:05,high_5_strategy,automated_swing_trading,Automated Swing Trading,HIGH5-PAPER-2026-08-07-TWST,HIGH5-PAPER-2026-08-07-TWST,TWST,BUY,LONG,114.02,114.02,114.02,high_5_entry_price,250.0,250.0,250.0,FILLED,FILLED,FILLED,PAPER,True,False,False,ENTRY_WINDOW_OPEN_1545_1554_ET,15:45,1,28571.42857142857,0.875,Healthcare,floor((RESEARCH_ALLOCATION_USD * LEVERAGE) / entry_price),28571.42857142857,2026-08-07T15:45:05,,,,
2026-08-07,2026-08-07,2026-08-07,2026-08-07,2026-08-07T15:45:05,high_5_strategy,automated_swing_trading,Automated Swing Trading,HIGH5-PAPER-2026-08-07-WHD,HIGH5-PAPER-2026-08-07-WHD,WHD,BUY,LONG,68.07,68.07,68.07,high_5_entry_price,419.0,419.0,419.0,FILLED,FILLED,FILLED,PAPER,True,False,False,ENTRY_WINDOW_OPEN_1545_1554_ET,15:45,2,28571.42857142857,0.875,Industrials,floor((RESEARCH_ALLOCATION_USD * LEVERAGE) / entry_price),28571.42857142857,2026-08-07T15:45:05,,,,
2026-08-07,2026-08-07,2026-08-07,2026-08-07,2026-08-07T15:45:05,high_5_strategy,automated_swing_trading,Automated Swing Trading,HIGH5-PAPER-2026-08-07-LECO,HIGH5-PAPER-2026-08-07-LECO,LECO,BUY,LONG,282.03,282.03,282.03,high_5_entry_price,101.0,101.0,101.0,FILLED,FILLED,FILLED,PAPER,True,False,False,ENTRY_WINDOW_OPEN_1545_1554_ET,15:45,3,28571.42857142857,0.625,Industrials,floor((RESEARCH_ALLOCATION_USD * LEVERAGE) / entry_price),28571.42857142857,2026-08-07T15:45:05,,,,
2026-08-07,2026-08-07,2026-08-07,2026-08-07,2026-08-07T15:45:05,high_5_strategy,automated_swing_trading,Automated Swing Trading,HIGH5-PAPER-2026-08-07-MSFT,HIGH5-PAPER-2026-08-07-MSFT,MSFT,BUY,LONG,499.76,499.76,499.76,high_5_entry_price,57.0,57.0,57.0,FILLED,FILLED,FILLED,PAPER,True,False,False,ENTRY_WINDOW_OPEN_1545_1554_ET,15:45,4,28571.42857142857,0.625,Technology,floor((RESEARCH_ALLOCATION_USD * LEVERAGE) / entry_price),28571.42857142857,2026-08-07T15:45:05,,,,
2026-08-07,2026-08-07,2026-08-07,2026-08-07,2026-08-07T15:45:05,high_5_strategy,automated_swing_trading,Automated Swing Trading,HIGH5-PAPER-2026-08-07-HNI,HIGH5-PAPER-2026-08-07-HNI,HNI,BUY,LONG,49.77,49.77,49.77,high_5_entry_price,574.0,574.0,574.0,FILLED,FILLED,FILLED,PAPER,True,False,False,ENTRY_WINDOW_OPEN_1545_1554_ET,15:45,5,28571.42857142857,0.5625,Consumer Cyclical,floor((RESEARCH_ALLOCATION_USD * LEVERAGE) / entry_price),28571.42857142857,2026-08-07T15:45:05,,,,
2026-08-07,2026-07-29,2026-07-29,2026-07-29,2026-08-07T15:55:10-04:00,high_5_strategy,automated_swing_trading,Automated Swing Trading,HIGH5-PAPER-2026-07-29-ATRC:SELL:2026-08-07,HIGH5-PAPER-2026-07-29-ATRC:SELL:2026-08-07,ATRC,SELL,LONG,40.285,41.22,41.22,high_5_time_exit_bar_close,709.0,709.0,709.0,FILLED,FILLED,CLOSED,PAPER,True,False,False,ENTRY_WINDOW_OPEN_1545_1554_ET,15:45,3,28571.42857142857,0.666667,Healthcare,floor((RESEARCH_ALLOCATION_USD * LEVERAGE) / entry_price),28571.42857142857,2026-08-07T15:55:10-04:00,TIME_EXIT,7.0,2026-08-07,HIGH5-PAPER-2026-07-29-ATRC
2026-08-07,2026-07-29,2026-07-29,2026-07-29,2026-08-07T15:55:10-04:00,high_5_strategy,automated_swing_trading,Automated Swing Trading,HIGH5-PAPER-2026-07-29-FAF:SELL:2026-08-07,HIGH5-PAPER-2026-07-29-FAF:SELL:2026-08-07,FAF,SELL,LONG,79.265,74.195,74.195,high_5_time_exit_bar_close,360.0,360.0,360.0,FILLED,FILLED,CLOSED,PAPER,True,False,False,ENTRY_WINDOW_OPEN_1545_1554_ET,15:45,5,28571.42857142857,0.333333,Financial Services,floor((RESEARCH_ALLOCATION_USD * LEVERAGE) / entry_price),28571.42857142857,2026-08-07T15:55:10-04:00,TIME_EXIT,7.0,2026-08-07,HIGH5-PAPER-2026-07-29-FAF
2026-08-07,2026-07-29,2026-07-29,2026-07-29,2026-08-07T15:55:10-04:00,high_5_strategy,automated_swing_trading,Automated Swing Trading,HIGH5-PAPER-2026-07-29-FIVN:SELL:2026-08-07,HIGH5-PAPER-2026-07-29-FIVN:SELL:2026-08-07,FIVN,SELL,LONG,27.61,33.85,33.85,high_5_time_exit_bar_close,1034.0,1034.0,1034.0,FILLED,FILLED,CLOSED,PAPER,True,False,False,ENTRY_WINDOW_OPEN_1545_1554_ET,15:45,2,28571.42857142857,0.75,Technology,floor((RESEARCH_ALLOCATION_USD * LEVERAGE) / entry_price),28571.42857142857,2026-08-07T15:55:10-04:00,TIME_EXIT,7.0,2026-08-07,HIGH5-PAPER-2026-07-29-FIVN
2026-08-07,2026-07-29,2026-07-29,2026-07-29,2026-08-07T15:55:10-04:00,high_5_strategy,automated_swing_trading,Automated Swing Trading,HIGH5-PAPER-2026-07-29-RNG:SELL:2026-08-07,HIGH5-PAPER-2026-07-29-RNG:SELL:2026-08-07,RNG,SELL,LONG,57.53,63.235,63.235,high_5_time_exit_bar_close,496.0,496.0,496.0,FILLED,FILLED,CLOSED,PAPER,True,False,False,ENTRY_WINDOW_OPEN_1545_1554_ET,15:45,1,28571.42857142857,1.0,Technology,floor((RESEARCH_ALLOCATION_USD * LEVERAGE) / entry_price),28571.42857142857,2026-08-07T15:55:10-04:00,TIME_EXIT,7.0,2026-08-07,HIGH5-PAPER-2026-07-29-RNG
2026-08-07,2026-07-29,2026-07-29,2026-07-29,2026-08-07T15:55:10-04:00,high_5_strategy,automated_swing_trading,Automated Swing Trading,HIGH5-PAPER-2026-07-29-TRV:SELL:2026-08-07,HIGH5-PAPER-2026-07-29-TRV:SELL:2026-08-07,TRV,SELL,LONG,393.9,384.13,384.13,high_5_time_exit_bar_close,72.0,72.0,72.0,FILLED,FILLED,CLOSED,PAPER,True,False,False,ENTRY_WINDOW_OPEN_1545_1554_ET,15:45,4,28571.42857142857,0.583333,Financial Services,floor((RESEARCH_ALLOCATION_USD * LEVERAGE) / entry_price),28571.42857142857,2026-08-07T15:55:10-04:00,TIME_EXIT,7.0,2026-08-07,HIGH5-PAPER-2026-07-29-TRV
2026-08-10,2026-08-10,2026-08-10,2026-08-10,2026-08-10T15:45:23,high_5_strategy,automated_swing_trading,Automated Swing Trading,HIGH5-PAPER-2026-08-10-TWST,HIGH5-PAPER-2026-08-10-TWST,TWST,BUY,LONG,124.025,124.025,124.025,high_5_entry_price,230.0,230.0,230.0,FILLED,FILLED,FILLED,PAPER,True,False,False,ENTRY_WINDOW_OPEN_1545_1554_ET,15:45,1,28571.42857142857,1.0,Healthcare,floor((RESEARCH_ALLOCATION_USD * LEVERAGE) / entry_price),28571.42857142857,2026-08-10T15:45:23,,,,
2026-08-10,2026-08-10,2026-08-10,2026-08-10,2026-08-10T15:45:23,high_5_strategy,automated_swing_trading,Automated Swing Trading,HIGH5-PAPER-2026-08-10-WHD,HIGH5-PAPER-2026-08-10-WHD,WHD,BUY,LONG,70.635,70.635,70.635,high_5_entry_price,404.0,404.0,404.0,FILLED,FILLED,FILLED,PAPER,True,False,False,ENTRY_WINDOW_OPEN_1545_1554_ET,15:45,2,28571.42857142857,0.85,Industrials,floor((RESEARCH_ALLOCATION_USD * LEVERAGE) / entry_price),28571.42857142857,2026-08-10T15:45:23,,,,
2026-08-10,2026-08-10,2026-08-10,2026-08-10,2026-08-10T15:45:23,high_5_strategy,automated_swing_trading,Automated Swing Trading,HIGH5-PAPER-2026-08-10-AZTA,HIGH5-PAPER-2026-08-10-AZTA,AZTA,BUY,LONG,33.16,33.16,33.16,high_5_entry_price,861.0,861.0,861.0,FILLED,FILLED,FILLED,PAPER,True,False,False,ENTRY_WINDOW_OPEN_1545_1554_ET,15:45,3,28571.42857142857,0.7,Healthcare,floor((RESEARCH_ALLOCATION_USD * LEVERAGE) / entry_price),28571.42857142857,2026-08-10T15:45:23,,,,
2026-08-10,2026-08-10,2026-08-10,2026-08-10,2026-08-10T15:45:23,high_5_strategy,automated_swing_trading,Automated Swing Trading,HIGH5-PAPER-2026-08-10-HNI,HIGH5-PAPER-2026-08-10-HNI,HNI,BUY,LONG,49.01,49.01,49.01,high_5_entry_price,582.0,582.0,582.0,FILLED,FILLED,FILLED,PAPER,True,False,False,ENTRY_WINDOW_OPEN_1545_1554_ET,15:45,4,28571.42857142857,0.6,Consumer Cyclical,floor((RESEARCH_ALLOCATION_USD * LEVERAGE) / entry_price),28571.42857142857,2026-08-10T15:45:23,,,,
2026-08-10,2026-08-10,2026-08-10,2026-08-10,2026-08-10T15:45:23,high_5_strategy,automated_swing_trading,Automated Swing Trading,HIGH5-PAPER-2026-08-10-GKOS,HIGH5-PAPER-2026-08-10-GKOS,GKOS,BUY,LONG,181.49,181.49,181.49,high_5_entry_price,157.0,157.0,157.0,FILLED,FILLED,FILLED,PAPER,True,False,False,ENTRY_WINDOW_OPEN_1545_1554_ET,15:45,5,28571.42857142857,0.55,Healthcare,floor((RESEARCH_ALLOCATION_USD * LEVERAGE) / entry_price),28571.42857142857,2026-08-10T15:45:23,,,,
2026-08-11,2026-08-11,2026-08-11,2026-08-11,2026-08-11T15:45:31,high_5_strategy,automated_swing_trading,Automated Swing Trading,HIGH5-PAPER-2026-08-11-U,HIGH5-PAPER-2026-08-11-U,U,BUY,LONG,43.465,43.465,43.465,high_5_entry_price,657.0,657.0,657.0,FILLED,FILLED,FILLED,PAPER,True,False,False,ENTRY_WINDOW_OPEN_1545_1554_ET,15:45,1,28571.42857142857,0.892857,Technology,floor((RESEARCH_ALLOCATION_USD * LEVERAGE) / entry_price),28571.42857142857,2026-08-11T15:45:31,,,,
2026-08-11,2026-08-11,2026-08-11,2026-08-11,2026-08-11T15:45:31,high_5_strategy,automated_swing_trading,Automated Swing Trading,HIGH5-PAPER-2026-08-11-CACI,HIGH5-PAPER-2026-08-11-CACI,CACI,BUY,LONG,667.58,667.58,667.58,high_5_entry_price,42.0,42.0,42.0,FILLED,FILLED,FILLED,PAPER,True,False,False,ENTRY_WINDOW_OPEN_1545_1554_ET,15:45,2,28571.42857142857,0.892857,Technology,floor((RESEARCH_ALLOCATION_USD * LEVERAGE) / entry_price),28571.42857142857,2026-08-11T15:45:31,,,,
2026-08-11,2026-08-11,2026-08-11,2026-08-11,2026-08-11T15:45:31,high_5_strategy,automated_swing_trading,Automated Swing Trading,HIGH5-PAPER-2026-08-11-ZBRA,HIGH5-PAPER-2026-08-11-ZBRA,ZBRA,BUY,LONG,383.135,383.135,383.135,high_5_entry_price,74.0,74.0,74.0,FILLED,FILLED,FILLED,PAPER,True,False,False,ENTRY_WINDOW_OPEN_1545_1554_ET,15:45,3,28571.42857142857,0.892857,Industrials,floor((RESEARCH_ALLOCATION_USD * LEVERAGE) / entry_price),28571.42857142857,2026-08-11T15:45:31,,,,
2026-08-11,2026-08-11,2026-08-11,2026-08-11,2026-08-11T15:45:31,high_5_strategy,automated_swing_trading,Automated Swing Trading,HIGH5-PAPER-2026-08-11-TWST,HIGH5-PAPER-2026-08-11-TWST,TWST,BUY,LONG,122.79,122.79,122.79,high_5_entry_price,232.0,232.0,232.0,FILLED,FILLED,FILLED,PAPER,True,False,False,ENTRY_WINDOW_OPEN_1545_1554_ET,15:45,4,28571.42857142857,0.821429,Healthcare,floor((RESEARCH_ALLOCATION_USD * LEVERAGE) / entry_price),28571.42857142857,2026-08-11T15:45:31,,,,
2026-08-11,2026-08-11,2026-08-11,2026-08-11,2026-08-11T15:45:31,high_5_strategy,automated_swing_trading,Automated Swing Trading,HIGH5-PAPER-2026-08-11-WHD,HIGH5-PAPER-2026-08-11-WHD,WHD,BUY,LONG,71.105,71.105,71.105,high_5_entry_price,401.0,401.0,401.0,FILLED,FILLED,FILLED,PAPER,True,False,False,ENTRY_WINDOW_OPEN_1545_1554_ET,15:45,5,28571.42857142857,0.75,Industrials,floor((RESEARCH_ALLOCATION_USD * LEVERAGE) / entry_price),28571.42857142857,2026-08-11T15:45:31,,,,
2026-08-10,2026-07-30,2026-07-30,2026-07-30,2026-08-11T15:55:06-04:00,high_5_strategy,automated_swing_trading,Automated Swing Trading,HIGH5-PAPER-2026-07-30-AMTB:SELL:2026-08-10,HIGH5-PAPER-2026-07-30-AMTB:SELL:2026-08-10,AMTB,SELL,LONG,29.67,28.67,28.67,high_5_time_exit_bar_close,962.0,962.0,962.0,FILLED,FILLED,CLOSED,PAPER,True,False,False,ENTRY_WINDOW_OPEN_1545_1554_ET,15:45,4,28571.42857142857,0.5,Financial Services,floor((RESEARCH_ALLOCATION_USD * LEVERAGE) / entry_price),28571.42857142857,2026-08-11T15:55:06-04:00,TIME_EXIT,7.0,2026-08-10,HIGH5-PAPER-2026-07-30-AMTB
2026-08-10,2026-07-30,2026-07-30,2026-07-30,2026-08-11T15:55:06-04:00,high_5_strategy,automated_swing_trading,Automated Swing Trading,HIGH5-PAPER-2026-07-30-ATRC:SELL:2026-08-10,HIGH5-PAPER-2026-07-30-ATRC:SELL:2026-08-10,ATRC,SELL,LONG,40.46,41.64,41.64,high_5_time_exit_bar_close,706.0,706.0,706.0,FILLED,FILLED,CLOSED,PAPER,True,False,False,ENTRY_WINDOW_OPEN_1545_1554_ET,15:45,2,28571.42857142857,0.75,Healthcare,floor((RESEARCH_ALLOCATION_USD * LEVERAGE) / entry_price),28571.42857142857,2026-08-11T15:55:06-04:00,TIME_EXIT,7.0,2026-08-10,HIGH5-PAPER-2026-07-30-ATRC
2026-08-10,2026-07-30,2026-07-30,2026-07-30,2026-08-11T15:55:06-04:00,high_5_strategy,automated_swing_trading,Automated Swing Trading,HIGH5-PAPER-2026-07-30-FIVN:SELL:2026-08-10,HIGH5-PAPER-2026-07-30-FIVN:SELL:2026-08-10,FIVN,SELL,LONG,27.57,34.48,34.48,high_5_time_exit_bar_close,1036.0,1036.0,1036.0,FILLED,FILLED,CLOSED,PAPER,True,False,False,ENTRY_WINDOW_OPEN_1545_1554_ET,15:45,3,28571.42857142857,0.666667,Technology,floor((RESEARCH_ALLOCATION_USD * LEVERAGE) / entry_price),28571.42857142857,2026-08-11T15:55:06-04:00,TIME_EXIT,7.0,2026-08-10,HIGH5-PAPER-2026-07-30-FIVN
2026-08-10,2026-07-30,2026-07-30,2026-07-30,2026-08-11T15:55:06-04:00,high_5_strategy,automated_swing_trading,Automated Swing Trading,HIGH5-PAPER-2026-07-30-RNG:SELL:2026-08-10,HIGH5-PAPER-2026-07-30-RNG:SELL:2026-08-10,RNG,SELL,LONG,54.155,64.1,64.1,high_5_time_exit_bar_close,527.0,527.0,527.0,FILLED,FILLED,CLOSED,PAPER,True,False,False,ENTRY_WINDOW_OPEN_1545_1554_ET,15:45,1,28571.42857142857,0.916667,Technology,floor((RESEARCH_ALLOCATION_USD * LEVERAGE) / entry_price),28571.42857142857,2026-08-11T15:55:06-04:00,TIME_EXIT,7.0,2026-08-10,HIGH5-PAPER-2026-07-30-RNG
2026-08-10,2026-07-30,2026-07-30,2026-07-30,2026-08-11T15:55:06-04:00,high_5_strategy,automated_swing_trading,Automated Swing Trading,HIGH5-PAPER-2026-07-30-WEX:SELL:2026-08-10,HIGH5-PAPER-2026-07-30-WEX:SELL:2026-08-10,WEX,SELL,LONG,184.58,186.45,186.45,high_5_time_exit_bar_close,154.0,154.0,154.0,FILLED,FILLED,CLOSED,PAPER,True,False,False,ENTRY_WINDOW_OPEN_1545_1554_ET,15:45,5,28571.42857142857,0.5,Industrials,floor((RESEARCH_ALLOCATION_USD * LEVERAGE) / entry_price),28571.42857142857,2026-08-11T15:55:06-04:00,TIME_EXIT,7.0,2026-08-10,HIGH5-PAPER-2026-07-30-WEX
2026-08-12,2026-08-12,2026-08-12,2026-08-12,2026-08-12T15:47:25,high_5_strategy,automated_swing_trading,Automated Swing Trading,HIGH5-PAPER-2026-08-12-CACI,HIGH5-PAPER-2026-08-12-CACI,CACI,BUY,LONG,674.22,674.22,674.22,high_5_entry_price,42.0,42.0,42.0,FILLED,FILLED,FILLED,PAPER,True,False,False,ENTRY_WINDOW_OPEN_1545_1554_ET,15:45,1,28571.42857142857,0.928571,Technology,floor((RESEARCH_ALLOCATION_USD * LEVERAGE) / entry_price),28571.42857142857,2026-08-12T15:47:25,,,,
2026-08-12,2026-08-12,2026-08-12,2026-08-12,2026-08-12T15:47:25,high_5_strategy,automated_swing_trading,Automated Swing Trading,HIGH5-PAPER-2026-08-12-U,HIGH5-PAPER-2026-08-12-U,U,BUY,LONG,44.075,44.075,44.075,high_5_entry_price,648.0,648.0,648.0,FILLED,FILLED,FILLED,PAPER,True,False,False,ENTRY_WINDOW_OPEN_1545_1554_ET,15:45,2,28571.42857142857,0.892857,Technology,floor((RESEARCH_ALLOCATION_USD * LEVERAGE) / entry_price),28571.42857142857,2026-08-12T15:47:25,,,,
2026-08-12,2026-08-12,2026-08-12,2026-08-12,2026-08-12T15:47:25,high_5_strategy,automated_swing_trading,Automated Swing Trading,HIGH5-PAPER-2026-08-12-TWST,HIGH5-PAPER-2026-08-12-TWST,TWST,BUY,LONG,123.73,123.73,123.73,high_5_entry_price,230.0,230.0,230.0,FILLED,FILLED,FILLED,PAPER,True,False,False,ENTRY_WINDOW_OPEN_1545_1554_ET,15:45,3,28571.42857142857,0.785714,Healthcare,floor((RESEARCH_ALLOCATION_USD * LEVERAGE) / entry_price),28571.42857142857,2026-08-12T15:47:25,,,,
2026-08-12,2026-08-12,2026-08-12,2026-08-12,2026-08-12T15:47:25,high_5_strategy,automated_swing_trading,Automated Swing Trading,HIGH5-PAPER-2026-08-12-AUGO,HIGH5-PAPER-2026-08-12-AUGO,AUGO,BUY,LONG,77.5,77.5,77.5,high_5_entry_price,368.0,368.0,368.0,FILLED,FILLED,FILLED,PAPER,True,False,False,ENTRY_WINDOW_OPEN_1545_1554_ET,15:45,4,28571.42857142857,0.75,Basic Materials,floor((RESEARCH_ALLOCATION_USD * LEVERAGE) / entry_price),28571.42857142857,2026-08-12T15:47:25,,,,
2026-08-12,2026-08-12,2026-08-12,2026-08-12,2026-08-12T15:47:25,high_5_strategy,automated_swing_trading,Automated Swing Trading,HIGH5-PAPER-2026-08-12-APPN,HIGH5-PAPER-2026-08-12-APPN,APPN,BUY,LONG,34.41,34.41,34.41,high_5_entry_price,830.0,830.0,830.0,FILLED,FILLED,FILLED,PAPER,True,False,False,ENTRY_WINDOW_OPEN_1545_1554_ET,15:45,5,28571.42857142857,0.714286,Technology,floor((RESEARCH_ALLOCATION_USD * LEVERAGE) / entry_price),28571.42857142857,2026-08-12T15:47:25,,,,
2026-08-11,2026-07-31,2026-07-31,2026-07-31,2026-08-12T15:55:26-04:00,high_5_strategy,automated_swing_trading,Automated Swing Trading,HIGH5-PAPER-2026-07-31-ATRC:SELL:2026-08-11,HIGH5-PAPER-2026-07-31-ATRC:SELL:2026-08-11,ATRC,SELL,LONG,37.86,42.95,42.95,high_5_time_exit_bar_close,754.0,754.0,754.0,FILLED,FILLED,CLOSED,PAPER,True,False,False,ENTRY_WINDOW_OPEN_1545_1554_ET,15:45,2,28571.42857142857,0.714286,Healthcare,floor((RESEARCH_ALLOCATION_USD * LEVERAGE) / entry_price),28571.42857142857,2026-08-12T15:55:26-04:00,TIME_EXIT,7.0,2026-08-11,HIGH5-PAPER-2026-07-31-ATRC
2026-08-11,2026-07-31,2026-07-31,2026-07-31,2026-08-12T15:55:26-04:00,high_5_strategy,automated_swing_trading,Automated Swing Trading,HIGH5-PAPER-2026-07-31-DYN:SELL:2026-08-11,HIGH5-PAPER-2026-07-31-DYN:SELL:2026-08-11,DYN,SELL,LONG,24.7,26.71,26.71,high_5_time_exit_bar_close,1156.0,1156.0,1156.0,FILLED,FILLED,CLOSED,PAPER,True,False,False,ENTRY_WINDOW_OPEN_1545_1554_ET,15:45,4,28571.42857142857,0.5,Healthcare,floor((RESEARCH_ALLOCATION_USD * LEVERAGE) / entry_price),28571.42857142857,2026-08-12T15:55:26-04:00,TIME_EXIT,7.0,2026-08-11,HIGH5-PAPER-2026-07-31-DYN
2026-08-11,2026-07-31,2026-07-31,2026-07-31,2026-08-12T15:55:26-04:00,high_5_strategy,automated_swing_trading,Automated Swing Trading,HIGH5-PAPER-2026-07-31-GCT:SELL:2026-08-11,HIGH5-PAPER-2026-07-31-GCT:SELL:2026-08-11,GCT,SELL,LONG,42.88,51.52,51.52,high_5_time_exit_bar_close,666.0,666.0,666.0,FILLED,FILLED,CLOSED,PAPER,True,False,False,ENTRY_WINDOW_OPEN_1545_1554_ET,15:45,3,28571.42857142857,0.642857,Technology,floor((RESEARCH_ALLOCATION_USD * LEVERAGE) / entry_price),28571.42857142857,2026-08-12T15:55:26-04:00,TIME_EXIT,7.0,2026-08-11,HIGH5-PAPER-2026-07-31-GCT
2026-08-11,2026-07-31,2026-07-31,2026-07-31,2026-08-12T15:55:26-04:00,high_5_strategy,automated_swing_trading,Automated Swing Trading,HIGH5-PAPER-2026-07-31-GM:SELL:2026-08-11,HIGH5-PAPER-2026-07-31-GM:SELL:2026-08-11,GM,SELL,LONG,88.82,89.35,89.35,high_5_time_exit_bar_close,321.0,321.0,321.0,FILLED,FILLED,CLOSED,PAPER,True,False,False,ENTRY_WINDOW_OPEN_1545_1554_ET,15:45,5,28571.42857142857,0.5,Consumer Cyclical,floor((RESEARCH_ALLOCATION_USD * LEVERAGE) / entry_price),28571.42857142857,2026-08-12T15:55:26-04:00,TIME_EXIT,7.0,2026-08-11,HIGH5-PAPER-2026-07-31-GM
2026-08-11,2026-07-31,2026-07-31,2026-07-31,2026-08-12T15:55:26-04:00,high_5_strategy,automated_swing_trading,Automated Swing Trading,HIGH5-PAPER-2026-07-31-RNG:SELL:2026-08-11,HIGH5-PAPER-2026-07-31-RNG:SELL:2026-08-11,RNG,SELL,LONG,56.0,63.45,63.45,high_5_time_exit_bar_close,510.0,510.0,510.0,FILLED,FILLED,CLOSED,PAPER,True,False,False,ENTRY_WINDOW_OPEN_1545_1554_ET,15:45,1,28571.42857142857,1.0,Technology,floor((RESEARCH_ALLOCATION_USD * LEVERAGE) / entry_price),28571.42857142857,2026-08-12T15:55:26-04:00,TIME_EXIT,7.0,2026-08-11,HIGH5-PAPER-2026-07-31-RNG
2026-08-13,2026-08-13,2026-08-13,2026-08-13,2026-08-13T15:45:12,high_5_strategy,automated_swing_trading,Automated Swing Trading,HIGH5-PAPER-2026-08-13-U,HIGH5-PAPER-2026-08-13-U,U,BUY,LONG,44.93,44.93,44.93,high_5_entry_price,635.0,635.0,635.0,FILLED,FILLED,FILLED,PAPER,True,False,False,ENTRY_WINDOW_OPEN_1545_1554_ET,15:45,1,28571.42857142857,1.0,Technology,floor((RESEARCH_ALLOCATION_USD * LEVERAGE) / entry_price),28571.42857142857,2026-08-13T15:45:12,,,,
2026-08-13,2026-08-13,2026-08-13,2026-08-13,2026-08-13T15:45:12,high_5_strategy,automated_swing_trading,Automated Swing Trading,HIGH5-PAPER-2026-08-13-CACI,HIGH5-PAPER-2026-08-13-CACI,CACI,BUY,LONG,674.75,674.75,674.75,high_5_entry_price,42.0,42.0,42.0,FILLED,FILLED,FILLED,PAPER,True,False,False,ENTRY_WINDOW_OPEN_1545_1554_ET,15:45,2,28571.42857142857,0.916667,Technology,floor((RESEARCH_ALLOCATION_USD * LEVERAGE) / entry_price),28571.42857142857,2026-08-13T15:45:12,,,,
2026-08-13,2026-08-13,2026-08-13,2026-08-13,2026-08-13T15:45:12,high_5_strategy,automated_swing_trading,Automated Swing Trading,HIGH5-PAPER-2026-08-13-CBLL,HIGH5-PAPER-2026-08-13-CBLL,CBLL,BUY,LONG,22.88,22.88,22.88,high_5_entry_price,1248.0,1248.0,1248.0,FILLED,FILLED,FILLED,PAPER,True,False,False,ENTRY_WINDOW_OPEN_1545_1554_ET,15:45,3,28571.42857142857,0.625,Healthcare,floor((RESEARCH_ALLOCATION_USD * LEVERAGE) / entry_price),28571.42857142857,2026-08-13T15:45:12,,,,
2026-08-13,2026-08-13,2026-08-13,2026-08-13,2026-08-13T15:45:12,high_5_strategy,automated_swing_trading,Automated Swing Trading,HIGH5-PAPER-2026-08-13-IMNM,HIGH5-PAPER-2026-08-13-IMNM,IMNM,BUY,LONG,26.645,26.645,26.645,high_5_entry_price,1072.0,1072.0,1072.0,FILLED,FILLED,FILLED,PAPER,True,False,False,ENTRY_WINDOW_OPEN_1545_1554_ET,15:45,4,28571.42857142857,0.583333,Healthcare,floor((RESEARCH_ALLOCATION_USD * LEVERAGE) / entry_price),28571.42857142857,2026-08-13T15:45:12,,,,
2026-08-13,2026-08-13,2026-08-13,2026-08-13,2026-08-13T15:45:12,high_5_strategy,automated_swing_trading,Automated Swing Trading,HIGH5-PAPER-2026-08-13-EGO,HIGH5-PAPER-2026-08-13-EGO,EGO,BUY,LONG,38.49,38.49,38.49,high_5_entry_price,742.0,742.0,742.0,FILLED,FILLED,FILLED,PAPER,True,False,False,ENTRY_WINDOW_OPEN_1545_1554_ET,15:45,5,28571.42857142857,0.583333,Basic Materials,floor((RESEARCH_ALLOCATION_USD * LEVERAGE) / entry_price),28571.42857142857,2026-08-13T15:45:12,,,,
2026-08-12,2026-08-03,2026-08-03,2026-08-03,2026-08-13T15:55:19-04:00,high_5_strategy,automated_swing_trading,Automated Swing Trading,HIGH5-PAPER-2026-08-03-ATRC:SELL:2026-08-12,HIGH5-PAPER-2026-08-03-ATRC:SELL:2026-08-12,ATRC,SELL,LONG,38.925,43.56,43.56,high_5_time_exit_bar_close,734.0,734.0,734.0,FILLED,FILLED,CLOSED,PAPER,True,False,False,ENTRY_WINDOW_OPEN_1545_1554_ET,15:45,2,28571.42857142857,0.642857,Healthcare,floor((RESEARCH_ALLOCATION_USD * LEVERAGE) / entry_price),28571.42857142857,2026-08-13T15:55:19-04:00,TIME_EXIT,7.0,2026-08-12,HIGH5-PAPER-2026-08-03-ATRC
2026-08-12,2026-08-03,2026-08-03,2026-08-03,2026-08-13T15:55:19-04:00,high_5_strategy,automated_swing_trading,Automated Swing Trading,HIGH5-PAPER-2026-08-03-GCT:SELL:2026-08-12,HIGH5-PAPER-2026-08-03-GCT:SELL:2026-08-12,GCT,SELL,LONG,43.7601,51.66,51.66,high_5_time_exit_bar_close,652.0,652.0,652.0,FILLED,FILLED,CLOSED,PAPER,True,False,False,ENTRY_WINDOW_OPEN_1545_1554_ET,15:45,3,28571.42857142857,0.642857,Technology,floor((RESEARCH_ALLOCATION_USD * LEVERAGE) / entry_price),28571.42857142857,2026-08-13T15:55:19-04:00,TIME_EXIT,7.0,2026-08-12,HIGH5-PAPER-2026-08-03-GCT
2026-08-12,2026-08-03,2026-08-03,2026-08-03,2026-08-13T15:55:19-04:00,high_5_strategy,automated_swing_trading,Automated Swing Trading,HIGH5-PAPER-2026-08-03-GKOS:SELL:2026-08-12,HIGH5-PAPER-2026-08-03-GKOS:SELL:2026-08-12,GKOS,SELL,LONG,171.155,186.63,186.63,high_5_time_exit_bar_close,166.0,166.0,166.0,FILLED,FILLED,CLOSED,PAPER,True,False,False,ENTRY_WINDOW_OPEN_1545_1554_ET,15:45,4,28571.42857142857,0.5,Healthcare,floor((RESEARCH_ALLOCATION_USD * LEVERAGE) / entry_price),28571.42857142857,2026-08-13T15:55:19-04:00,TIME_EXIT,7.0,2026-08-12,HIGH5-PAPER-2026-08-03-GKOS
2026-08-12,2026-08-03,2026-08-03,2026-08-03,2026-08-13T15:55:19-04:00,high_5_strategy,automated_swing_trading,Automated Swing Trading,HIGH5-PAPER-2026-08-03-REGN:SELL:2026-08-12,HIGH5-PAPER-2026-08-03-REGN:SELL:2026-08-12,REGN,SELL,LONG,764.285,797.99,797.99,high_5_time_exit_bar_close,37.0,37.0,37.0,FILLED,FILLED,CLOSED,PAPER,True,False,False,ENTRY_WINDOW_OPEN_1545_1554_ET,15:45,5,28571.42857142857,0.5,Healthcare,floor((RESEARCH_ALLOCATION_USD * LEVERAGE) / entry_price),28571.42857142857,2026-08-13T15:55:19-04:00,TIME_EXIT,7.0,2026-08-12,HIGH5-PAPER-2026-08-03-REGN
2026-08-12,2026-08-03,2026-08-03,2026-08-03,2026-08-13T15:55:19-04:00,high_5_strategy,automated_swing_trading,Automated Swing Trading,HIGH5-PAPER-2026-08-03-RNG:SELL:2026-08-12,HIGH5-PAPER-2026-08-03-RNG:SELL:2026-08-12,RNG,SELL,LONG,57.25,62.88,62.88,high_5_time_exit_bar_close,499.0,499.0,499.0,FILLED,FILLED,CLOSED,PAPER,True,False,False,ENTRY_WINDOW_OPEN_1545_1554_ET,15:45,1,28571.42857142857,1.0,Technology,floor((RESEARCH_ALLOCATION_USD * LEVERAGE) / entry_price),28571.42857142857,2026-08-13T15:55:19-04:00,TIME_EXIT,7.0,2026-08-12,HIGH5-PAPER-2026-08-03-RNG
2026-08-13,2026-08-04,2026-08-04,2026-08-04,2026-08-13T16:11:36-04:00,high_5_strategy,automated_swing_trading,Automated Swing Trading,HIGH5-PAPER-2026-08-04-CAKE:SELL:2026-08-13,HIGH5-PAPER-2026-08-04-CAKE:SELL:2026-08-13,CAKE,SELL,LONG,105.45,111.97,111.97,high_5_time_exit_bar_close,270.0,270.0,270.0,FILLED,FILLED,CLOSED,PAPER,True,False,False,ENTRY_WINDOW_OPEN_1545_1554_ET,15:45,2,28571.42857142857,0.8125,Consumer Cyclical,floor((RESEARCH_ALLOCATION_USD * LEVERAGE) / entry_price),28571.42857142857,2026-08-13T16:11:36-04:00,TIME_EXIT,7.0,2026-08-13,HIGH5-PAPER-2026-08-04-CAKE
2026-08-13,2026-08-04,2026-08-04,2026-08-04,2026-08-13T16:11:36-04:00,high_5_strategy,automated_swing_trading,Automated Swing Trading,HIGH5-PAPER-2026-08-04-GCT:SELL:2026-08-13,HIGH5-PAPER-2026-08-04-GCT:SELL:2026-08-13,GCT,SELL,LONG,46.375,53.24,53.24,high_5_time_exit_bar_close,616.0,616.0,616.0,FILLED,FILLED,CLOSED,PAPER,True,False,False,ENTRY_WINDOW_OPEN_1545_1554_ET,15:45,3,28571.42857142857,0.75,Technology,floor((RESEARCH_ALLOCATION_USD * LEVERAGE) / entry_price),28571.42857142857,2026-08-13T16:11:36-04:00,TIME_EXIT,7.0,2026-08-13,HIGH5-PAPER-2026-08-04-GCT
2026-08-13,2026-08-04,2026-08-04,2026-08-04,2026-08-13T16:11:36-04:00,high_5_strategy,automated_swing_trading,Automated Swing Trading,HIGH5-PAPER-2026-08-04-GTES:SELL:2026-08-13,HIGH5-PAPER-2026-08-04-GTES:SELL:2026-08-13,GTES,SELL,LONG,30.115,27.75,27.75,high_5_time_exit_bar_close,948.0,948.0,948.0,FILLED,FILLED,CLOSED,PAPER,True,False,False,ENTRY_WINDOW_OPEN_1545_1554_ET,15:45,4,28571.42857142857,0.5,Industrials,floor((RESEARCH_ALLOCATION_USD * LEVERAGE) / entry_price),28571.42857142857,2026-08-13T16:11:36-04:00,TIME_EXIT,7.0,2026-08-13,HIGH5-PAPER-2026-08-04-GTES
2026-08-13,2026-08-04,2026-08-04,2026-08-04,2026-08-13T16:11:36-04:00,high_5_strategy,automated_swing_trading,Automated Swing Trading,HIGH5-PAPER-2026-08-04-HNI:SELL:2026-08-13,HIGH5-PAPER-2026-08-04-HNI:SELL:2026-08-13,HNI,SELL,LONG,48.16,49.505,49.505,high_5_time_exit_bar_close,593.0,593.0,593.0,FILLED,FILLED,CLOSED,PAPER,True,False,False,ENTRY_WINDOW_OPEN_1545_1554_ET,15:45,5,28571.42857142857,0.5,Consumer Cyclical,floor((RESEARCH_ALLOCATION_USD * LEVERAGE) / entry_price),28571.42857142857,2026-08-13T16:11:36-04:00,TIME_EXIT,7.0,2026-08-13,HIGH5-PAPER-2026-08-04-HNI
2026-08-13,2026-08-04,2026-08-04,2026-08-04,2026-08-13T16:11:36-04:00,high_5_strategy,automated_swing_trading,Automated Swing Trading,HIGH5-PAPER-2026-08-04-WHD:SELL:2026-08-13,HIGH5-PAPER-2026-08-04-WHD:SELL:2026-08-13,WHD,SELL,LONG,66.32,72.07,72.07,high_5_time_exit_bar_close,430.0,430.0,430.0,FILLED,FILLED,CLOSED,PAPER,True,False,False,ENTRY_WINDOW_OPEN_1545_1554_ET,15:45,1,28571.42857142857,0.875,Industrials,floor((RESEARCH_ALLOCATION_USD * LEVERAGE) / entry_price),28571.42857142857,2026-08-13T16:11:36-04:00,TIME_EXIT,7.0,2026-08-13,HIGH5-PAPER-2026-08-04-WHD
2026-08-14,2026-08-14,2026-08-14,2026-08-14,2026-08-14T15:45:13,high_5_strategy,automated_swing_trading,Automated Swing Trading,HIGH5-PAPER-2026-08-14-NIQ,HIGH5-PAPER-2026-08-14-NIQ,NIQ,BUY,LONG,17.3,17.3,17.3,high_5_entry_price,1651.0,1651.0,1651.0,FILLED,FILLED,FILLED,PAPER,True,False,False,ENTRY_WINDOW_OPEN_1545_1554_ET,15:45,1,28571.42857142857,0.966667,Technology,floor((RESEARCH_ALLOCATION_USD * LEVERAGE) / entry_price),28571.42857142857,2026-08-14T15:45:13,,,,
2026-08-14,2026-08-14,2026-08-14,2026-08-14,2026-08-14T15:45:13,high_5_strategy,automated_swing_trading,Automated Swing Trading,HIGH5-PAPER-2026-08-14-U,HIGH5-PAPER-2026-08-14-U,U,BUY,LONG,46.225,46.225,46.225,high_5_entry_price,618.0,618.0,618.0,FILLED,FILLED,FILLED,PAPER,True,False,False,ENTRY_WINDOW_OPEN_1545_1554_ET,15:45,2,28571.42857142857,0.933333,Technology,floor((RESEARCH_ALLOCATION_USD * LEVERAGE) / entry_price),28571.42857142857,2026-08-14T15:45:13,,,,
2026-08-14,2026-08-14,2026-08-14,2026-08-14,2026-08-14T15:45:13,high_5_strategy,automated_swing_trading,Automated Swing Trading,HIGH5-PAPER-2026-08-14-NBIS,HIGH5-PAPER-2026-08-14-NBIS,NBIS,BUY,LONG,276.97,276.97,276.97,high_5_entry_price,103.0,103.0,103.0,FILLED,FILLED,FILLED,PAPER,True,False,False,ENTRY_WINDOW_OPEN_1545_1554_ET,15:45,3,28571.42857142857,0.9,Unknown,floor((RESEARCH_ALLOCATION_USD * LEVERAGE) / entry_price),28571.42857142857,2026-08-14T15:45:13,,,,
2026-08-14,2026-08-14,2026-08-14,2026-08-14,2026-08-14T15:45:13,high_5_strategy,automated_swing_trading,Automated Swing Trading,HIGH5-PAPER-2026-08-14-TXG,HIGH5-PAPER-2026-08-14-TXG,TXG,BUY,LONG,56.89,56.89,56.89,high_5_entry_price,502.0,502.0,502.0,FILLED,FILLED,FILLED,PAPER,True,False,False,ENTRY_WINDOW_OPEN_1545_1554_ET,15:45,4,28571.42857142857,0.7,Technology,floor((RESEARCH_ALLOCATION_USD * LEVERAGE) / entry_price),28571.42857142857,2026-08-14T15:45:13,,,,
2026-08-14,2026-08-14,2026-08-14,2026-08-14,2026-08-14T15:45:13,high_5_strategy,automated_swing_trading,Automated Swing Trading,HIGH5-PAPER-2026-08-14-HP,HIGH5-PAPER-2026-08-14-HP,HP,BUY,LONG,44.45,44.45,44.45,high_5_entry_price,642.0,642.0,642.0,FILLED,FILLED,FILLED,PAPER,True,False,False,ENTRY_WINDOW_OPEN_1545_1554_ET,15:45,5,28571.42857142857,0.6,Energy,floor((RESEARCH_ALLOCATION_USD * LEVERAGE) / entry_price),28571.42857142857,2026-08-14T15:45:13,,,,
2026-08-17,2026-08-17,2026-08-17,2026-08-17,2026-08-17T15:45:19,high_5_strategy,automated_swing_trading,Automated Swing Trading,HIGH5-PAPER-2026-08-17-NBIS,HIGH5-PAPER-2026-08-17-NBIS,NBIS,BUY,LONG,276.17,276.17,276.17,high_5_entry_price,103.0,103.0,103.0,FILLED,FILLED,FILLED,PAPER,True,False,False,ENTRY_WINDOW_OPEN_1545_1554_ET,15:45,1,28571.42857142857,0.961538,Unknown,floor((RESEARCH_ALLOCATION_USD * LEVERAGE) / entry_price),28571.42857142857,2026-08-17T15:45:19,,,,
2026-08-17,2026-08-17,2026-08-17,2026-08-17,2026-08-17T15:45:19,high_5_strategy,automated_swing_trading,Automated Swing Trading,HIGH5-PAPER-2026-08-17-U,HIGH5-PAPER-2026-08-17-U,U,BUY,LONG,45.235,45.235,45.235,high_5_entry_price,631.0,631.0,631.0,FILLED,FILLED,FILLED,PAPER,True,False,False,ENTRY_WINDOW_OPEN_1545_1554_ET,15:45,2,28571.42857142857,0.961538,Technology,floor((RESEARCH_ALLOCATION_USD * LEVERAGE) / entry_price),28571.42857142857,2026-08-17T15:45:19,,,,
2026-08-17,2026-08-17,2026-08-17,2026-08-17,2026-08-17T15:45:19,high_5_strategy,automated_swing_trading,Automated Swing Trading,HIGH5-PAPER-2026-08-17-TXG,HIGH5-PAPER-2026-08-17-TXG,TXG,BUY,LONG,58.6175,58.6175,58.6175,high_5_entry_price,487.0,487.0,487.0,FILLED,FILLED,FILLED,PAPER,True,False,False,ENTRY_WINDOW_OPEN_1545_1554_ET,15:45,3,28571.42857142857,0.846154,Technology,floor((RESEARCH_ALLOCATION_USD * LEVERAGE) / entry_price),28571.42857142857,2026-08-17T15:45:19,,,,
2026-08-17,2026-08-17,2026-08-17,2026-08-17,2026-08-17T15:45:19,high_5_strategy,automated_swing_trading,Automated Swing Trading,HIGH5-PAPER-2026-08-17-CBLL,HIGH5-PAPER-2026-08-17-CBLL,CBLL,BUY,LONG,23.9721,23.9721,23.9721,high_5_entry_price,1191.0,1191.0,1191.0,FILLED,FILLED,FILLED,PAPER,True,False,False,ENTRY_WINDOW_OPEN_1545_1554_ET,15:45,4,28571.42857142857,0.692308,Healthcare,floor((RESEARCH_ALLOCATION_USD * LEVERAGE) / entry_price),28571.42857142857,2026-08-17T15:45:19,,,,
2026-08-17,2026-08-17,2026-08-17,2026-08-17,2026-08-17T15:45:19,high_5_strategy,automated_swing_trading,Automated Swing Trading,HIGH5-PAPER-2026-08-17-HP,HIGH5-PAPER-2026-08-17-HP,HP,BUY,LONG,44.21,44.21,44.21,high_5_entry_price,646.0,646.0,646.0,FILLED,FILLED,FILLED,PAPER,True,False,False,ENTRY_WINDOW_OPEN_1545_1554_ET,15:45,5,28571.42857142857,0.653846,Energy,floor((RESEARCH_ALLOCATION_USD * LEVERAGE) / entry_price),28571.42857142857,2026-08-17T15:45:19,,,,
2026-08-14,2026-08-05,2026-08-05,2026-08-05,2026-08-17T15:55:27-04:00,high_5_strategy,automated_swing_trading,Automated Swing Trading,HIGH5-PAPER-2026-08-05-CAKE:SELL:2026-08-14,HIGH5-PAPER-2026-08-05-CAKE:SELL:2026-08-14,CAKE,SELL,LONG,106.08,113.38,113.38,high_5_time_exit_bar_close,269.0,269.0,269.0,FILLED,FILLED,CLOSED,PAPER,True,False,False,ENTRY_WINDOW_OPEN_1545_1554_ET,15:45,1,28571.42857142857,0.909091,Consumer Cyclical,floor((RESEARCH_ALLOCATION_USD * LEVERAGE) / entry_price),28571.42857142857,2026-08-17T15:55:27-04:00,TIME_EXIT,7.0,2026-08-14,HIGH5-PAPER-2026-08-05-CAKE
2026-08-14,2026-08-05,2026-08-05,2026-08-05,2026-08-17T15:55:27-04:00,high_5_strategy,automated_swing_trading,Automated Swing Trading,HIGH5-PAPER-2026-08-05-GTES:SELL:2026-08-14,HIGH5-PAPER-2026-08-05-GTES:SELL:2026-08-14,GTES,SELL,LONG,29.611,27.76,27.76,high_5_time_exit_bar_close,964.0,964.0,964.0,FILLED,FILLED,CLOSED,PAPER,True,False,False,ENTRY_WINDOW_OPEN_1545_1554_ET,15:45,5,28571.42857142857,0.590909,Industrials,floor((RESEARCH_ALLOCATION_USD * LEVERAGE) / entry_price),28571.42857142857,2026-08-17T15:55:27-04:00,TIME_EXIT,7.0,2026-08-14,HIGH5-PAPER-2026-08-05-GTES
2026-08-14,2026-08-05,2026-08-05,2026-08-05,2026-08-17T15:55:27-04:00,high_5_strategy,automated_swing_trading,Automated Swing Trading,HIGH5-PAPER-2026-08-05-HNI:SELL:2026-08-14,HIGH5-PAPER-2026-08-05-HNI:SELL:2026-08-14,HNI,SELL,LONG,48.86,48.86,48.86,high_5_time_exit_bar_close,584.0,584.0,584.0,FILLED,FILLED,CLOSED,PAPER,True,False,False,ENTRY_WINDOW_OPEN_1545_1554_ET,15:45,3,28571.42857142857,0.681818,Consumer Cyclical,floor((RESEARCH_ALLOCATION_USD * LEVERAGE) / entry_price),28571.42857142857,2026-08-17T15:55:27-04:00,TIME_EXIT,7.0,2026-08-14,HIGH5-PAPER-2026-08-05-HNI
2026-08-14,2026-08-05,2026-08-05,2026-08-05,2026-08-17T15:55:27-04:00,high_5_strategy,automated_swing_trading,Automated Swing Trading,HIGH5-PAPER-2026-08-05-MHK:SELL:2026-08-14,HIGH5-PAPER-2026-08-05-MHK:SELL:2026-08-14,MHK,SELL,LONG,137.13,140.1,140.1,high_5_time_exit_bar_close,208.0,208.0,208.0,FILLED,FILLED,CLOSED,PAPER,True,False,False,ENTRY_WINDOW_OPEN_1545_1554_ET,15:45,4,28571.42857142857,0.590909,Consumer Cyclical,floor((RESEARCH_ALLOCATION_USD * LEVERAGE) / entry_price),28571.42857142857,2026-08-17T15:55:27-04:00,TIME_EXIT,7.0,2026-08-14,HIGH5-PAPER-2026-08-05-MHK
2026-08-14,2026-08-05,2026-08-05,2026-08-05,2026-08-17T15:55:27-04:00,high_5_strategy,automated_swing_trading,Automated Swing Trading,HIGH5-PAPER-2026-08-05-WHD:SELL:2026-08-14,HIGH5-PAPER-2026-08-05-WHD:SELL:2026-08-14,WHD,SELL,LONG,66.32,73.28,73.28,high_5_time_exit_bar_close,430.0,430.0,430.0,FILLED,FILLED,CLOSED,PAPER,True,False,False,ENTRY_WINDOW_OPEN_1545_1554_ET,15:45,2,28571.42857142857,0.818182,Industrials,floor((RESEARCH_ALLOCATION_USD * LEVERAGE) / entry_price),28571.42857142857,2026-08-17T15:55:27-04:00,TIME_EXIT,7.0,2026-08-14,HIGH5-PAPER-2026-08-05-WHD
2026-08-18,2026-08-18,2026-08-18,2026-08-18,2026-08-18T15:45:20,high_5_strategy,automated_swing_trading,Automated Swing Trading,HIGH5-PAPER-2026-08-18-NIQ,HIGH5-PAPER-2026-08-18-NIQ,NIQ,BUY,LONG,17.51,17.51,17.51,high_5_entry_price,1631.0,1631.0,1631.0,FILLED,FILLED,FILLED,PAPER,True,False,False,ENTRY_WINDOW_OPEN_1545_1554_ET,15:45,1,28571.428571428572,1.0,Technology,floor((RESEARCH_ALLOCATION_USD * LEVERAGE) / entry_price),28571.428571428572,2026-08-18T15:45:20,,,,
2026-08-18,2026-08-18,2026-08-18,2026-08-18,2026-08-18T15:45:20,high_5_strategy,automated_swing_trading,Automated Swing Trading,HIGH5-PAPER-2026-08-18-CBLL,HIGH5-PAPER-2026-08-18-CBLL,CBLL,BUY,LONG,24.62,24.62,24.62,high_5_entry_price,1160.0,1160.0,1160.0,FILLED,FILLED,FILLED,PAPER,True,False,False,ENTRY_WINDOW_OPEN_1545_1554_ET,15:45,2,28571.428571428572,0.818182,Healthcare,floor((RESEARCH_ALLOCATION_USD * LEVERAGE) / entry_price),28571.428571428572,2026-08-18T15:45:20,,,,
2026-08-18,2026-08-18,2026-08-18,2026-08-18,2026-08-18T15:45:20,high_5_strategy,automated_swing_trading,Automated Swing Trading,HIGH5-PAPER-2026-08-18-HP,HIGH5-PAPER-2026-08-18-HP,HP,BUY,LONG,44.45,44.45,44.45,high_5_entry_price,642.0,642.0,642.0,FILLED,FILLED,FILLED,PAPER,True,False,False,ENTRY_WINDOW_OPEN_1545_1554_ET,15:45,3,28571.428571428572,0.727273,Energy,floor((RESEARCH_ALLOCATION_USD * LEVERAGE) / entry_price),28571.428571428572,2026-08-18T15:45:20,,,,
2026-08-18,2026-08-18,2026-08-18,2026-08-18,2026-08-18T15:45:20,high_5_strategy,automated_swing_trading,Automated Swing Trading,HIGH5-PAPER-2026-08-18-CLMT,HIGH5-PAPER-2026-08-18-CLMT,CLMT,BUY,LONG,50.155,50.155,50.155,high_5_entry_price,569.0,569.0,569.0,FILLED,FILLED,FILLED,PAPER,True,False,False,ENTRY_WINDOW_OPEN_1545_1554_ET,15:45,4,28571.428571428572,0.681818,Basic Materials,floor((RESEARCH_ALLOCATION_USD * LEVERAGE) / entry_price),28571.428571428572,2026-08-18T15:45:20,,,,
2026-08-18,2026-08-18,2026-08-18,2026-08-18,2026-08-18T15:45:20,high_5_strategy,automated_swing_trading,Automated Swing Trading,HIGH5-PAPER-2026-08-18-KGS,HIGH5-PAPER-2026-08-18-KGS,KGS,BUY,LONG,64.62,64.62,64.62,high_5_entry_price,442.0,442.0,442.0,FILLED,FILLED,FILLED,PAPER,True,False,False,ENTRY_WINDOW_OPEN_1545_1554_ET,15:45,5,28571.428571428572,0.454545,Energy,floor((RESEARCH_ALLOCATION_USD * LEVERAGE) / entry_price),28571.428571428572,2026-08-18T15:45:20,,,,
2026-08-17,2026-08-06,2026-08-06,2026-08-06,2026-08-18T15:55:14-04:00,high_5_strategy,automated_swing_trading,Automated Swing Trading,HIGH5-PAPER-2026-08-06-AMLX:SELL:2026-08-17,HIGH5-PAPER-2026-08-06-AMLX:SELL:2026-08-17,AMLX,SELL,LONG,23.895,21.43,21.43,high_5_time_exit_bar_close,1195.0,1195.0,1195.0,FILLED,FILLED,CLOSED,PAPER,True,False,False,ENTRY_WINDOW_OPEN_1545_1554_ET,15:45,3,28571.42857142857,0.6875,Healthcare,floor((RESEARCH_ALLOCATION_USD * LEVERAGE) / entry_price),28571.42857142857,2026-08-18T15:55:14-04:00,TIME_EXIT,7,2026-08-17,HIGH5-PAPER-2026-08-06-AMLX
2026-08-17,2026-08-06,2026-08-06,2026-08-06,2026-08-18T15:55:14-04:00,high_5_strategy,automated_swing_trading,Automated Swing Trading,HIGH5-PAPER-2026-08-06-CAKE:SELL:2026-08-17,HIGH5-PAPER-2026-08-06-CAKE:SELL:2026-08-17,CAKE,SELL,LONG,106.8,109.07,109.07,high_5_time_exit_bar_close,267.0,267.0,267.0,FILLED,FILLED,CLOSED,PAPER,True,False,False,ENTRY_WINDOW_OPEN_1545_1554_ET,15:45,1,28571.42857142857,0.8125,Consumer Cyclical,floor((RESEARCH_ALLOCATION_USD * LEVERAGE) / entry_price),28571.42857142857,2026-08-18T15:55:14-04:00,TIME_EXIT,7,2026-08-17,HIGH5-PAPER-2026-08-06-CAKE
2026-08-17,2026-08-06,2026-08-06,2026-08-06,2026-08-18T15:55:14-04:00,high_5_strategy,automated_swing_trading,Automated Swing Trading,HIGH5-PAPER-2026-08-06-GCT:SELL:2026-08-17,HIGH5-PAPER-2026-08-06-GCT:SELL:2026-08-17,GCT,SELL,LONG,54.09,50.28,50.28,high_5_time_exit_bar_close,528.0,528.0,528.0,FILLED,FILLED,CLOSED,PAPER,True,False,False,ENTRY_WINDOW_OPEN_1545_1554_ET,15:45,5,28571.42857142857,0.5625,Technology,floor((RESEARCH_ALLOCATION_USD * LEVERAGE) / entry_price),28571.42857142857,2026-08-18T15:55:14-04:00,TIME_EXIT,7,2026-08-17,HIGH5-PAPER-2026-08-06-GCT
2026-08-17,2026-08-06,2026-08-06,2026-08-06,2026-08-18T15:55:14-04:00,high_5_strategy,automated_swing_trading,Automated Swing Trading,HIGH5-PAPER-2026-08-06-TWST:SELL:2026-08-17,HIGH5-PAPER-2026-08-06-TWST:SELL:2026-08-17,TWST,SELL,LONG,110.71,124.41,124.41,high_5_time_exit_bar_close,258.0,258.0,258.0,FILLED,FILLED,CLOSED,PAPER,True,False,False,ENTRY_WINDOW_OPEN_1545_1554_ET,15:45,4,28571.42857142857,0.625,Healthcare,floor((RESEARCH_ALLOCATION_USD * LEVERAGE) / entry_price),28571.42857142857,2026-08-18T15:55:14-04:00,TIME_EXIT,7,2026-08-17,HIGH5-PAPER-2026-08-06-TWST
2026-08-17,2026-08-06,2026-08-06,2026-08-06,2026-08-18T15:55:14-04:00,high_5_strategy,automated_swing_trading,Automated Swing Trading,HIGH5-PAPER-2026-08-06-WHD:SELL:2026-08-17,HIGH5-PAPER-2026-08-06-WHD:SELL:2026-08-17,WHD,SELL,LONG,68.17,73.45,73.45,high_5_time_exit_bar_close,419.0,419.0,419.0,FILLED,FILLED,CLOSED,PAPER,True,False,False,ENTRY_WINDOW_OPEN_1545_1554_ET,15:45,2,28571.42857142857,0.75,Industrials,floor((RESEARCH_ALLOCATION_USD * LEVERAGE) / entry_price),28571.42857142857,2026-08-18T15:55:14-04:00,TIME_EXIT,7,2026-08-17,HIGH5-PAPER-2026-08-06-WHD
